Height (cm),Weight (kg),Abdomen Circumference,Ankle Circumference Left,Arm Length Left,Arm Volume Left,Bicep Circumference Left,Calf Circumference Left,Chest,Collar Circumference,Forearm Circumference Left,Head Circumference,Hip Circumference,Horizontal Waist,Inseam Left,Leg Volume Left,MidThigh Circumference Left,Narrow Waist,Outside Leg Length Left,Seat Circumference,Surface Area Arm Left,Surface Area Leg Left,Surface Area Torso,Surface Area Total,Thigh Circumference Left,Torso Volume,Upper Arm Circumference Left,Volume,Waist Circumference,Ankle Circumference Right,Arm Length Right,Arm Volume Right,Bicep Circumference Right,Calf Circumference Right,Forearm Circumference Right,Inseam Right,Leg Volume Right,MidThigh Circumference Right,Outside Leg Length Right,1  Surface Area Arm Right,1  Surface Area Leg Right,1  Thigh Circumference Right,Upper Arm Circumference Right,ALM_scaled,BMD_scaled,BFP_scaled,Age_scaled
0.2927809734475841,0.2106899452035286,0.02877237744815701,0.7262104035330652,0.7243634493433289,0.6130321310927676,0.17635942586404516,0.8317226216723168,0.14795552579402743,-0.28130031888565254,0.6765075508494911,2.5382046604111568,0.6588153214791682,-0.23543986880895243,0.7318521637038055,0.9471594405759165,0.9798417945989265,-0.2587673405348343,0.7370588847883709,0.6683279040521823,0.7993582963188404,0.7619817733942553,0.12598336058108514,0.5483868180766841,0.8295463345904102,0.0032707901747877272,-0.08197000107509604,0.2774145836319927,-0.14763681839086157,1.3423881043301764,0.7252798776339444,0.7679338072206574,0.44731312977615784,0.7195217028668761,0.680196299171364,0.7267713406042089,0.9263384703492865,0.8974111296720532,0.6779313984523173,0.7714610435195167,0.7355067592636898,0.7746818011296622,0.3256244626678264,0.1866602156540118,0.5493365702633219,0.4164342761448845,-0.43347999199960885
0.02614858754489502,-0.05844272560213615,0.5302674307284665,0.031885038603093864,0.25064052853550806,-0.14984865791202648,0.007530067774104712,-0.36765169332005126,0.5952761599789246,-0.24085276256379728,-0.08427991949883235,-0.6898840112448943,0.2305591600562061,0.5412320157369545,0.02877993465717706,-0.2949977769568532,-0.07955977215844841,0.6300094886581351,-0.13694640160632984,0.34260516234369254,0.325245569166759,-0.09216572029699298,0.01354229628701256,0.03112629832777672,0.049561002412968125,0.14404116692536625,0.12119811370526351,0.0205641929029388,0.6544056027300471,0.01653368307499082,0.3537258244712785,-0.31618096502693366,0.07769744033112447,-0.3398191265235974,-0.19865238022327142,0.050319395372767875,-0.24189031688440882,0.023058899156012346,-0.31134617172395734,0.2483576618266811,-0.054847938005089206,0.07920119904093417,-0.027193740354683665,-0.6951338707776843,-0.49928119166017726,1.5164243088203175,2.091884214785442
1.0609361804529536,1.4083303302887382,0.8635454522917185,0.3811517373254434,0.6458024342839888,0.15628460527361202,0.5377730265992946,0.3178527643005872,1.1882225777960003,2.0594723636381196,1.2100973978002776,0.8070674922542144,0.829446011677493,1.4045057123013291,1.2481915984573326,0.8879345294154055,1.0503716175059035,1.8538564761640295,0.846657847375591,0.6619477678743874,0.25774719857060846,0.9248129195370631,1.5049035908672004,1.2105563441912062,0.9101938745966819,1.6030929215323684,0.7603140051398388,1.4547168892187974,0.8878382624300306,0.5538651289214088,1.3879574595099462,1.7773568838181497,1.106805083278336,0.6307082797967659,1.5927508228041456,1.2696605736632325,1.0082518180777122,1.1125120562389723,0.893799099124286,1.2384325391200246,1.2235883409952588,0.9663406469197906,1.2849038057116149,1.082909942846883,0.8406192819087388,0.6233699141163003,0.9807239638000198
-0.7547033997415543,0.1658345000692511,0.6609275641822419,0.5368489403703463,-0.46347909835389356,0.8713607138410961,1.068015985424484,0.6569861912984291,0.6451718468011052,0.2559261984148847,0.8894241807763258,2.507592155227128,0.4498934921418487,1.1200004636631942,-0.2157669276199119,0.47187000462344453,0.68608871774925,1.019415348319101,0.09200397362883793,0.46114137659430776,0.22307419451382188,0.19350480901141767,0.019121118773957304,0.13311213920086562,0.658832563774215,0.2312073699607337,0.8705347637656204,0.35144202942800473,0.7567939969156953,1.154540525700941,-0.4977886408944544,0.5305855865156208,0.9642122284670546,0.8896582603144357,0.4305233788887971,-0.2187995022880712,0.5560203558652144,0.7028659230500957,-0.1321527685855057,0.09965767361461808,0.21428658748015283,0.707543822215157,0.7311020989772772,-0.4927549001212294,-1.198359699609177,2.147513954414844,-0.9385528333566191
-0.9070647631145184,-0.9017250941265536,-0.8956954073653635,-0.5715468240087703,-0.9095485418608263,-1.4201724759768266,-1.084855266279197,-0.7371830555426994,-0.7352561491990588,-1.3418559879812713,-1.4256546880378902,-0.6807002596896846,-0.9495468772327631,-0.8121347522220735,-0.7121704768617192,-0.937652993874273,-0.8724022350220334,-0.6657029324164196,-0.9970196164857067,-0.9165650818403205,-1.304334960473508,-1.010494258341102,-1.029788910881829,-1.0749197159926855,-0.9543537036213035,-0.9484557824874595,-0.9698228880950187,-1.0043711047615687,-0.8285518373336547,0.00517545739043248,-0.7062086085979358,-1.1245072833935834,-1.1771196820081546,-0.5202280798925196,-1.3146903338863452,-0.6755706880956271,-0.8166714761569924,-0.8316185708412795,-0.7801272558928937,-1.193442746195235,-0.8789815715013207,-0.8167752135839348,-1.08863238397514,-0.8830572006729638,-1.0818466149510102,0.34927036519455396,-0.888045549220918
0.7117747227232408,-0.29169104030037935,-0.6728157304449384,0.34033382193259004,0.18119259122305142,-0.7410487569234784,-0.39715135840127946,0.09679567072699345,-0.6655762423694792,0.2855877397175786,-0.4820705012645769,-0.18998180158967187,-0.5067803893992352,-0.7453537774613538,0.609711638468673,-0.11850674190229576,-0.3068548509287683,-0.7624722291029319,0.5298425411171092,-0.41058670327707103,-0.0653241415927173,0.10170460728869125,-0.2722828068042786,-0.04629026891269531,-0.5255678047850398,-0.48178244560993344,-0.3923977197718894,-0.43220425244320204,-0.6849505046078723,0.67836875661753,0.29427717596525255,-0.30121084397614023,-0.30711564548195264,-0.015168613758880116,-0.4278521210426677,0.6645749731448146,-0.16864430409739462,-0.4045000756991868,0.5912129328920496,0.17754298634581425,0.1010763557253653,-0.6626447765203762,0.15711427614961262,0.6636963607727977,-0.09148539535659371,-1.8999250469859432,-0.6355091285424129
-0.3293612603253576,-0.22440787259896305,0.4999694287681716,-0.012299302801539303,-0.300857797181059,-0.10057833609331557,0.47159870533791093,-0.21772990394600508,-0.15170868634151066,-0.037577864125756553,-0.279020739553864,-0.9057021727923134,0.2688502991951999,0.5479406068088075,-0.37326042316249364,-0.31173667025297375,-0.28315101353941363,-0.08314659153491415,-0.48478378710560294,0.32212156724656127,-0.3757540650642607,-0.1297719109269753,-0.010675145682147292,-0.15691975560181404,-0.12233010475368337,-0.0017025345128077588,0.3630257483021305,-0.07750957468050176,0.7078536323992847,-0.385372764224768,-0.5074053340351351,-0.29292161721853277,0.3159776056078722,0.12671885490493404,-0.4283514668832325,-0.39090269856994087,-0.20341798410165932,-0.16120844749346436,-0.49007534324806246,-0.5684324513448121,-0.11828138667570226,-0.04531966783468814,0.11761970118440607,-0.680678230016509,-0.8488204456346767,0.8464370641865755,1.8898550782426382
-0.41823872229292125,-0.031529458521569576,0.05244269147963797,0.49687263148043787,0.13437022624768444,-0.07558398983133506,0.13309160042390988,0.18137223880145498,-0.011304544353514178,0.02257491194264328,0.4077652191735474,0.9295175129903372,0.4371297790955165,-0.20189691344968688,-0.41844843032239093,0.27765422217746893,0.5821117623296854,-0.4214510177852215,-0.3199209408409271,0.47725961535926453,0.3645674676222214,0.019456546876058488,0.014390441993514698,0.07399794478119297,0.6164484551577805,-0.14121790745935248,-0.010408762265819566,-0.06005173191605328,-0.07680208027500486,0.5123639196893689,-0.2154075604908279,-0.2748142860408311,0.10208832339094946,0.2305128553603641,0.4030593576577149,-0.3895737163592694,0.2820145420386724,0.603023854745997,-0.38376630356229574,0.20684667770713439,0.0223853760296027,0.5996639928482579,-0.06054471476974701,-0.08799695880832,0.7823627395796554,0.28376010884086283,-0.5344945602710109
0.819697355112424,-0.5025116324314834,-1.1190800509851266,-0.5151591883114272,0.5900241135918567,0.10624636994239242,-1.0232622441820631,-0.6468164045682743,-0.3678266321701411,-0.7853390976656939,-0.3114775428963692,1.0182937780240264,-0.8550282232528249,-1.0752334966218409,1.6017213015318188,-0.1959998409482601,-0.6714285953159663,-0.844169837201238,1.3375311670988645,-0.8397348103940291,0.16079092981362048,0.30601374909228635,-0.24179073349186844,0.13771450669457255,-0.7198283026103649,-0.5565085370305456,-1.0295395080668979,-0.40890322640304233,-1.1325616542836197,-0.19097236308521026,0.9761881441226158,0.49161509708259493,-0.6652863821066062,-0.6854424476277615,-0.02138460682264869,1.5799779198548651,-0.20176523472197078,-0.7771459129871323,1.4754813119027337,0.6445299538002613,0.3445983851325301,-0.7568674785525297,-0.8056756957799731,0.1866602156540118,-0.32451156467292713,-1.5023544999523764,-0.736523696813815
1.010149059328631,0.2734875683915174,0.3696248995014823,-0.22901297730998485,0.9113386651845579,0.5984665457587292,-0.01028609564242172,0.3581765559253306,-0.3666662673603232,-0.8029700837547079,-0.0946660965684338,1.237173190089846,0.7034883171413276,-0.27416673545101317,1.5532106467866362,1.1531595891183315,0.973297790411681,-0.49163463202644264,1.828404486822137,0.6726932603843578,0.381449510422539,1.0798469737603313,0.06303118654020726,0.6549157014893546,1.109163717823833,0.035665242922202814,0.120375570730445,0.3333155788825761,-0.15150053137899935,-0.02278325198694213,1.1221870308947695,0.4428131213680971,0.034544339532974006,0.2936452886270694,0.1583798957807992,1.5779844465388588,1.1958952164012124,0.9458638981137479,1.7660903024847843,0.7089702254580746,1.2113150392984742,1.165459268144864,0.4844804197500997,0.31676098250458967,1.364928162870489,0.2646924274893949,1.1322458162071227
-0.18969667723347325,-0.6146502452671773,-0.42897993550197583,-0.5921661833309328,-0.12456687938789986,-1.2659184684367089,-0.9801640964887516,-0.3033404153954606,-0.9610631411896717,-0.9514852136339301,-1.3726851849829214,-0.2701865651718328,-0.32808840675059453,-0.49237890686092733,-0.22573487037577186,-0.23329055085186248,0.12083217828652942,-1.0201140129948971,-0.14707037357413327,-0.314884660610144,-0.7638533056593129,-0.3406128764848269,-0.6585275381030132,-0.5350201692764319,-0.03391214483439926,-0.6916005934485061,-0.7696159280240076,-0.6698656447311341,-0.35260679241156473,-1.0485184022693719,0.3481306575530648,-0.9815572219510705,-0.5988681313129304,-0.3212004089161278,-1.1429153647319394,-0.20298461398108864,-0.26384767669890685,0.1239287534573588,-0.1709625315450247,-0.468719447075839,-0.3565279903122621,-0.024547062392764364,-0.334724830750424,-0.5072105408824047,0.19979731628882308,-0.0826477102606091,-0.5850018444067119
1.3720072973394235,0.26900202387808986,-0.11324950674072876,0.0066368435147318395,1.3010012998788854,0.4642055380878332,-0.08324752677676772,-0.006805455447346753,0.10879321346266414,0.47786919977070547,0.1662866023053083,0.35247179027135644,-0.09827439447954354,-0.09608413608909419,1.14784764138168,0.17267044277214938,-0.032297519695010865,0.3036718537761457,0.5949517553320591,-0.07344687577673811,0.5408976481155655,0.5886653682621735,0.6251994531010656,0.6086344313567474,-0.2618444622827808,0.34074115639982827,-0.1732722712800352,0.3424833582579542,-0.05426375451086798,0.3004893251889524,1.0207746305021361,0.5968007093488141,0.2653196177143899,0.2380031440530248,0.657725736345933,1.1693224167575873,0.21268254028264846,-0.015850142168379152,0.5075583959864823,0.5687952287666493,0.5491646712564264,-0.25476720889276266,0.04301883736123844,0.7648858461010255,1.3066716205414057,-1.0660121271165337,1.9403623623783393
1.2259943241069993,0.5605624172508937,0.17395030350790672,0.18127019287590587,0.9600464945213492,0.8552056301075104,0.2501692457325113,0.8668766964220934,0.19204938856711667,0.17606820259994024,1.071182279494355,0.7259443535165324,0.38943379876448897,0.17164963486940849,1.026903269277249,0.96961266749444,0.6991767261237399,0.16492175926239633,0.8331901782441108,0.3056675318406682,1.0321457232114821,1.1058419715498442,0.45373403517389754,0.8889136159378583,0.6770812772062912,0.3330763890972901,0.34657488880574483,0.554236154159904,0.24549597815214447,0.32451634106013355,1.16764776210526,1.1926071780654501,0.753137278910881,0.9110590851506073,1.2194898069817086,1.0138314981091026,0.9481080177342747,0.6896515316569066,0.7410668980036884,1.196921555000478,1.0497897429444791,0.614009714838537,0.3352786921037657,1.140732505891584,2.064006670819488,-1.2196914008010111,0.7786948272572157
-0.6531291574929091,0.5650479617643211,1.1999795157258344,0.6988581921873386,-0.4941178942270362,-0.12115511537473468,0.8211348637954748,0.9568297700465199,1.1357160701517288,-0.27611473474182524,-0.29460000515826706,-0.816925907758622,1.0272835638956306,1.3365049937093636,-0.6909055323158859,0.58635031194931,1.3601211490355138,1.3871516127995986,-0.7355610743814472,1.0306524796227594,-0.4494807621304318,0.1396499854913467,0.5653310709736356,0.15322173746627774,1.2174786620658318,0.6248486355336541,0.7989735249563445,0.5186130457003252,1.3292674713247583,0.7242385141897855,-0.7854151902839069,-0.934765870908683,0.41729358139483536,0.9035687964579481,-0.6131094278923326,-0.6473962652294056,0.6088373846529872,1.4803126166827472,-0.6404863862969179,-0.8274312862912208,0.16649703904605762,1.24235233801276,0.5441611108086343,-0.20364208489772284,0.2580538586179065,1.7761339474729516,0.1726074176288034
-0.6277355969307497,-0.6011936117268941,-0.5367903258106953,-0.7676411391950533,-0.04082083733464425,-0.3576105487183768,-0.6406389250938067,-0.4327901259446363,-0.440929615188685,-0.05624596704353509,0.06502137587669171,0.19634801383279754,-0.7210092362663446,-0.30191590761186105,-0.6065102836496074,-0.7412230386950492,-0.6198036733943652,-0.14815537707632104,-0.30041604071947314,-0.6832535757175797,-0.24863958392612304,-0.8121933810509578,-0.6157324113917191,-0.638310534667072,-0.553235209020768,-0.567149590508043,-0.3336681513697935,-0.6033029580082339,-0.5327202128752484,-0.8768344524989307,-0.4173581164451242,-0.40331779175898164,-0.6493384970290291,-0.44040300325360165,-0.08879629529894165,-0.581611645801202,-0.7173729578702523,-0.6743673132623244,-0.3229519620826654,-0.25983085266852396,-0.7457328274660261,-0.4980706538478952,-0.3431503400763344,-0.6662225892553337,-0.8488204456346767,0.4792107521044667,-0.837538265085217
1.391052467761045,1.9735089389806353,1.017560295589888,1.401599622146764,1.633314393579893,2.2383623659903935,1.1927291293401683,1.5089555322930066,1.7211201167049865,2.154887111884547,1.8994799007950898,0.7749243618109807,1.0716206723723605,1.1206103355788166,1.4887512836320778,1.968562373767729,1.1885228170144153,1.5760328603427918,1.6588976167190197,1.0293092930590133,2.1882601988307657,1.8629621156141831,1.5253661353396117,1.8401205632819635,1.6554477844356557,1.6600027219963311,1.4931997957038101,1.8282070291649548,0.9222897032409245,0.9470344795407398,1.4299212113965536,2.207738454907183,1.982062540771269,1.3786671078209478,2.5327693676680103,1.4975810227932762,1.7644931731333706,1.1308653776184021,1.6212500388081077,2.2760060080074824,1.6852927938738047,1.4041720820631072,1.7553280764082946,2.3694619705914888,1.539697789857739,-0.5496409368857732,0.3746365541716075
1.27678144523132,0.10752242139469045,-0.10441258950230917,0.5263288590835277,1.1745180656333478,0.7853131147673931,-0.17317673259351943,0.01697524217750085,-0.12763111653778364,0.7641134445099887,0.8439846560968182,-0.48937210228949185,-0.17754377024096976,-0.49219594528624044,0.9597857880544618,0.23482934327690652,0.0578643157737026,-0.06762210543547305,0.8206513138803195,-0.0774764354679773,0.6901092779499712,0.5965539423071238,0.3520841839708076,0.5404232235768895,0.040142311609316195,-0.03593703278763511,-0.22591502166846866,0.10502192008223961,-0.3688343869617426,0.6718159341072076,1.237587348582938,0.6440888619948764,-0.2750322531494144,0.2315828966021732,0.7326276124307033,0.8988745368860767,0.26500916994892315,-0.056961582058302325,0.9105114372408263,0.6529156986354439,0.5901657396656083,-0.03269543248324263,-0.44320326332152377,0.8082527683845512,0.4910800279342399,-1.7137166308804441,-0.5850018444067119
0.3689616551340679,-0.17058133843782994,-0.10864168560926755,1.0838931672848673,-0.4130429266857975,-0.6821885990464046,-0.34285447941758,0.27752897267584375,-0.384245794229068,-0.23483748495695805,0.021139777757624465,-0.7373333942801424,-0.40487221733984097,-0.33625169646143593,0.5324933085866137,0.1881128242776991,-0.17422969940059735,-0.33005060587476565,0.29011803057675567,-0.4416143128996119,-0.19741830384635922,0.29466855812416154,-0.018115771511229308,0.10258507899108368,-0.13104239374706136,-0.2240029721214473,-0.030807828041337314,-0.18814545038943248,-0.22046780821725642,1.328845604475511,0.023960674229026032,-0.4850031827119876,-0.07183743504333753,0.27031838955564247,-0.26356733949673833,0.5199817086238299,0.1426138964419901,-0.18220464715153228,0.2941046997091245,-0.14987857546242234,0.34617898645176265,-0.2617679212240189,-0.0831882710831322,0.5480512346833953,-0.32451156467292713,-1.2893384272285902,-0.736523696813815
0.6927295523016195,2.8661322971527574,2.3708710498164267,2.634553148961802,0.055809211188344365,1.2934984602228252,2.0682663029523205,2.4353687962871104,2.159738014816248,2.928576266143624,2.1850997702091366,1.0657431610592747,2.307013740383069,2.879480940235586,-0.31876900276379505,1.6205078903535568,1.5564412746528726,2.787589629686629,0.2257518601759559,2.33018548004735,1.1068558402466036,1.211187157502472,2.8294272139964765,1.883964826746432,1.7178466110098511,3.1426369538268446,1.93408283020694,2.76571853886392,2.4755023244722634,2.340601400069253,0.1849965720938802,1.3908761817137616,2.143417613320877,2.9473475683122943,2.145776341230032,-0.3284405346684131,1.8409912624775895,1.6638458304770463,0.3251153715475914,1.1685925904373426,1.334858621045414,1.764536618458917,2.21170983156179,1.6755912140550717,0.43282348560515654,1.1208915501418615,0.1726074176288034
-0.46902584341724385,-0.37691638605550654,-0.40644579654400603,-0.07962782303717286,0.3150605608841664,-0.051630042521785664,-0.23086716651369998,0.20205110630132367,-0.3350463262927785,-1.2406333854937561,-0.5023235465503001,-0.14345079370994468,0.06664621356647547,-0.5358017872532861,-0.13934603315832136,-0.07722799540652812,0.18947151109496801,-0.7248253503117891,0.06785504966894267,0.009830691175535089,-0.16071289852040815,-0.06745147226321642,-0.31908727472427223,-0.18627311842972064,-0.030497869418074957,-0.5300212195415173,-0.1140491770930477,-0.40434614833610083,-0.551072849568902,-0.564483246173574,-0.1647013602945113,-0.27964011980043096,-0.323814019269063,0.10103786510152918,-0.28853463152499537,-0.09586864780102199,0.011155629808810468,0.32038270550277675,0.014080189934216057,-0.15162070621600413,-0.07856371250008723,0.11764773397488214,-0.5792401326461231,-0.5216661816435803,0.5493365702633219,0.0795478699593858,-0.6355091285424129
-2.0624717686928418,-1.6552965723824156,-1.6994761510370398,-1.5166709268164764,-3.3018885724478504,-1.7092043878102392,-1.0478655174715519,-1.8741071906854634,-1.5064346018042027,-0.751114242316432,-1.3942365024023455,-1.2699909844822797,-1.8129784760985403,-1.604602319382616,-2.0352487453228147,-1.8348917711226604,-1.5999500783284368,-1.1294322692784573,-2.2365095789657583,-1.901523789035517,-2.086085294397415,-1.970054494016049,-1.6844330564941823,-1.9301270225715261,-1.800623072329447,-1.5003500508361383,-1.4556167690232809,-1.6208344790140155,-1.657060692423307,-0.9926009835146226,-2.0845430091067816,-1.2205062478235031,-1.2112669182919087,-1.7201723284566377,-1.2385400932001625,-2.0654202840151563,-1.7914430269714656,-1.6581053391997682,-2.071712453332796,-1.6367794377178377,-2.0361654651969676,-1.8436993765360707,-1.6218969117275703,-1.5335610349258542,-1.7809251229000098,-0.5480099798874107,-0.98906011749232
-2.5576461996549797,-1.8033195413255312,-1.7982602615950867,-2.2257244055479912,-2.2931651390859233,-1.6726706960242688,-1.5034502676941544,-1.855496209935582,-1.829016018933649,-1.8421611461777565,-2.0342846643165493,-2.072038620303887,-1.8613462308004278,-1.715903943983816,-2.2392593070594082,-1.9719031802635607,-1.693747471678952,-1.627186104841769,-2.3284612509669005,-1.964653557531595,-2.1178676397575895,-2.329452579318158,-2.116785623414172,-2.300505200638657,-1.8553692126256753,-1.73163800782162,-1.7015571184942433,-1.8491424971760908,-1.8550759830653616,-2.879813866487407,-1.3187045371762036,-1.628322655163142,-1.5527392811294518,-2.0176437936794174,-1.7616048611921398,-2.30197911751456,-2.053758560463393,-1.9260638313394447,-2.3070778818073947,-2.009480927265271,-2.407248775772783,-1.873538478275851,-1.7640773816023128,-1.9383189762387636,-2.363490546190843,0.5649290642077681,-1.140581969899423
-2.4624203475468764,-1.7764062742449651,-1.9686865226217498,-1.2368367645871237,-2.0731942969197714,-1.5894387798297647,-1.868257423365885,-1.886514511185385,-1.7216822740254702,-0.3279705761801011,-1.774630237576507,-1.5363197795833474,-2.093108388746972,-1.7646936972336569,-2.691139378658376,-2.012166606486972,-1.2502094100989942,-1.55279794228195,-2.6628309673346937,-2.2668705343745237,-2.1893890920449017,-2.3702676814240524,-1.7789271929501789,-2.1525518874166223,-1.9613294841667617,-1.6587099091168092,-2.186857473637614,-1.7736728329854006,-1.8389771789481213,-1.2634509806079393,-2.455222817438476,-1.2802269860564721,-1.31821155940037,-1.7501334832272775,-1.1623898525139795,-2.687383958609094,-2.0133371520232832,-1.3534402043012312,-2.808448025303583,-1.819177123810025,-2.3328119102259657,-2.103070030120316,-1.7026413761008812,-1.6347505202540815,-1.4313858689255097,-1.014220300713602,-0.98906011749232
0.2927809734475841,0.6861576636268706,1.1329451863886806,1.759282385898566,0.36549673255226356,0.1361685740996982,0.47041096111014163,1.5381127354678208,0.37747568517605723,-0.7654264545533966,0.04424902173748786,-0.11222603842223203,1.0297691290678104,0.6566807693643908,0.5098993050066651,1.6384330077489728,1.5321557480024288,0.3865984836906569,0.8273387082076743,1.0829024369524927,0.23327494164629978,1.0693406035113495,0.2206965327243928,0.6235477881139996,1.5461909711132913,0.4741583076161507,0.6443354456903205,0.7209534594742719,0.9583510244635428,2.358512448264134,0.6812179381530079,0.22522238262199065,0.45669423864532127,1.6187843624827882,-0.0019101190406086179,0.5210448943923678,1.7416505907344486,1.5761903675688886,0.8098660232501097,0.12842913320042101,1.147726232378535,1.5024115862525391,0.685814986350508,-0.08799695880832,-0.09148539535659371,1.8043520254630234,-0.6355091285424129
0.3435680945719066,0.9642614234593913,1.9785750452680153,-0.5930077898338793,0.28049371425805697,0.7777082938531928,1.3386519916088604,0.5577276272990599,1.107867314716093,0.07754210386721581,0.7790710494118076,-1.348052872701557,1.6980502731988896,1.888134141390379,0.09124570926056365,0.19429440727917088,0.9391235463227335,1.4110851955362365,0.36646578248073514,1.7942540411125583,0.2879799124645577,0.4278890513978004,1.0951009949885384,0.6949210159487262,0.4327839844865645,1.4256278630199537,1.1699404065998356,1.142891457706309,2.158355883362631,0.33106916357045596,0.037249195659784996,0.2541288759320932,0.7418799482678846,0.771953723715495,0.18334718780905626,0.020417295632673593,0.42355833613654253,1.030289176459126,0.3775735439689529,-0.018825783853696973,0.6770920575169684,0.4166125802522973,1.0496916703632757,0.27339406022106355,0.6658496549214886,1.210478535859619,0.7281875431215147
1.352962126917804,1.457671319936444,1.0888868418714177,1.7698024671853845,1.8532852357460463,1.135878018929483,0.8754317427791743,1.6030443794174074,1.0852402009246398,0.8418972066674025,1.9682883238812012,-0.011817021418612125,0.942639993167327,0.8196385452188597,0.784349995551334,1.5315726538104177,1.4255611909079662,1.1196776543779876,1.1587362493188635,0.835218834597666,1.2723982016866122,1.3400362125988385,1.8365862030799627,1.595183439529389,1.264572116084093,1.4590604749690579,0.9988514678374271,1.5061265453554016,0.8578944867719636,1.7377417291196142,1.2078630243299255,1.5729489512624795,1.577736748510332,1.5958854799080853,1.7400578457708609,0.793884942243084,1.414304377483232,1.285033277205613,1.1486622554015153,1.6514536800336668,1.3047393847955722,1.043807545667298,1.312111179576535,1.6900468548162473,1.0153889088959889,-0.059560748762840315,-0.18094357132110372
-0.4944194039794033,0.08509469882755169,0.3718341288110879,0.5145463680422924,-0.539997527021691,-0.8898902127705903,-0.025726770603410814,0.3416334619254348,0.12178929933262767,-0.3644770885526477,-0.6191680385833198,-0.5071273552962297,0.4902671318305075,0.30508961000772383,-0.3412301004403316,0.4489289020019108,0.9128021072584807,0.06472413856225688,-0.5138553763342473,0.47255846238615185,-0.5000553690790975,0.01770853457207475,-0.036020703785197776,-0.04306705048409798,0.8422615671753403,-0.06204355611370165,-0.22936970216270974,-0.0016636054662346302,0.425609398615829,0.5879398059750839,-0.4224287364647565,-0.36795705943279017,0.3715137701133186,0.5637236980595497,0.13441129543367275,-0.33535124216390033,0.586076187640186,1.0947460411436838,-0.40038579535596586,-0.15686875907226633,0.15119492695805803,0.9207786338786645,0.13289093683761913,0.20111585641518684,-0.6740508186474267,0.3309049632132787,-0.5344945602710109
1.200600763544838,0.4798226160091937,0.25316695446659604,0.6357377044664327,1.0221096964182272,0.5565079165779385,0.4563277081237449,0.284766576300797,-0.015946003592786688,0.19058783820265757,0.0689161922777925,0.4228805521946264,0.9030053052866135,0.092366285838417,1.0501618023742563,0.6533016756799275,0.39306275247593325,-0.28496491082764025,0.9362875074575133,0.8191005958327092,0.4500505034081193,0.993318957295836,0.310516809927858,0.6569062098185526,0.552283624057901,0.2630283752770921,0.09981199635996318,0.3989367402054412,0.33114161605586334,0.4839683554779723,1.01552916151631,0.41613303524483236,0.33286360157236605,0.3578477631355823,0.16087662498362526,1.0470560533758728,0.8222131726241374,0.6213771761254269,0.877550992622095,0.46446851765293135,0.9725361647903095,0.6111405704404813,0.08777935565513877,0.591418156966921,1.4231847051995723,-0.2990654930734901,0.3746365541716075
-0.018290143438885884,-0.41280074216292845,-0.5490357682696473,0.694229356421139,-0.05354772177425671,-0.9248005519053863,-0.8501909424215215,-0.10172145727174337,-0.4720854103323027,-0.9494109799763988,-0.939321946753791,1.3115615776870415,-0.38780914832000907,-0.6237453174861242,0.3650318702881739,0.005037782432128985,-0.19502509048451022,-0.6141487014945268,0.08531657930148315,-0.3411439579313854,-0.42622138983449526,0.10261379887353317,-0.45238860618613547,-0.19637428469762427,-0.37875396188311233,-0.5220412755033746,-0.7107218510269482,-0.46742695907528514,-0.5230609304049039,0.8212202873425541,-0.14879010437083928,-0.7211503813583094,-0.49773977770335065,-0.15812612366450338,-0.6171041946168532,0.4436981297313258,-0.04820353194022993,-0.2981976382695292,0.23180481706357906,-0.2111718720289511,0.07937348376511817,-0.43116220648523385,-0.5460646896753497,0.17220457489283628,-0.49928119166017726,-1.0190861494910728,-0.787030980949516
-2.145000840519865,-1.700152017516693,-1.8117681208023853,-1.4043164586732617,-1.928484907180467,-1.54398160274306,-1.7990289026616682,-1.5486218162375354,-1.7533022150930146,-1.6326635467671218,-1.6915408210196936,-1.3299914946429796,-2.0762468520383983,-1.6243011822572393,-2.3147498601971175,-1.8068791184839845,-1.5166230916775136,-0.9530999813323121,-2.575801960602299,-2.02160466783444,-1.9990198464796602,-2.1185159093829546,-1.738895539045702,-2.0626539743014267,-1.8858622241024992,-1.5701048230683674,-1.9063703192242418,-1.701839587409144,-1.7217778849746124,-1.4298926723701224,-2.575518906180083,-1.9814783406035341,-2.0187927697494836,-1.6377791528373784,-1.7388846254464267,-2.360055640120874,-1.8123419594054364,-1.6162597664546674,-2.4998268480848176,-2.340625017131339,-2.1094567325226654,-1.8409449979139372,-2.1842996592321082,-1.4757384718811528,-2.013951292216343,-1.0126355905291398,-1.0395674016280212
0.3943552156962292,-0.6909045019954491,-0.944740298038592,0.28941662850439276,0.2258152477767564,-0.6461965752864619,-0.5574968291500167,-0.7903277450173607,-0.7429145569438589,-0.10312364770373629,-0.3766508040081201,-0.5858014936191905,-1.0744297327755528,-0.9513685105588067,0.40889081841395586,-0.5708824366833596,-0.764208032459578,-0.9967625984869884,0.3314498427388849,-1.0079689275032597,-0.16934613382358893,-0.144562459479763,-0.5144424045320674,-0.3891666471938253,-1.0557223633956092,-0.7243621778954983,-0.26358748991519176,-0.7396492709111461,-0.85488948086946,-0.06253704188289554,-0.3313324250775804,-0.9563391041834004,-0.7947456845010595,-0.918069413596942,-1.1144526518197266,0.4224344143605933,-0.6859715543780793,-0.820312924871551,0.3351427744175155,-0.40822449817258605,-0.44630479430343645,-1.2252266100911597,-0.4844531527296281,0.20111585641518684,-0.6740508186474267,-2.0545710482955246,-0.686016412678114
0.1213744396529985,-0.7312744026162988,-0.7125818580178269,-0.7423929441066913,0.017314313809268126,-0.6430390470371783,-1.008839635702018,-0.858774796441925,-0.8345833769194928,-0.8403062895902664,-0.728222897814137,0.33869616293854204,-0.4845446577237839,-0.6434441803607479,0.44278182378387787,-0.6040432513995299,-0.7761326623118918,-0.7461715186985196,0.527149007290812,-0.44953911362571597,-0.5528143603830381,-0.32573366064125797,-0.6055793661866958,-0.47836577479674713,-0.6780328621691589,-0.712025913536837,-0.8855944874735252,-0.682383777311298,-0.6125702812967596,-0.6038001812355069,-0.038810104634690555,-0.24249709081189866,-0.9176382106870986,-0.7785360356651065,-0.623096344703635,0.4197764499392522,-0.5601009162033012,-0.7191494174281333,0.4806329623542804,-0.45838115427349757,-0.31274263188689216,-0.7080920237855803,-0.7258088886281111,-0.9264241229564897,0.02502768930157301,0.056562141147114844,-0.5850018444067119
-1.675219970119888,-1.1887999429859295,-0.9633609450766906,-0.5096887460422826,-1.289940976778151,-1.0027396448577595,-0.6579460552698609,-0.7801950999424253,-1.492452205845894,-1.476681175720788,-0.6126766779148182,-0.25151293700957406,-1.1430178960403128,-0.8545818375494352,-1.560508858337076,-1.084306157094078,-0.7726425267453608,-1.032468916515702,-1.735233645844376,-1.1917168494237593,-1.078413593000448,-1.2464998454732088,-1.4492916586270914,-1.3942259777633055,-0.9953250086171902,-1.2476237459726427,-0.9665327161957418,-1.224972632970254,-0.9923088728142228,-0.45308526349809763,-1.3799016753441722,-0.8975417143855436,-0.9022531921416708,-0.810851281167725,-0.8914947340073942,-1.5097728217336925,-1.055159038036501,-0.557787015860186,-1.5687639223478234,-1.4278320502655533,-1.3459114653224264,-0.8634848843842831,-1.055808003892946,-1.0131579675235418,-1.1401031572800935,-0.0574713322149427,-0.98906011749232
0.8006521846908027,0.013325986612707933,0.00024175893554540553,0.8373024619218602,0.4712398588221345,-0.38991823904518585,-0.48249926505378193,0.2560229504759808,-0.5643344127128451,-0.20704275394604213,-0.4522102421894725,-0.5258009834584885,0.4685688196517436,-0.6041074418030637,0.9726776606853728,0.6793935545197807,0.35103570336229106,-0.7160281415221055,0.9842138334702307,0.3475077933013672,-0.07013097919852725,0.7383498292749422,-0.009987571250176913,0.2943701662135602,0.5880746491117784,-0.23262987767115273,-0.3338326599647576,-0.06806465962355814,-0.37649741772154893,0.7539446429032466,0.46440522007220486,-0.7259477786624801,-0.5774792030912379,0.37347036526598737,-0.888998004804569,0.9872518538956861,0.8021310155780591,0.630774076671695,1.0053075328907537,-0.28104895316108686,0.7358823209446704,0.6873450456528438,-0.5741497207617188,0.3456722640269403,-0.09148539535659371,-0.40477734539172033,-0.5344945602710109
0.7308198931448605,0.24657430131095112,0.038871711434922004,-0.07121175800771885,0.6348038921756811,0.6547678176408946,0.3774275558505573,0.07280818442714618,0.46647566608910984,1.0036874319548235,1.3204505291647957,-0.4067183382926098,-0.1721695752740935,0.08535275880875266,0.5843266109170837,-0.015487935561386805,-0.1377286982672962,0.49028911376317064,0.3283847870055133,-0.06572355303519696,0.9107529582563296,0.4080233560107422,0.48101880020783483,0.5139720999521039,-0.36957073834955195,0.33784916386364144,0.21332292688502238,0.3282763403722365,-0.010475007311974994,-0.07520583206951836,0.9316016577430954,1.2650155936178524,0.42948902292474717,-0.044487743784434715,1.067189325609343,0.6197882726452081,-0.1434202600922848,-0.3271224727635101,0.3487911838793567,0.8799806270508252,0.24601344387519825,-0.47856047194111545,0.3396669782110106,0.5191399531610443,0.37456694327607315,-0.8759585965920933,1.586811373428432
0.8577876959556651,0.8521228106236975,0.3762525874302972,0.5726172167455255,0.7392900422046033,1.1841739988721072,1.2283614561732212,0.8224171312973757,1.077697829660821,0.3254130259421745,0.5752423244208745,-0.4648820981422677,0.24802529369855375,0.699188841883315,0.6049270259458603,0.6647092956554055,0.5457561835116561,1.0249136038126536,0.8341189830117997,0.2751100375154389,0.9062977677909321,0.6575795570420052,0.8593000197322157,0.7379472195194687,0.5581703058101832,0.7985593368485333,1.0786381363948965,0.8031168747586916,0.48569013558136914,0.11264174655971701,0.7445132639153059,0.9872876062033734,1.0176845490212847,0.3899490003898403,0.6227715275063735,0.6550063012279845,0.4015341985693295,0.3057000483992326,0.7986316181828808,0.6637459963930595,0.4513430118327423,0.35865586341156963,1.0970851603215226,0.8949866129516034,0.4910800279342399,0.025376257650644697,0.47565112244300956
-2.202136351784726,-1.6328688498152768,-1.8222461798136542,-2.4739983239168897,-2.773958551249085,-1.6181034223961557,-1.1242205035423791,-1.8472246629356348,-1.3329600627363893,-1.2696726566991907,-0.9190689014680679,0.7657406102557711,-1.9107216470586046,-1.62564290047161,-1.7415266987834854,-1.7844498854524942,-1.4777953334998577,-1.4253677855490419,-2.1199445806208757,-1.8874203301161807,-1.8410051178928917,-2.076610058858713,-1.7455407194840262,-1.9524769184466624,-1.6110719199059478,-1.5485490908145756,-1.3602017839442448,-1.6652515747136987,-1.7646007039264717,-2.2463743571562644,-1.9918730570238574,-1.609077865768273,-1.3482311077816924,-1.8539274836827075,-1.1798669569337594,-1.7597543755608713,-1.78573352911436,-1.4767745239710006,-1.944512991001355,-1.5908589752255473,-2.061482105130677,-1.6308088622003292,-1.5437854190186067,-1.5335610349258542,-1.7226685805709265,-0.5456147318041442,-1.0395674016280212
0.7752586241286432,0.9418337008922525,0.9112016845417675,0.36852763978126163,0.4470430661838583,1.0805387032215892,0.8423445821484825,0.5122341187993497,0.9813875504459147,1.3127482469269467,1.2100973978002776,-0.4970252285855013,0.624554828565331,0.8894688795576953,0.2766494445195514,0.3512565230155611,-0.00248594506422704,1.0524048812804125,-0.043137120069811234,0.7264207229342116,0.9116469764099209,0.6089251404971517,1.0489141088936678,0.8574901244475861,0.4698700795259445,1.0487716857773868,0.8162469274275488,0.9332149357658317,1.1170852330595318,0.5691550481121606,0.4612579386807092,1.272041070841534,1.206244837291467,0.3300266908485608,1.3767837467597264,0.30947092645357555,0.16638260279887376,-0.11716047618283194,-0.13168853697115648,1.154157350711835,0.4876630686426549,0.203148237036945,1.030383211491397,0.7793414868622005,1.364928162870489,0.16283987766817268,1.334274952749927
0.21025190162056212,-0.6909045019954491,-0.4089706300406977,-0.8349696594306869,1.1203109652424021,-0.3569293351185707,-0.8544328860921228,-0.659223725068195,-0.7339217296677681,-1.0912885621515218,-0.633449032054022,-1.0633565744900701,-0.3014861416645564,-0.5419005064095158,0.5185381887284117,-0.3675182481515142,-0.33259460073193303,-0.9793622369838652,0.5146101429270207,-0.33268188257978315,0.13908118898390898,-0.06870407367267364,-0.7179339690252515,-0.2934233526777016,-0.6986362483021477,-0.6955372630588218,-0.7367142090312367,-0.6142320028469315,-0.37527390860863835,-0.8790187266690391,0.7724890985063778,-0.20143986737017242,-0.8547847812637046,-0.803146984226703,-0.5157369889821313,0.5978600661691389,-0.43563970597175755,-0.39099203116392656,0.6017974136991918,0.01747118548825495,-0.0963420999882197,-0.7402264410438056,-1.0364995450210674,-0.6951338707776843,-0.09148539535659371,-0.3100970725121208,1.738333225835535
-0.8435808617091161,-1.1304878643113685,-0.7450890892877275,-1.276813073477032,-1.3889278557529199,-1.101582499619459,-0.7840166211601377,-0.9187435121915439,-0.8110859895206752,0.23518386183957551,-0.6594144747280257,-2.4837768150291017,-1.0350637546431833,-0.7730419624306382,-1.7534882300905175,-1.4066619246594338,-1.3047427783260384,-0.7885404286782428,-1.2849490944690827,-1.1097153097070456,-1.2786676992838986,-1.5761676474344595,-0.9877801716945247,-1.3302252805433274,-1.216075574327787,-0.968208382933718,-0.9612684411568984,-1.1178814554526482,-1.0350029013331437,-0.5295348594518565,-1.6028341072417716,-1.286955553230819,-0.7881789082926453,-0.7121934786729754,-0.7529262632505697,-1.7850050375636164,-1.3558350515753799,-1.337289281487333,-1.3930058331555486,-1.2610454647982718,-1.4916820842534277,-1.1849438227424562,-1.0672175477717836,-1.2299925789411719,-1.4313858689255097,0.6002552850346434,-0.888045549220918
0.5848069199124362,2.004907750574629,2.37497390424855,1.9465398328039216,0.6638714677476373,1.9621364441198834,1.1774581321260023,2.0776243885393875,1.4643894025327207,1.454833252467823,1.3100643520951933,0.5912493307067952,2.2740967962109524,2.294308837195305,-0.2802262907744705,1.335250039704764,1.2823202103649305,1.9783757917532918,0.6506800413933573,2.321454767382999,1.4412484302949082,1.3398884337808683,2.0852864040570225,1.6185918174807576,1.0232181642405076,2.305942995756797,1.0992017107653782,2.110969112517366,2.203754510973248,1.1021179456183632,0.7978421986045355,1.8608513351562534,1.0795998675577618,1.9971509455862948,1.5765220829857793,-0.30186089045499664,1.0334792009704585,1.078007812045643,0.3571473529376255,1.3258175701700434,1.063744966557884,0.9244511387081755,1.598227433768919,1.140732505891584,1.2484150782123222,1.1450876024067902,1.9908696465140403
-0.9832454448010023,-0.982464895368253,-1.025030003233376,-0.3531499364944348,-0.7769375484406601,-0.986585386837628,-0.9519975905159574,-0.5734064249437413,-0.9558414995454899,-1.2613757220690667,-1.047597842704389,1.2341119395714435,-0.8234548278224262,-0.9596627686112802,-0.7374225985098966,-0.8278578087006984,-0.7194179593557659,-0.9221156944921788,-1.0281345762032645,-0.9438317690843718,-0.865348206576033,-0.783263918161763,-0.9675481911034932,-0.9041050633436354,-0.8134265424716581,-1.0018587795629228,-1.20803133360268,-0.997163423136593,-0.9889603215578364,-0.43342679596713035,-0.855354776761585,-0.9760823679146161,-0.8960616602880227,-0.5088856427293494,-0.7753968260760007,-0.8002292194565491,-0.7961247963685922,-0.7074032917452984,-0.9236676710493942,-0.7867403104304646,-0.8366444221479319,-0.7947401846068661,-1.2550361931618759,-0.7818677153447363,-0.9653335302928434,-0.5719949142160318,-0.837538265085217
-0.2468321884983357,0.17929113360953486,0.6176897905514032,-0.8349696594306869,0.3598403394679908,0.8660348620607932,0.8796736864497768,-0.11330162307166913,0.4012051455368388,0.13665776310685107,1.1763423223240725,-0.624067125099229,0.2843011097249698,0.7568217379096893,-0.0708994929014188,0.3150783717686077,0.8424177066667755,0.5022559051314885,-0.5363324517123048,0.26973729126045365,0.6959203959483148,0.17016279285878808,-0.2425730038036916,0.11829807368262271,0.8395536935692907,0.08049222399047626,1.1082496834883901,0.21289774697288064,0.6012795491431542,-0.8462546141174271,0.4700003869904185,0.7937984361661735,0.7353131720594697,0.07214675157269852,0.5665951204427965,-0.07792738795696541,0.29792642842771905,0.811517585616321,-0.5146796188085223,0.5949890774861395,0.1713131447751757,0.7253325174831023,0.7425116428561154,-0.16027516261419672,-0.9070769879637601,0.9976396782742648,2.0413769306497414
-1.1483035884550479,-1.1125456862576577,-1.130568043395072,0.08953508405485523,-1.4076253773370426,-0.9526741609825478,-1.1678276844761628,-0.7719235529424782,-1.2105415753005744,-1.2344106845211635,-1.2145556390982362,-1.2825421116077313,-1.2523827636162472,-1.056876351961588,-1.2485787030303765,-1.0359504767596484,-1.0733758747280993,-1.0258710099234396,-0.9151919164523665,-1.3046116801066407,-1.2629955610514412,-1.0966690130597854,-1.2154200089924538,-1.2276227723839377,-1.0704390677763156,-1.1384525788598974,-1.2932467857939562,-1.1345260198665947,-1.0717725699369203,0.3406799699189278,-1.3818250139723076,-0.9015169635812763,-0.9731743751925451,-0.6805202579154422,-1.2050839218822984,-1.2531463568531591,-1.0119342160652383,-1.075057025618038,-1.0159569159818407,-1.3986830774436274,-1.08146065331905,-1.085556660793803,-1.168499191127002,-0.8107789968670871,-1.3148727842673429,-0.7008874891059609,-0.888045549220918
1.0355426198907924,0.22863212325723986,-0.1387503250573107,0.11141685313143596,2.034918302563239,0.8366716659120558,-0.043712611766761514,-0.14307919227147928,0.04015763496192089,0.8024867671743133,0.7492107903367032,-0.4838618513563683,0.05596500106980921,0.019425604729904785,1.3986410811191075,0.40436720243644797,0.09465616153754833,-0.00901717041008562,1.4402569744051914,-0.061559674687583436,1.5897657060300243,0.7705867228520284,0.27090264133716385,0.7043312026193721,0.00023060932884044763,0.19357919098735815,0.6130788126471887,0.30784032111007903,0.1076902149085689,0.03138674743172215,1.8065458845788505,0.8282692747106989,-0.18609934106974652,0.1566800096755738,0.15912891454164693,1.3579049924517743,0.3369876575172212,-0.16546641805349158,1.4505984973736636,0.8501601757679277,0.7710973077724177,-0.05748484008244496,0.1392100688320524,1.1840994281751103,-0.14974193768567706,-1.7307210973328337,-0.5344945602710109
-0.011941753298346014,-0.09432708170955835,-0.024438488494612415,0.43711856977131336,0.22628661386711246,-0.4261810968181428,0.22522661694937465,0.11478628545187963,0.01985125079010273,0.1822909035725336,0.1855010298840709,0.7859448636772323,0.21383197822180272,-0.017471646165287735,0.1357691869034023,0.3497348054431865,0.48424254415155016,-0.18696659232492197,0.280922863376641,0.24052298349897042,0.03100333439624469,0.030876330961824957,-0.012590472782462317,0.01676528811708902,0.49059119929397943,-0.0768324833373244,0.182559819626782,-0.02467973279488839,0.18419173207369374,0.6792424662855725,-0.2363894364341322,-0.740201133763191,-0.1879755628435788,0.37796453848158346,-0.5179840452646745,0.17976226269210493,0.5202821546951766,0.7228343367109158,0.2907622320858164,-0.3621059959498701,0.20767643170663963,0.732792292918048,-0.09126271752046317,-0.13136388109184613,-0.44102464933109387,0.4867750702046928,-0.736523696813815
1.2259943241069993,0.5605624172508937,-0.17668594834509743,-0.38050214784016,0.7094368564820545,0.9860564412121043,0.7057539959551138,0.4295186487998764,0.49316405671492697,0.45297839588033356,1.3243453455658964,0.31420615879131786,0.31217974611564053,-0.03326732877992379,0.9557986109521178,0.4648507403027403,0.21273908153850732,0.30625926812605286,0.7050151203031243,0.20996548917374114,0.9030495018328836,0.7426649707596548,0.7203523435038607,0.8359770226622154,0.2838509361538151,0.4672947372489821,0.6081435547982728,0.5535121282172114,-0.0297935722526631,-0.13418123466241855,0.8345604815053168,0.8736254211202484,0.7991047123697805,0.48411262966899293,1.7575349501906405,0.9407374765222086,0.6410680843616858,0.4128834452551039,0.8710517500212192,1.124637053395363,0.8220345494319953,0.5990901639686473,0.46780493254256833,1.4009340395927403,1.8892370438322392,-1.5698843868043322,0.12210013349310239
0.9530135480637686,2.0004222060612014,1.6165770426799,2.6135129863881663,0.6921534331689997,1.7768298307035084,1.6355880485509664,1.7116084337917163,1.800024923772621,1.2173334986805202,1.7566699660880656,2.259630863236477,1.4135538271398709,1.1321979019756538,0.7112517486750288,1.7877915869681278,1.9272681785967716,1.6264874401659735,0.016770787446085803,1.3966708182436391,1.382511437603953,1.5183559862821765,2.0138898278606283,1.7392431623412126,1.3175522518546365,1.960019136992076,1.4652333345599546,1.955060771879152,1.3518057970888944,1.9037465660477755,0.7882255054638548,1.1201025803843903,1.5148833190869377,1.6953993153962805,1.6339468546507707,0.7281003228148785,1.9016338091616156,2.2217868004117163,0.032649454508149205,1.204332573037475,1.6113287577814595,1.4776221786533361,1.5271371988315474,1.950248388517403,0.3163104009469898,0.5666107767129114,0.02108556522170035
0.9911038889070096,2.8167913075050524,2.5580243327586696,1.8392350036783813,0.0974465491697947,1.9908795294644341,2.4839767826712693,2.0683188981644465,2.652022785381599,2.906796812739547,1.8527421039818823,0.6968624735917035,2.6261065665413548,3.101474317522362,1.1784159991663148,2.6511884598649087,2.4406089515073464,3.2597927485446103,1.4559537749791236,2.400702774644034,1.2131843993137412,2.1762039501037824,2.133873624845538,2.0087642348466352,2.5578760970605763,2.9209722594685483,2.470380849789105,2.8223511884681196,2.632626652656528,1.8054542283929438,0.6431008635226726,1.754319173088829,2.473632645515424,1.7146600577488353,1.672646157294567,1.1879281677069786,2.2881017057787805,2.1212105992524397,1.4564478157144527,1.3694017827174763,1.9537788675357715,2.5059235309165397,2.4872941990967856,2.6874860673373457,2.0057501284904045,0.6082858348015736,1.687825941699834
0.3435680945719066,0.9194059783251137,0.9481273744308774,0.24439068059681315,0.06837897359783851,0.16862902141555505,0.8024703116448283,0.5101662320493633,0.9193080331206432,1.4226826307760916,0.510328717735864,-0.35161582896135435,0.6678842754857716,1.0004655682010832,-0.06890590435024681,0.5867586289742622,0.7086291766164272,0.9751058775769479,-0.5628033875914213,0.6867967193036941,0.5925867976957085,0.39204213241031355,0.7511737937896694,0.628895464373478,1.1280010994311376,0.8311023218813698,0.7512660324168269,0.7519710718940448,1.0002079151683678,0.5320223872203346,0.18849355141776344,0.315058163520803,0.8263099280903533,0.6296382385549568,0.8499738849635095,-0.08257882569431278,0.6351937289275661,0.8489583612303585,-0.6237740481803791,0.8005171852178058,0.4942894357117496,1.0644653853333,0.9759684637615569,1.1262768651304091,1.7144674168449892,-0.2947211645576749,-0.5850018444067119
-0.3166644800442779,-0.1660957939244021,-0.10876792728410183,1.0569617591906137,-0.33322493538550757,-0.4501317412738747,-0.4424553168033035,-0.02334854944724259,-0.046927744014931695,0.267749330262812,-0.5220572829825434,1.0228856538016313,-0.19789853367801388,-0.042720343472080556,0.10334014647100581,0.14686228112282984,0.16780358611942342,0.06362448746354678,-0.5763639371996708,-0.14295678045061136,-0.35815680774107,-0.039317200156429595,-0.4350156177242069,-0.21007304107831495,-0.053338194616931685,-0.32773096368423354,-0.1816622096231921,-0.24300171232748058,0.04451850755251762,1.2432220570073007,-0.33325576370571575,-0.44224144467718296,-0.050260884644262295,-0.02437096843843356,-0.11426293316776355,0.05217997046770644,0.22495963011924344,0.21040960379723236,-0.4603645199297691,-0.1752338496983944,0.08120400922457259,0.14335526778146182,0.2327683286385185,0.09992637108695955,-0.6157942763183433,-0.058463661586541926,-0.837538265085217
1.0990265212961947,1.255821816832195,0.17205667838538818,0.749354582364064,1.860355727101387,2.053472737868445,1.1562484137729947,0.9919838447962966,1.118890780409366,0.8999757490782717,1.7242131627455604,0.03716298687583836,0.7350617125717264,0.2677044615800332,1.1850612943368894,1.3852646658075825,1.081637415289409,0.7390043181479572,1.0626049558631236,0.6411283761363188,2.226613577619837,1.2852313823918198,0.6208640286887022,1.2929852455820503,1.0732549591349092,0.7405559125952874,1.1485542892545353,1.0399763415664967,0.24903771505793776,1.5062086670882304,1.617009605224343,1.7682153997640033,1.3507139138765805,1.0501644465857196,1.7662735024005296,1.1580260679668843,1.447334323419734,1.0361622393005434,1.1045602520384252,2.1049027752910945,1.4138008758226965,1.1866909366904772,1.1892391685736705,2.297183766785612,2.4718024671230716,-0.9932397892195488,0.12210013349310239
0.5022778480854124,-0.42177183118978406,-0.5886756541677008,0.43459375026247704,-0.100527208779742,-0.8042389561549564,-0.8384831778906615,-0.1269496756215828,-0.6589621629535155,0.16860096143282824,-0.5698336975027114,0.21655226725425866,-0.564956049915672,-0.7937166203702581,0.2793075625877801,-0.39670575936404834,-0.6824806912766473,-0.7764442665924279,0.4894395337226674,-0.6098484300088426,-0.19799345552516964,-0.10624130085427017,-0.32163912282568013,-0.2253838750282057,-0.6290556699901683,-0.5351870094816562,-0.333339134179866,-0.5520644475143582,-0.7840547427536034,0.6587102890865644,0.5869743453743361,-0.6531705255558342,-0.7245749901597185,-0.30386574079883,-0.5566833479084726,0.2233528792021059,-0.444543267213398,-0.7946182749403495,0.4702341741928771,-0.13330821989327035,-0.19754246359942843,-0.6637924342795991,-0.24818782871554934,0.4613173901163431,-0.03322885302751035,-1.9561917843401109,-0.736523696813815
0.25469063260434305,-0.35000311897493996,-0.16753342691959172,-0.3531499364944348,0.17993561498210156,0.01925745753077546,-0.08664108171324886,-0.16396484844634765,-0.4484719864525027,-0.6816274147891421,-0.050524844022627115,0.1764498854631782,0.11367041952664406,-0.24062378009174765,0.32516009926473405,-0.03018945318661058,-0.006121502946029769,-0.6957169388753379,0.4876748046640591,0.06658032349381819,-0.11630999689203482,0.12756730785068793,-0.2690672641014706,-0.07603486420122722,0.07193039307164166,-0.3484094780481347,-0.06716422752834916,-0.24560026319921033,-0.13540172726175911,-0.47055945685895634,-0.17694078792810505,0.11583570224927771,-0.11836773503438756,-0.08407926973135187,0.10969367632569858,0.3161158375069292,-0.0016406570551414758,0.059765541914872176,0.42817478993291885,-0.20889750949985142,0.1340204102303503,0.07461056800404497,-0.02017248258309158,-0.5072105408824047,0.6075931125924053,0.021982110101011462,-0.5344945602710109
-0.2722257490604952,0.6592443965463037,1.3609376511399058,-0.037547497889902824,-0.28200315356681777,-0.03618920092617843,1.1350386954199871,0.046959600052310674,1.237247991010817,1.6944072399126577,0.0559334709407902,-0.9699884336787762,1.0037714609155457,1.4127389831622401,-0.8902643874330776,-0.173898103427505,0.6402806884385323,1.497116722670636,-0.6473246214510574,1.1011697742194424,-0.22091012086222947,-0.045706874761973,1.1668145965218284,0.30248644441107825,-0.0069511424089442955,1.1044669057808165,0.9881584091647769,0.7330611386737225,1.4162010135578553,-0.6736969546789435,-0.31332298155957794,-0.11257594415396947,0.3234824927032026,-0.027367083915498146,-0.26356733949673833,-0.8533885078833802,-0.2900746390776005,0.51859857640062,-0.635844070153435,-0.5210885782900925,-0.2339895088913986,0.060264846013765916,0.5353845385941445,-0.3337428517483007,0.9571323665669055,1.466305598909933,1.8898550782426382
0.5022778480854124,0.7803540984088532,0.515118429748319,0.3622155910091708,0.1736507337773545,0.34640512812861746,1.0841353713727695,0.543252420049152,0.9094449322371896,1.5699532204607953,0.7440177018019015,1.7698307802919833,0.17077124104970626,0.8364100228984929,0.046722231617723105,0.028829194734491425,-0.16681316132171908,1.2610151632416442,0.6808661963432278,0.22809850778431656,0.5704449480917613,0.1048164069699369,1.0818353373848943,0.5653428266754446,0.13432921964583716,0.927682150204372,0.9552566901720055,0.6902410732374672,0.7110733932227326,-0.08394292874994928,0.09757208899678234,0.049051850307500804,0.7831568272922028,0.603957248751552,0.5478696514216042,0.07025412853282884,0.013889344060568068,-0.2962888928460688,0.640792869304451,0.4442003889922508,0.1181333405601044,0.13486260036321684,0.895223999388246,0.7937971276233761,0.3163104009469898,0.04298129397072465,0.2736219859002055
0.5721101396313546,0.08958024334097983,0.14396790573469787,-0.6014238548633333,0.43054525302139623,0.26049790034214726,0.061826946757804147,0.046959600052310674,0.0644092594871198,-0.11536162628317034,-0.05961274895852863,-1.0954997049333037,0.4273890507180533,0.2677044615800332,0.3278182173329646,0.010208675560496708,-0.09773756156746309,-0.2102533214740827,0.7797839041020327,0.43662822180593724,0.1394387962453459,0.32753315982329056,0.34839104465657195,0.3189694145598413,0.11725784256421815,0.2632248515280608,0.03729873027369808,0.22156227559230574,0.34047892244386246,-0.1319969604923116,0.6291129462271373,0.35688484399178927,0.019534565342312425,0.13420914359759475,0.1159354993327633,0.31412236419092293,-0.012024597602275438,-0.2948206271357136,0.7661354051784974,0.25583056727943576,0.31930200931829833,0.07174142360598851,0.022832721267911034,-0.30483157022595014,0.2580538586179065,0.6823679147143459,-0.48398727613530984
-0.09447082512536975,-0.29617658481380715,0.2534825586536831,-0.4709748469067924,-0.16808968173077443,-0.22112837185538506,-0.087489470447369,-0.0781475483218925,-0.3103885740841429,-0.6007323021454317,0.00010776919168117677,-0.5643727399903689,0.40958702989027523,0.046320956208879806,-0.04099566463384079,-0.23653898639986132,-0.34786394383550595,-0.47643357272074055,-0.07936050600965544,0.46651412284929306,0.0658313015996535,0.011722788735648032,-0.23021313287689507,-0.06390291108264094,-0.028143196717161558,-0.15600501719931426,-0.09842086057148171,-0.15866330246963117,0.23358286310538745,-0.1953409114254257,-0.09651026347877485,0.23467917678486716,0.15180820039751491,-0.07979910476411696,0.06225582147201144,-0.04337385047952376,-0.2075561179651976,-0.41081361825371054,-0.18275401454947296,0.19100349927313628,-0.023208892794445726,0.0533788994584317,0.300172403245804,-0.5794887446882815,-0.44102464933109387,0.5931669156881157,1.7888405099712361
-1.2816197814063925,-1.0138637069622474,-1.0552017635188367,0.34917069021351727,-1.1681714034361739,-1.0889325694994212,-0.7784172555149436,-0.2934145589955233,-1.2484274863411373,-1.012052836433836,-0.6111187513543779,-0.6503938795574952,-1.100360223490732,-0.911116964127688,-1.1185967294939683,-0.709947638365232,-0.31543476752982286,-1.0263884927934206,-0.8963371796682935,-1.0889630772971648,-0.9334396092140661,-1.0502664642173252,-1.210373130317548,-1.122664439072579,-0.6191660446463332,-1.0969613697004128,-0.8602601638490917,-1.0522416269595223,-1.0485902920080943,0.3703860986323889,-1.3190542351085923,-1.0496742418326745,-0.7056251502440082,-0.434838788796198,-0.8592869272909437,-1.1003134026260166,-0.7034118165823835,-0.29335236142535953,-0.9018487851750231,-1.1403371547334638,-0.9425230954758129,-0.6072129067499383,-0.8167341767702307,-0.854145919150613,-0.8488204456346767,-0.037293150713960194,-0.888045549220918
1.3275685663556427,1.0001457795668132,0.7275200476574746,0.04450913614727562,1.4353406356303575,1.5807435281411097,0.5734053534323476,0.045925656677316726,0.893780007304644,0.667661579434795,1.4009434014542086,0.8024756164766095,0.5325217397575724,1.1657408573349202,1.2309138310138434,0.3456684730091225,-0.17263005393260364,1.352221519075857,2.152557350745357,0.48834090451017137,1.5085679972603414,0.8516975900749527,1.1466032019916341,1.1409431940743922,-0.01048315146031398,1.1085452764448616,1.3385617164377872,0.9900264042966896,0.902005210053202,-0.07957438040973382,1.3687240732285848,1.0827630053068618,0.9642122284670546,-0.21462430123199588,1.4604241750543856,1.2364360183964624,0.14387223971970725,-0.26618944578380294,2.155580626923026,1.69531638595201,0.8139086375215755,-0.11590062002686131,1.084797959221236,1.0539986613245325,0.37456694327607315,-0.12243107228873941,2.0413769306497414
1.5624590015556306,2.3323525000548555,1.7412406965790326,1.4079116709188548,2.1306056189055167,2.6510498218875376,2.172618117249118,1.8429192424158816,2.0964981326811585,2.2316337572131966,2.3746475017293665,0.6815562209996867,1.4914796541595783,1.7499981525017665,1.3937235626928826,1.7862635552149553,1.1950668212016609,2.1310332383977904,0.9595076266497211,1.5679271051212984,2.640082073353301,1.8604146902758505,2.0368556373308713,2.1469882555921505,1.3546383468940166,2.2809616828326087,2.0500613896564572,2.277795279742919,1.9487494537561623,1.6875034232071435,2.0147910033161383,2.36232822664993,1.5073784319916073,1.9318784298359728,2.2830964473854434,1.4078747235729971,1.705833090983062,0.9040183253686482,1.0144993188548508,2.506552103559241,1.8708108076889882,1.2434999957719828,2.0361783872719843,2.67303042657617,1.9474935861613225,-0.17946215395389534,1.384782236885628
-2.652872051763083,-1.8795737980538032,-2.07599194623113,-1.3630777400289367,-2.222460225532518,-2.008281929528794,-1.876741310707088,-2.041606017434398,-1.8754306113263755,-1.5932531072740326,-1.9563883362945365,-0.6791696344304845,-2.2073100317930954,-1.8500757654208786,-2.8572717579227023,-2.1822074953834396,-2.253623385476604,-1.6013119613427016,-3.0900811604713163,-2.3071661312869143,-2.3576135079456844,-2.597143352440265,-1.9637076750270008,-2.428662713378943,-2.3027570257991514,-1.763867006884009,-2.079926886911108,-1.954486364735067,-1.9613280902391474,-2.0279469401455255,-2.8311480947559966,-2.0367203371064067,-1.9842702891109625,-2.135348330278359,-1.8489903832910386,-2.8003474465161124,-2.2370008875220395,-2.278447601824499,-3.0823446777690924,-2.402620735866719,-2.675545717652961,-2.3096484267803348,-2.27311857004275,-1.8371294909105365,-1.9556947498872599,-0.7317603544368204,-1.090074685763722
0.03249697768543489,0.21517548971695674,0.006932567701777013,1.469348945633869,0.3340723265285271,0.14807618782431095,0.11917802518433679,0.8306886782973228,0.1138408003853733,-0.23483748495695805,-0.14114423895490188,-0.04702140238024603,0.1904542301158905,0.17433307129815043,-0.19809044246618815,0.32365976441879496,0.2280084246420792,0.14655111737805798,0.37101692584240714,0.1767216217210187,0.21962328444095866,0.18660987159014902,0.14525438385222553,0.18538304404390532,0.35837632713771206,0.0755758053430339,0.18979819780519108,0.13908017222328745,0.04471169320192451,1.9469951946159019,0.41299962401111184,0.06527735722885934,0.2718863939228042,0.7948526062901979,-0.0595845636258811,-0.21149010012938088,0.3619512682867438,0.2432987557091713,0.37590231015729886,0.10187633746953566,0.24097308189053054,0.3739197116092269,0.07496556022198349,0.7504302053398499,-1.023590072621927,-0.42320151451432475,-0.736523696813815
0.6673359917394581,0.677186574600015,0.22665620275133816,1.3384791344258566,0.4352589139249568,0.9643566916328224,0.8228316412637163,1.2969971404193559,0.4786594965922001,1.1717003582148362,1.3619952374432025,1.4621751031924746,0.616493536115016,0.17042989103816272,0.3676899883564026,1.0814199716157191,0.9827502409043694,0.3858222593856849,0.2763717200149677,0.6918336689177431,0.8689874101810509,0.8607543204905199,0.5411342150653136,0.7934035621624269,0.860745747877508,0.517998144368952,0.6903978522802,0.7182626945763732,0.1347362058255317,1.5717368921914532,0.5373172389751848,1.2089915945906775,0.8985444663829114,1.2459819938366872,1.4129863202006985,0.3852229124618106,1.068038774805081,0.9480662966792796,0.3325430773771657,1.0271024861610643,0.8765315214130951,0.8039470739898318,0.8513411383157946,0.8949866129516034,0.7823627395796554,-0.3501967615940959,-0.5850018444067119
-2.4179816165630945,-1.3368229119290451,-0.9958681763465911,-1.285229138506486,-2.1228448584372748,-0.9225001142216771,-0.7276836092145496,-1.1648220354399774,-0.955899517785981,-0.20123489970495548,-1.1636633714571876,-0.35161582896135435,-1.344751739609435,-0.6435661547438722,-2.5949155045884784,-1.5689645745149707,-0.9256268024116283,-0.5380787196072692,-2.535213192254319,-1.317909227087729,-1.7957856796842386,-2.0659376133666787,-1.4946633367127995,-1.839844433964319,-1.18405202559537,-1.2134243439340333,-1.3218712813176674,-1.3151986503791955,-0.7513419727873706,-0.9419258227681313,-2.4143081593490336,-1.1700097939119598,-0.7968095284522754,-1.1768053858662515,-1.2809844896481992,-2.5376076634664946,-1.5459496441102778,-1.0321836668756907,-2.459438697636515,-2.036361726299673,-1.8215589833426904,-1.1470711166881198,-1.3877379650449693,-1.4901941126423282,-1.664412038241843,0.9233230598392664,-1.090074685763722
-0.7483550096010126,-1.090117963690519,-1.062586901496659,-1.5440231381622016,-0.2922160855245316,-0.4436251192539074,-0.8527361086238825,-1.294064957314155,-0.885639428551492,-1.3910153256647564,-0.5711319696364113,-0.8322321603506387,-0.979306481861841,-0.9111779513192506,-0.875644738057817,-1.308440632889024,-1.3461881381785914,-1.045664729700226,-0.49639384670170683,-1.03348947221444,-0.8040036609371027,-1.3093002134410403,-0.9780470821305853,-1.117614012056928,-1.0565464988409294,-0.9990272653623612,-0.8140332486642482,-1.0710728529283113,-0.9287507941593587,-1.2044755780150391,-0.33780183682676546,-0.884391526482218,-1.020830408247894,-1.4109304095739643,-1.0138344649458526,-0.8866130631501504,-1.3460708920456295,-1.3996905741773953,-0.5081803762076463,-0.6649458762191072,-1.3193154839790477,-1.1292824214201738,-0.8188405541017084,-1.2444482197023474,-0.5575377339892605,0.33793736311452804,-0.837538265085217
1.041891010031332,-0.25580668419295716,-0.5885494124928665,-0.4941190257377928,1.1438792697602052,0.3037487710789343,-0.9324846496311908,-0.9001325314416617,-0.25759197523741717,0.2310353945245128,0.09488163495179616,-0.017939522455417075,-0.40561116914778717,-0.5937396192374724,0.7278649866014615,-0.2647886312911643,-0.47001868866408403,-0.43729893067840064,0.9330366907706046,-0.30178859161361754,0.47594722925715044,0.21218123676814926,0.08554821988419452,0.20866090709619958,-0.5703065861023878,-0.28830121969958444,-0.5072247190566599,-0.24077170344938786,-0.552360753898281,-0.31766026495144,0.5880234391715013,0.17032915088129388,-0.9279574304431781,-0.9369021394527729,0.07848456129037773,0.7467060737642699,-0.2954001648565969,-0.5055167565715694,0.9030837314112533,0.2503999465466882,0.23380093453684578,-0.5531582262905672,-0.7530162624930312,0.23002713793753743,-0.14974193768567706,-1.398599525688028,-0.5850018444067119
0.6990779424421593,0.5515913282240381,0.7758706091191133,1.875844886556507,0.9215515971422718,0.08908061294073011,-0.12227340854630173,0.9835055091213513,-0.23351440543369018,0.08708357869185844,0.1688831465727082,1.2778878219846077,0.8117111682868012,0.4001686416533514,1.4595119848815563,1.85620489402623,1.220515726374281,-0.04026019868520901,1.4822389499047028,0.8423377233855213,0.7633740656367862,1.5620562938817635,0.0917001583048534,0.8505878221534291,1.3257936063078315,0.25961595569527773,-0.027517656142060296,0.5766800609232515,0.6627769808710118,2.173285998639028,1.2580446776276597,-0.05519452256321873,-0.14238337373944557,0.8943664417783946,-0.1392302251960206,1.437511026870956,1.7772836169439605,1.1531830164157881,1.477245392037258,0.5329190938518504,1.4514894361679798,1.2703551873377845,-0.025262894467495935,0.7648858461010255,-0.20799848001476043,0.158843831816498,-0.6355091285424129
-2.0815169391144623,-1.6732387504361266,-1.7774935060848007,-1.971559241658475,-2.250427946893643,-1.8944358613022716,-1.886243264529235,-1.7944935508109705,-1.7842259372746685,-1.2122163843855815,-2.1892983570803537,0.016040358298856278,-1.7009936884762535,-1.7046823007363523,-1.9815547603445849,-1.8847586453948006,-1.9332580249321298,-1.687666915270839,-1.7133138533269328,-1.788561799024449,-2.061124307549143,-2.126597299599921,-1.6842263724433744,-1.9842878955583518,-1.8186363184914323,-1.5235813150100719,-1.9489780453198802,-1.6745585501519353,-1.6886143484930978,-1.9431971023453594,-2.0549935338199616,-1.5159392742079947,-1.529474131133927,-1.83295467534326,-1.5920769483202772,-1.9367748060222227,-1.8457863447697243,-1.821670139333247,-1.8005083442305054,-1.786200414323479,-2.0670966171672025,-1.7648552884774975,-1.603290578632851,-1.5191053941646786,-1.7226685805709265,-0.29982617809119017,-0.98906011749232
0.6482908213178386,0.5874756843314599,0.14586153085721643,0.5094967290246196,-0.06988841290659932,0.7183477536228075,0.5920699055829941,0.646646757548494,0.5990473456108335,0.7195174208730708,0.6920868164538932,-0.15875704630195922,0.2748962685329361,-0.023509378129954926,0.23943579156434214,0.17866470507660698,0.014964732768427712,0.4912593941443857,-0.09004176083807054,0.24488833983114588,0.4902813203197325,0.38503319418661164,0.6885180590248504,0.5497778321326183,0.2049694006732283,0.42828151038201634,0.46173090528044225,0.43858652780772095,-0.0004937487592859721,0.26554093846723337,0.3336181933589469,0.8988418661552467,0.7456323918155492,0.6895605480962363,0.8474771557606843,0.24966672697338887,0.2384086695159816,0.1588734773637933,-0.1716124558051128,0.687417932920419,0.3572499503928917,0.2783198202660074,0.7811285605998725,0.9817204575186557,1.4814412475286558,-0.7238587736896347,0.6776802589858136
0.7562134537070218,1.2961917174530444,0.777069905030042,1.4352638822645798,0.6135924181096596,0.7642987073551896,1.1350386954199871,1.794323903791191,1.8232322199689843,1.5699532204607953,1.0036721285419437,0.05553048998625539,0.5872713509826255,1.2267280488972214,0.6647346824810182,0.9908367338842404,0.560298415038868,1.7202812103500935,0.9920157935188129,0.49673582053358606,0.7690659812146518,0.9472964111281554,1.1242014505883366,1.0460310733892209,0.5699436693147486,1.3823350888491959,1.2760484503515221,1.2833096368683952,0.8463033478075511,0.5494965805811949,0.8581650919415341,1.0006694675818135,0.980160113544631,1.5027918918707404,1.184535598142149,0.6682961233346918,0.8623424283961205,0.38645466246872484,0.8636240441916462,1.0260968156549999,0.9757108768417622,0.6340937256249282,1.0795320158925417,0.9383535352351295,0.02502768930157301,0.6299818146459322,1.7888405099712361
-0.15160633639023222,1.2468507278053396,2.1152316582764317,-0.6056318873780595,-0.5333984017567063,0.8366312059527946,2.3482345852120203,1.380746553793823,1.3735908561644503,0.5846922331335539,0.6920868164538932,0.6677805936668724,1.8132595778013014,1.800007649582853,-0.11276485247602876,1.1603935355861759,1.9854371047056185,1.6685329233519577,0.2907681939141366,1.8835759476016902,0.26767080007547284,0.6792537836775498,0.9807577786730857,0.7598506170556637,1.6059996577164835,1.2789578716330352,2.2137474416454928,1.2928182267200505,2.1470867204805617,-0.564483246173574,-0.496914396063483,1.2662994159438463,2.3685642261807964,1.4706906546164837,0.5728369434498604,-0.06264409253425182,1.3020321939268915,2.12634952923868,0.22298441639096103,0.47019310361052863,0.7001863990146596,1.6440325537405733,2.132720681631377,0.027648167281082842,0.6075931125924053,1.9444352659039645,1.8898550782426382
0.216600291761102,-0.3634597525152234,-0.5472052639845464,-0.7360808953346004,0.22628661386711246,-0.03128446300757368,-0.28092210182679817,-0.08021543507188039,-0.23670540866069048,-0.047949032413411134,0.15200560883460607,-1.1414184627093498,-0.49159828861780847,-0.5827619247562579,-0.05362172545792945,-0.6244738357356854,-0.9906305773382642,-0.3150436026453065,-0.20567795441526573,-0.4837903710012472,0.3686352502210623,-0.3286188661349501,-0.12456135144700793,-0.13234205158097936,-0.5832572859574094,-0.38391840840061625,-0.43813110917184134,-0.4117632074044355,-0.5114697914404913,-0.7261195347615212,0.5032216905673166,0.1272813755595246,0.01390590002081425,-0.16433236286699376,0.33190257537718326,-0.01280725963409657,-0.7015716721341392,-0.8747855827256993,-0.3433781531139915,0.4054898104357446,-0.39687250125037715,-0.7430955854418613,-0.13690089303581235,0.23002713793753743,0.2580538586179065,-1.3330157230836315,0.02108556522170035
0.9212715973610675,0.2914297464452286,0.11556352889692054,-0.9906668624755898,0.7432180929575701,0.4568195312390248,0.08218827637669159,-0.4152130885697479,0.5123100760769272,0.6448450092019536,0.4207479405105497,-0.192430802004393,-0.13790908236025617,0.21281598917396255,0.9451661386792012,-0.27809050550611275,-0.5230978337384071,0.6497385230761736,0.7068727298385006,-0.025427956122805958,0.726108408934585,0.20448266406058885,0.625792331653184,0.48014438663676084,-0.44315426025308424,0.46992538816904766,0.13189117237791484,0.3074081491947358,0.12121321036705028,-0.817859049906032,0.5792809908617909,0.11614515779365404,0.31128705117329014,-0.3933211886140253,0.6277649859120257,0.9593432274716001,-0.28334469368682336,-0.5165287493992278,0.7271399495732396,0.5708065697787775,0.27619347248347226,-0.427489701655722,0.31597023323188717,0.4902286716386937,1.6562108745159059,-0.7740948737286989,1.637318657564133
0.05154214810705631,-0.1571247048975468,-0.16658661435833244,-0.3531499364944348,0.14222632775361913,-0.23646599926920386,-0.06967330703084257,0.01594129880250837,-0.19580254911460074,-0.5042804370702394,-0.5282889892243047,1.172886929203383,0.4159688864134409,-0.020460018551840035,0.17962813502918426,0.05286517630643927,0.15311593227693865,-0.026223475836964955,0.2768361223988127,0.39599682825260996,-0.33057634770277483,0.14950190668932117,-0.158680688678974,-0.06417299574221048,0.13432921964583716,-0.16097802852765752,0.0422339881226139,-0.12207923859866388,0.04780266359243475,-0.47711227936927875,-0.14721646367509147,-0.18830891589257834,-0.20185960396994074,0.004734153338758307,-0.5257239057934338,0.13670323906636916,0.09771629176522408,0.2176041057779688,0.25548062939534305,-0.4096912299260458,0.16798307447439687,0.2553666650815606,-0.15796466635058923,-0.44938797783770357,-0.14974193768567706,0.5393271857563234,0.07159284935740137
-0.41823872229292125,-0.6684767794283104,-0.9612779574419201,1.4226397847203995,-0.15002064826712588,-0.5062719990324491,-0.30552537511628686,-0.2994114305704844,-0.45282335448932093,-0.9139415844326183,-0.032349034150824095,-0.5153927316959184,-0.6904435023922353,-0.7404138149448072,-0.3619634213725184,-0.4114291661493725,-0.45620356871323303,-0.5475874673431759,-0.19917632104144686,-0.6476591317783015,-0.10190140431665394,-0.3961608230336355,-0.5126168326570039,-0.40322759803127983,-0.4820063598181491,-0.6409764035474276,-0.7079252049125622,-0.5777177164994157,-0.9116860617950839,1.3882578619024317,-0.17519229826616345,-0.13449710582452648,-0.3810387833709589,-0.26919640456423294,-0.2785477147136929,-0.3104992748243566,-0.37374716322910384,-0.4203573453710148,-0.2885988226208905,-0.1517444810475196,-0.4108277248637821,-0.4917585361721724,-0.5932826481893079,-0.6084000262106323,-0.7323073609765101,-0.26866587194592617,-0.837538265085217
-0.39284516173075995,-1.0048926179353916,-1.0861309738533047,0.022627367070694904,-0.7882503346092055,-1.1684950151029694,-1.3115447360361419,-1.0287550872908438,-1.3701497548910613,-0.638483354712497,-0.9349078214992104,-0.3121256972739552,-1.0120218937227006,-1.0618163144781347,0.05788632750428627,-0.8807437032851683,-1.0333847380282672,-1.0657818762707512,-0.5823082877128753,-1.0316761703533823,-0.8382654166432375,-0.6718752822628352,-1.1423156131889862,-0.9034815268521206,-1.210659827115687,-1.0520810548874586,-1.4857218419016662,-1.0624628450104896,-1.0392529856200954,0.30791585736731725,-0.6124895627178466,-1.2114007275218108,-1.2562962408638927,-0.9854820118308815,-0.8737679566673325,-0.04935427042754262,-0.806822592353485,-1.0396718219984973,-0.6159749570593269,-1.0317278344493064,-0.5596163466556111,-1.1847142911906123,-0.9887549921742406,-0.5072105408824047,-0.6157942763183433,-1.425726957966865,-0.837538265085217
0.0769357086692176,-0.2288934171123909,-0.42853808964005546,0.6988581921873386,0.04009700817647612,-0.27126982136839345,-0.10360885639565456,-0.2011868099461107,-0.3408481503418697,-0.07906253727637635,-0.5023235465503001,-0.2199820566700218,-0.25916435630040513,-0.1790267166138239,0.11982047849402824,-0.27155743310687214,-0.34859105541186586,-0.24291942764165608,0.42080086139050077,-0.23530085670817275,-0.36365501938565653,-0.10636656099521577,-0.2360842774277318,-0.20350857878607062,-0.27773850301394354,-0.30190508490420775,-0.1551763258340113,-0.28637052974719934,-0.3321291135744353,0.28738368016830756,0.21122391702300933,-0.11667413920111679,-0.06114297093249166,-0.027367083915498146,-0.5007566137651775,0.13670323906636916,-0.18834290642631865,-0.23021693588012065,0.4411732751346719,-0.22108933040413892,-0.12956174651809696,-0.1864815722190345,-0.20184752742304068,-0.13136388109184613,-0.5575377339892605,-0.2923661199099997,-0.736523696813815
1.1752072029826768,1.8389426035778027,1.1936674319841065,1.3300630693964026,0.8099949557580098,1.941766093202042,1.6271041612097628,0.7293622275479673,1.9218632288035264,1.725520744775623,1.652808195392049,-0.6026383714704073,0.9365940238295909,1.5438614450211874,0.5584099597518497,0.7348598443237956,0.6548229199657442,1.9725541094660013,0.8155428876580332,0.9869989163010027,1.498584794545237,0.8641180478709704,2.0039673465369843,1.4933100038325366,0.6817906226081171,2.10114987688239,1.728447086502122,1.8571164629163905,1.3421465146185498,0.8989804477983759,1.1903781277105059,1.6259369404894206,1.664981060993551,0.7216617853504929,1.4217248724105884,0.5287529912142575,0.7590038560701413,0.6066945190218838,0.8079162504698467,1.4673540900081405,1.0240745753277147,0.8005041007121647,1.7377749319793139,1.1985550689362858,0.6075931125924053,0.894995765251068,1.687825941699834
-0.3293612603253576,-0.24683559516610182,0.006995688539194597,-0.1848286359053502,0.2993483578722993,-0.245094704866749,-0.29025437790212144,0.05729903380224429,-0.33794723831732365,-0.8257866539875491,-0.9177706293343679,1.8004432854760144,0.07336395727507154,-0.36198829130072774,0.3656963998052306,-0.060053423635329006,0.12403146922251577,-0.36905587719961047,0.40686878987517555,0.13071748191270616,-0.3454766502626316,0.046619701036187754,-0.08444735329918082,-0.02286409347508926,-0.19532495848198708,-0.22988886162255273,-0.0975983175966626,-0.16629485450394496,-0.148602746637896,-0.4115840542660577,0.13254188223562074,0.3364273234094991,-0.16433516849328778,0.20804198928238504,-0.6630440119488458,0.3426954817203457,-0.00013398400951647417,0.21026277722619727,0.41331937827377285,0.0393019713968204,0.13447973027183718,-0.10040724027736017,0.09655592786962917,-0.6662225892553337,1.364928162870489,0.8248248333679361,1.7888405099712361
-1.5482521673090834,-1.3278518229021898,-1.243112496510087,-1.0411632526523138,-1.190954097803382,-1.258476313073008,-1.2715007877856639,-1.169991752314945,-1.7338080862880698,-0.8639525532861204,-1.2979047100817893,-0.8059054058923727,-1.4267753902913862,-1.1013360146105056,-1.546420832575461,-1.426105392064132,-1.3828345616271653,-0.9041331647603265,-1.6309288704329796,-1.5132085534564481,-1.5096849702324295,-1.6259803684287324,-1.4288908723371927,-1.57392376170109,-1.2767083963762977,-1.3015417803146003,-1.5487286337728223,-1.3700549123172439,-1.188585492611616,-0.6833077610274169,-1.1286437109231122,-1.2299036599765125,-1.30901807270859,-1.1267274557496112,-1.2385400932001625,-1.5556227080018352,-1.4112146766235796,-1.386182529642134,-1.662817247414794,-1.594538182092349,-1.5244207956810427,-1.4429372870156354,-1.275046777810914,-1.186625656657646,-1.4313858689255097,-0.39052184650946187,-1.0395674016280212
1.2704330550907803,0.8431517215968419,-0.27262962121936757,-0.40364632667116035,1.1462361002119854,1.6202745597662276,1.1341903066858676,0.2372051810511003,1.1977955874770003,0.7796701969414721,1.7891267694305708,0.7335974798125396,0.40522049647968833,-0.11590497334684141,1.0800656306418344,0.9121620411382332,0.9529386662735845,0.19208960993641735,0.9404671289121109,0.3036527519950486,1.4783352833663923,1.0124527956796168,0.9777851514881603,1.1107077628496245,0.9625853421919969,0.7160972829033415,0.9379832877008013,0.8646824138503506,-0.22040341300078806,0.11701029489993092,1.0059124683756293,1.425413929565179,1.4173197868476406,0.12564881366312647,1.8199531802612823,1.0636683310092578,0.8389243052409883,1.0229478479073533,1.0386393628009627,1.4687156131548118,0.9183701734273395,0.6983625601413778,1.2392656301962657,1.7767806993832995,1.2484150782123222,-1.590678055891976,-0.28195813959250576
1.1371168621394356,-0.027043914008142083,-0.009415729189299192,0.5987070183368339,1.0508630279299456,0.016419480388310165,-0.5647929722634513,-0.30913049829542344,-0.21268585709745466,0.010129509997458071,0.18861688300495155,0.21196039147665388,-0.4310042403662781,-0.4400518965004735,0.8076085286483393,-0.08574077395870847,-0.5579991894037156,-0.5106521274982571,0.585477946701638,-0.30944475502697105,0.6072486954146078,0.39946062907238794,0.3213747218559548,0.46500278492442626,-0.6015059993894856,-0.2638509880355905,-0.41740302620639547,-0.24851673931444662,-0.33245108965677983,0.7653028685878049,1.2346149161576374,-0.1993782243515564,-0.5335756135835542,0.17465670253795826,0.26573925150230293,0.844386266248574,-0.3784065809247714,-0.5335606316393386,0.5962266343270117,0.4261076029954569,0.6401775865357194,-0.8637144159361277,-0.7858406425752251,0.9961760982798307,0.19979731628882308,-1.895584101653104,-0.686016412678114
-0.011941753298346014,0.8790360777042637,1.1968234738549706,0.3832557535828065,-0.517686198744838,-0.5612191008495452,0.6429732296302118,1.1532790112952704,1.3126717036489968,0.18021666991500299,-0.34653089050627534,0.6983930988509036,0.9265174082666983,1.5194665683962674,-0.22573487037577186,0.5303435282689656,0.6839073830201681,1.458305507422034,-0.09004176083807054,0.953419252207344,-0.36365501938565653,0.3384476810933318,1.0802707967612497,0.4869246044200604,0.7642041671400736,1.0984786104761766,0.6097886407479122,0.843309625726734,1.4194207743813032,-0.3023703457606882,-0.4094899129663851,-0.32162570987528627,0.1264792064507738,1.0105729206388039,-0.4258547376804073,-0.2487016020281636,0.44667178579491346,0.7314971044020063,-0.1344739266572465,-0.26471995851339025,0.29010816785792287,0.78328923432383,0.7109159828839504,0.14329329337048569,-0.44102464933109387,1.2373979594925673,0.7786948272572157
1.0291942297502525,0.6323311294657374,0.45294440489229576,0.8356192489159687,0.2215729529635519,1.461671519462256,1.133341917951747,0.8141455842974284,0.7878967184087383,0.7983382998592506,1.0971477221683597,-0.08834828437868925,0.20906238018870005,0.26861926945346776,0.15038883627866295,0.09965325602136006,-0.2133483022087967,0.5245723538994351,0.22250104348904579,0.26234976515984876,0.6956372901996775,0.4362702215026486,1.1610463822751795,0.8229317774867021,-0.008717146934629137,0.7474247473978889,0.9725300926432109,0.7278446517919152,0.5330206196860554,1.1239606873194374,0.6221189875793696,1.56406674077254,1.0692806478016823,0.7152415378996412,1.3405811733187534,0.2018233673892399,0.1741392561376396,-0.02979866641674572,0.1306023251356445,0.8952513468890638,0.5308594166618835,0.06542930593026576,0.9987875515192322,0.9672648167574801,1.3066716205414057,-0.6373834014867419,1.384782236885628
-1.1419551983145082,-0.7895864812908597,-0.352161876365143,-0.6687523750989669,-1.1493167598219327,-0.661514385577377,-0.36067064283410644,-0.7688217228174977,-0.17201507051332798,-0.27611473474182524,-0.10635054577173614,-0.624067125099229,-0.7690411037828027,-0.2348299968933291,-1.2065804375523546,-0.9513884418373668,-0.5718143093545667,-0.2293355023046451,-0.9008883230299668,-0.7423537845224196,-0.8879519655593358,-1.0713833535965263,-0.7848386667469173,-0.9472452332736188,-0.6474221170572898,-0.670257318767532,-0.41756753480135955,-0.7518741135277873,-0.390406784478845,-0.5470090528127153,-1.1910647918544413,-0.517841434168343,-0.12587262212971803,-0.8384583452063853,-0.1624498067822993,-1.2042398115004742,-0.9934551424452664,-0.7132763545867159,-0.8851364470584842,-0.6616039557681853,-1.0909321027627656,-0.6662025155739661,-0.2588952468172275,-1.1288030936129445,-1.664412038241843,1.5039761204776152,-0.98906011749232
-1.9926394771468996,-1.7315508291106876,-1.6995392718744569,-1.3744394278187002,-1.8326404688080722,-1.4917519239041002,-1.8387334954184986,-1.9148445596602042,-1.9354214719939737,-1.5994758082466252,-2.152427428483268,-0.40059583725580267,-1.9731294861114568,-1.8098852061813222,-1.736077556743616,-1.883999680862853,-2.0484324986276463,-1.740062055856451,-1.7462864225798669,-1.9898383056018392,-2.015362498327311,-2.1130663895431603,-1.7978144920473096,-2.060034933695103,-2.04233022507817,-1.5979368277793355,-1.8548791290005555,-1.7113254715200499,-1.842840891936259,-1.5989554931364347,-0.6023483226785833,-1.5485592340506145,-1.8285438818828523,-1.9714180120332871,-2.0844319471174995,-1.723340262988491,-1.8804615275887346,-1.9115280008069362,-1.6375630475942446,-2.1473660895736577,-2.0842670810710144,-2.002994273516129,-1.83025273609957,-1.5769279572093802,-1.6061554959127597,-0.4319178923559264,-0.9385528333566191
-2.0243814278496006,-1.7450074626509706,-1.8424448477871846,-2.587615201814521,-2.298664410140078,-1.5648036189204093,-1.4771502169364255,-2.1946296369334237,-1.6854208737186531,-1.0259502019392939,-1.3916399581349446,-1.0511115724164581,-2.150545097455464,-1.7189533035619309,-1.86380012992203,-2.052789941015883,-2.1874562320277913,-1.3749132057258606,-2.05678585641807,-2.0657283464535086,-1.844715293230296,-2.2721988429847864,-1.778486651248258,-2.0416782317057884,-2.1155605460765656,-1.595751335012581,-1.751732239958219,-1.7473382122858194,-1.7971202882432968,-1.6915687179489878,-1.7759345837740257,-1.579972317270166,-1.6437360371603353,-1.9930328451178199,-1.388343845369703,-1.9026199632079823,-2.010286243446131,-2.296066790348752,-2.146917974857224,-1.6009156802861906,-2.1995618152493726,-2.1983256241357685,-1.8851940781622791,-1.6058392387317308,-1.7226685805709265,-1.012607418406329,-1.090074685763722
-1.0403809560658648,-1.058719152096525,-0.8842705357928354,-0.5930077898338793,-0.6072457559124858,-0.6885565012060476,-0.4302385190319713,-0.6530200648182349,-0.7861381461095853,-0.6764418306453148,-0.785346871696946,-0.4036570877742073,-0.7640027960013558,-0.861168454238163,-0.9394395716953169,-0.9138232755417345,-0.7899477822627428,-0.8250876563706756,-1.0016636403241481,-0.7655237527470441,-0.7854974851577605,-0.8768360582828102,-0.9972415252554099,-0.9567887449727457,-0.7233603116617346,-0.9778714421858998,-0.6643304272471412,-0.9660675521953415,-1.0179381689688691,-0.26305341069875526,-1.1150054915599656,-0.5894887563548469,-0.5161267510869105,-0.6041193132503112,-0.7753968260760007,-0.9517331914730212,-0.9249265605265904,-0.9364527425605841,-0.9185611232915634,-0.8220006655584732,-0.9469285150501898,-0.8280222596243135,-0.7512609480501329,-1.2299925789411719,-1.023590072621927,0.8004193808167924,-0.888045549220918
0.12772282979353838,0.36768400317349986,0.824094928905917,-0.34052583895025307,0.48396674326174804,0.7980332305310477,0.959422227457085,0.5370487597991912,0.3347742601747498,-0.136103962858481,0.6881920000527926,2.264222739014082,0.9083795002534897,0.7430996198081719,0.4919570080461191,1.0991417723894321,1.5688021714510016,0.307552975301006,0.3348864203793322,0.7317934691891969,0.8868379726477593,0.8353293267131751,0.16944876943324727,0.618705622910988,1.2292520255703978,0.28452262644565235,0.9371607447259817,0.5423804817589756,0.8472692760545856,0.33106916357045596,0.5215808320177066,0.8639110261258374,0.7822187164052861,0.615727702411446,0.5303925470018244,0.4928704715261462,1.2256822677215073,1.5845594821179092,0.27776374688406336,0.6904504162925514,0.8937560229688467,1.3083426591680438,0.9224313732531662,0.04210380804225839,0.08328423163065637,0.9946684008747488,1.637318657564133
-1.45302631520098,-1.2381409326336348,-1.1688823917073625,-0.5425113996571538,-1.928484907180467,-1.5868749395541304,-1.0152873900813322,-1.1426956472151184,-1.2086269733643742,0.128153405110973,-1.195600865946213,-0.40304483767052596,-1.1978346847024521,-1.084137626589937,-1.7887082944945547,-1.4369354749692644,-1.1069684295559588,-1.1675319455808342,-1.5641478076361892,-1.2947392588631046,-1.5237180751833024,-1.6080006122424289,-0.9508405441278305,-1.4107451673577445,-1.1935884500340672,-1.0917236324760278,-1.2100054367422457,-1.264092649870369,-1.1138226462911522,-0.7449042926244446,-1.664555792308323,-1.428360846050458,-0.8913711058534414,-1.3507940917843235,-1.066265778205191,-1.8107872924506303,-1.5467021459111814,-1.3380234143425105,-1.5406314865183153,-1.537437757943411,-1.6382551623157326,-1.3774060289640402,-1.1051323397383819,-0.9553354044788406,-1.0818466149510102,-1.225521546545741,-0.888045549220918
-0.25318057863887555,-0.9062106386399811,-0.8031602597116276,0.8739123447999858,0.03349788291149242,-1.1683595980964623,-1.376700990816581,-0.45677761224448354,-1.2408851150773188,-1.4098908519482891,-1.4072192237393477,-1.0468258216906952,-0.7517765024517119,-0.8550087478903707,0.23943579156434214,-0.4840355102028898,-0.7294520991095413,-1.0245773027484864,-0.052425167746693827,-0.751218815843145,-0.7919254756820825,-0.3007491884831947,-1.095083778646007,-0.7352665561401535,-0.859578127409554,-0.9943631009127335,-1.2198759524400775,-0.9427497436511489,-0.8391770480510337,0.3791231953128183,0.13219218430323315,-0.9326281185534772,-1.394949029950126,-0.6561233176022077,-1.3840994057248994,0.20408263714737973,-0.6101917432364973,-0.8551108222069504,-0.28702043513210523,-0.9071484665288475,-0.34075169782849224,-0.9473786665834352,-0.9905103066171382,-0.7529564338223858,-1.2566162419382603,-0.20625162721117185,-0.787030980949516
-0.4626774532767022,0.09406578785440732,0.34986807738987363,0.8103710538276068,-0.5791209125212416,-0.6909840987617207,-0.0885075369283134,1.313333445744252,0.4953687498535821,-0.5889091702975058,-0.037542122685624825,-0.4287593420251106,0.31654627952622744,0.16128181230381805,-0.9680143409287816,0.06553394866001767,0.7029577063208154,0.18076967215557457,-0.7528368430604492,0.37067776152599163,-0.3531592462624936,-0.1620876198736453,0.271115089485006,-0.06482400905458321,0.26901649813806244,0.11316437570696347,0.03631167870391492,0.012528424835667334,0.38510480745685227,0.3682018244622804,-0.5360805644909835,-0.6798966118275873,0.10546552258384836,0.923043547058864,0.12042961189784968,-1.0223021468596398,-0.013459901924686882,0.6983142993479973,-0.846140991453225,-0.4565400036547028,-0.21009405920370164,0.24136524041904825,0.26489058294355294,-0.16027516261419672,0.02502768930157301,0.5367171460280644,-0.5344945602710109
-0.13890955610915065,0.21966103423038422,1.1084543014707755,-0.33210977392079905,-0.5255423002507715,-0.029666064637124963,0.5666182435593841,0.336463745050468,0.23933425456720625,-0.17240305186527352,-0.20372095579925195,-1.3679510010711786,0.8190335089291699,0.6168561332742086,-0.28554252691092974,0.11836427845346326,0.46577391011199193,0.16459833246865735,-0.08539773699962926,0.8560382263357346,-0.3439866200066459,0.05281233721777184,0.2310957872170317,0.06094021014165417,0.4816434430305098,0.27886241827779723,0.5028580540214058,0.24011771206969187,0.9686542590985764,-1.1979227555047167,-0.23464094677218936,0.1765140799371416,0.09833587984328424,0.20804198928238504,-0.30101827753912386,-0.2619914241348728,0.185883793396335,0.7755450757126388,-0.2830280432487104,-0.3040184675195957,0.12265899391004687,0.5881874152560346,0.31597023323188717,-0.4204766963153527,0.3163104009469898,1.383218796606601,1.738333225835535
-0.5959936462280485,-0.8927540050996979,-0.5399463676815592,-0.7297688465625095,-0.5805350107923098,-1.0694622462467784,-0.7653520690094912,-0.9766443411911749,-0.6297789879865889,-0.8309722381313771,-0.7438021634185392,-0.5138621064367181,-0.7260475440477915,-0.5059180633877588,0.11849141945991296,-0.7076421204831033,-0.7935833401445455,-0.6853672814757111,-0.42580468435739466,-0.6117288911980869,-0.6395788221890839,-0.6374414102586005,-0.9652837244113753,-0.7850757876236014,-0.5720725906280727,-0.8123325234432033,-0.6635078842723215,-0.842912691319144,-0.5034203893818713,-0.46182236017852696,-0.6726376070886502,-0.9973595275063357,-0.6690388256542714,-0.9069409846821331,-0.7654099092646982,0.1021497015889294,-0.6902382354155935,-0.8373448071116619,-0.36380434414531754,-0.5786438749448496,-0.6585971137134002,-0.4997921404867287,-0.5643199598814901,-1.1577143751352952,-0.5575377339892605,0.9511627890808911,-0.787030980949516
-0.39284516173075995,0.6637299410597318,1.1545956336228087,1.2324367150547342,-0.0826152973462129,-0.6004611327656544,0.1880671903949052,0.5537986424740853,1.0895335507209667,0.4467556949077402,0.05411588995360953,1.705544519405518,0.8559139218893596,1.376268642607984,-0.30747200097381977,0.48459181609572816,0.9194915337609979,1.2031864525212288,0.10686484991185191,0.9593964324160151,-0.21933664891190854,0.1810702770422598,0.5566281078940017,0.2575040785372093,0.8991269129023904,0.7798991694264003,0.3661514116064435,0.6162412692128028,1.231386742291937,1.4454858451592454,-0.04265678189096259,-0.49212986026234323,0.14411569112480097,0.6388405932345103,0.04752511917533973,-0.28298934306347173,0.6065944868836828,0.9722926809001269,0.10284127459761554,-0.3836675715998891,0.294055618332111,1.0537921681725317,0.1551834302624243,0.244482778698713,-0.6157942763183433,1.2277964096933598,-0.6355091285424129
-0.9261099335361398,-1.2112276655530683,-1.2809849989604563,-0.5656555784881526,-0.7219448378991218,-0.5000585052887625,-1.0096880244361381,-1.0883102256904642,-1.1626765268955754,-1.2198910489184462,-0.29200346089086626,0.6432905895196481,-1.1818464546759948,-1.139270047762257,-0.04830548932147018,-0.9360997053979074,-0.9411869901457448,-1.0974130166983609,-0.23400649982975855,-1.1711660949984404,-0.6448535292952731,-0.9022751262332948,-1.429083557866631,-1.0823000525224504,-0.934103518393451,-1.2405379412239956,-1.2442232244947278,-1.1348661123747856,-1.2182072921873375,-0.5360876819621789,-0.7740500074812834,-0.42580350070644174,-0.8904329949665253,-1.0374860161827772,-0.45207039431007695,-0.028755046162144964,-0.9005693752239082,-0.8828610441326484,-0.2927769071500255,-0.6545642622257355,-0.893937842616907,-0.8475324415310932,-1.2682010514836113,-1.0420692490458925,-1.3148727842673429,-0.1347755196667258,-0.837538265085217
1.733865535350218,1.4262725083424495,0.3402737101024466,0.25911879439835805,1.3159278927401599,1.9752900594470508,1.4090682565408454,1.1553468980452568,1.1287538812928204,1.9733916668505815,1.655404739659449,0.5361468213755398,0.4797874516450981,0.5891069611133607,1.237559126184416,1.0083017579721583,0.7464389785871786,0.9802807062767612,0.9404671289121109,0.4584550034668156,1.7909734316773056,1.1244409913543063,1.7619823186050967,1.5782399203946549,0.9343292697810403,1.5281148266013431,1.1715854925494749,1.5448409551593902,0.42322677560647703,0.6434203698958126,1.7953555507424233,2.364703507044603,1.6509093976898055,1.1828495605699818,2.0072078704732075,1.2384294917124687,1.0139341874727783,0.7278264401261206,1.1393776231145494,1.9734848479293987,1.1850797592817919,0.8647729352286152,1.5174829693956082,2.080349155367982,1.539697789857739,-0.4763387000543796,0.5261584065787106
-0.15160633639023222,0.10752242139469045,0.22476257762881963,0.7619786799082459,-0.31342755959055424,0.01975288560336172,0.3375532853469026,0.6259678900486253,0.007261292603575857,-0.6805902979603776,-0.04792829975522629,0.36165554182656384,0.7149084814459401,0.20824194980678978,-0.4849013820281215,0.16096395157222124,0.7857030037106496,-0.013286404087431924,0.1700235741146564,0.6948558386861725,-0.048364617219088274,0.17103539159346565,0.28556650419288593,0.17651458787540214,0.646470532094422,0.09180574642264418,0.24786973182743194,0.1110001262313047,0.22810926970552528,0.5276538388801207,-0.2783531883207383,0.23163062148959132,0.4079124725256719,0.7109613729324078,0.9348626778595822,-0.46798366678884745,0.1359256871466598,0.7094731187466907,0.1440650419517468,0.1932469180943571,0.06862134197043392,0.5193279497026957,0.13166221672759024,0.17220457489283628,0.6658496549214886,-0.24661130686350738,0.5261584065787106
-0.8435808617091161,-1.1304878643113685,-0.8849017441670086,-1.5082548617870224,-0.4744776404622012,-1.0586742999662109,-1.572169755157899,-1.6094176866871486,-1.007767824784852,0.6707729299210916,-1.1241958985927019,-1.2562153571494654,-1.3796840068941323,-0.9864971328986927,-0.04298925318501279,-1.357167166109003,-1.7439181704478328,-0.9725702743153606,-0.07239447025199283,-1.2668681376653677,-0.7516886986494455,-1.0051714060595678,-0.8655895489878417,-0.9480789049973769,-1.6999608143654152,-0.9858686836547498,-1.1915804741062943,-1.1067915408894664,-0.9606264263114938,-0.8615445333081789,-0.6979907071868091,-1.0594095459854895,-1.673755585541658,-1.5650163483943964,-1.2035858843606029,-0.05533469037556148,-1.319389006226567,-1.8805475943184582,-0.08433691230762845,-0.8169877848820913,-1.0195686286700145,-1.6227752578857737,-1.4516314107664587,-0.854145919150613,-0.6740508186474267,-1.316906302027464,-0.686016412678114
0.07058731852867593,0.3138574690123674,0.23423070324141146,0.8882196553500574,0.44075818497911123,0.27849019651157425,0.32906939800569945,0.5742707212989543,0.05657679702084781,-0.037577864125756553,0.0689161922777925,0.009611732210209556,0.3588680648903796,0.15335347740071828,-0.13270073798774867,0.5636824028836463,0.8511430455831029,-0.22351382001735562,0.10965126421491694,0.3590591977495856,0.33040107385246953,0.2863732404754667,0.14953381417911174,0.25332479163739563,0.7406574401309429,0.04559779113105596,0.5110834837695993,0.19852267968180945,0.2957242469979341,0.28738368016830756,0.3773304349074958,0.44072220552771585,0.370388037049019,0.5183539494068661,0.09845839491298354,-0.10915846990772929,0.6232780736775386,1.025150246472885,-0.046269919931066356,0.3139273788220743,0.2890949618840551,0.8636252774693931,0.3422999498753578,0.17220457489283628,0.7823627395796554,0.1350719892248056,-0.6355091285424129
1.359310517058344,1.9421101273866408,1.6260451682924917,1.7929466460163834,1.407058670208994,1.9915153288242529,1.7458785839866056,1.5048197587930323,1.6027629061035347,1.1862199938175535,1.2113956699339776,0.024917984802226283,1.4404248019742523,1.5347133662868429,1.0634523927154016,1.6488585621376317,1.4619167697259954,2.0437080040884377,0.6762221725047864,1.4033867510623705,1.871092358541656,1.5508673262354915,1.5905169006779278,1.730125853601984,1.2881188430932238,1.7829492244963632,2.5509900613213943,1.8291583368801754,1.4805962300268163,1.6634764073359622,1.5225911634794775,1.5066711009540747,1.149020073189571,1.6311968408877675,1.2844047662551763,1.0935704307493503,1.7461668536227337,1.5610672307522393,0.5618734948652367,1.4473953984262489,1.907522637475463,1.3169500923622115,1.3603823267562314,1.9936153108009296,0.6075931125924053,0.12476601659664048,0.5766656907144115
0.08328409880975747,0.3811406367137837,1.1021422177290467,-0.016507335316267056,-0.13273722495407117,-0.18295976742987968,0.6853926663362269,0.19171167255139007,0.6280564658562873,0.30467068936686387,-0.22968639847325653,-0.8322321603506387,0.8660577148893385,1.3121101170844427,-0.29218782208150246,0.09910602701884667,0.4148760997667506,0.4492139109584006,0.1885996694684229,0.9500612857979783,-0.293772600379929,0.2245876203910272,0.7722209823898631,0.30980839269652055,0.6405838503421397,0.6740272365336668,0.757846376215381,0.4801748292447884,1.2230153641509725,-0.45526953766820455,-0.4794294994440644,-0.19516711984902868,0.5392479966939583,0.1545399271919571,-0.47578932173692057,-0.2619914241348728,0.06904359419335518,0.3130413769510052,0.30190379083017527,-0.3625020754107205,0.14947517868507967,0.628355436828816,0.5617142552376151,-0.5216661816435803,-0.20799848001476043,1.8262362005434307,1.48579680515703
0.8133489649718842,1.1033133033756513,1.1043514470386513,1.6561855892877533,0.7102224666326471,0.8501729066034874,1.1189193094717016,1.8005275640411504,1.1244025132560023,1.616623477755244,1.2256766634046798,0.28665490412568906,0.8069415702536985,0.49061264674024446,-0.007769188780975511,0.918219445250673,0.9427591042045362,1.2131479977683697,0.08364473071964412,0.9060719258352854,1.0114790035609609,0.9486686430093011,1.1756336649845858,1.0632228206214789,0.35684578988211885,1.2094648170480289,1.0737028785459817,1.1530863801760913,0.9979540825919535,2.0260659195737896,0.7707406088444363,1.0161840631174424,1.0542708736110213,1.6429672945476617,1.240712005205727,-0.057992654796902555,0.8232544882055324,0.9172327167618372,0.09624918567386956,0.9821258067590802,0.8736337523278328,0.3018468043300649,0.9847450359760467,0.9672648167574801,0.37456694327607315,0.3954869865983789,1.9908696465140403
-1.0403809560658648,-1.3861639015767506,-1.4081734863562805,-0.67085639135633,-1.0244047458775818,-1.1897108965980248,-1.3617693490960643,-1.4026290116884645,-1.290026564773118,-1.2157425816033842,-0.8580501111841581,-1.9266292206797402,-1.335011011231972,-1.225871859780725,-0.8829545627454464,-1.4175686196249184,-1.6137651982792878,-1.3289866010150158,-0.9092475659391607,-1.3649207568188515,-1.1999196002550558,-1.4009793772747627,-1.309795569738027,-1.3597753524296485,-1.6363846514407634,-1.2513497754938023,-1.3305902368507512,-1.337050861692879,-1.3218835907023647,-0.6889868738696953,-1.2985969060638707,-1.3713700075386908,-1.3913842085798436,-1.368128759901622,-1.169880040122457,-0.8620268922527421,-1.4112605863285708,-1.5692752637233267,-0.9659127479550926,-1.1104114948437782,-1.36084341949464,-1.6049865626178275,-1.4235463796800898,-1.4034602680752761,-1.489642411254593,-0.02773577302024719,-0.837538265085217
0.8768328663772865,1.6550352785272646,1.4145903629445955,-0.1848286359053502,0.4878947940147148,1.778728971648423,1.5592330624801387,0.801738263797507,1.6752857067171691,1.393643359570657,1.484032818011022,-0.021000772973821726,1.346376390053916,1.8305012453640037,0.4786664177049718,0.5717224597667323,0.5312139519844442,2.0340052002762867,0.6204938864434882,1.175045035225492,1.387130531397509,0.7853730491528745,1.817457635349818,1.3234845167343736,0.5287368970487704,1.927696130154104,1.5145859130491115,1.689482132862955,1.4966950341440564,-0.6300114712767967,0.7794830571541456,1.268264876833805,1.149020073189571,1.1068766324015733,0.997280907930224,0.44901405857400983,0.7775555504961901,0.6947904616431465,0.5247349657173704,0.9485828274183509,0.9477463919630115,0.6570468808093741,1.211180599109896,1.1262768651304091,1.5979543321868224,0.5558734188700356,1.9403623623783393
1.200600763544838,2.260583787840011,1.1387523034310705,0.2654308431704489,1.2397237081326,1.9649108413263665,1.6398299922215678,0.801738263797507,2.164669565257975,2.509581067322354,2.087729360181621,0.8300268711422362,1.5301066804840024,2.122020021031804,1.19968094371215,1.3193067331892208,0.8511430455831029,2.394626075294541,1.3811849911802152,1.0447559385420955,1.999145558741064,1.231461003910589,2.2141016211411917,1.8279402134902754,1.2310180300960827,2.2298133055748797,1.9357279161565781,2.0853912750544445,1.3466541797713776,0.5647864997719467,0.9132425162927054,1.5718324022037158,1.5327074259383477,0.9731214771755035,2.127050872208839,1.2058694275510333,1.4611781862793978,0.9877094708588486,1.271219401589473,1.776559090988067,1.412578273947562,1.2377617069758697,1.6491315526129626,2.3116394075467865,1.7727239591740724,-0.0385566181939278,1.687825941699834
0.8387425255340455,0.6861576636268706,0.006364480165021448,-0.5277832858556089,0.8712725475042952,1.5175723203190805,0.6828475001338659,-0.18257582919622845,0.46009365963511,0.8844189966467884,0.9699170530657385,1.797382034957612,0.3135232948573603,0.06309243388851214,0.9425080206109724,0.4628659828051617,0.3210787064162344,0.4627978362954106,0.4338041281381372,0.18881030079473632,0.97306602356165,0.6613232870972353,0.7515402256725756,0.7940733096708396,0.49400547471030287,0.45224095878561604,0.5859348944781527,0.608963720318365,0.04780266359243475,0.24151392259605217,0.9298531680811538,1.8850808679145916,0.8516389220370951,0.00045398837152492433,1.0072678247415272,0.9407374765222086,0.4856386913087059,0.3460773554339782,0.3998566614576719,1.0593458297708802,0.6644067187241439,0.5405596182483081,0.5415281391442871,1.256377631980987,1.7727239591740724,-0.8582511699191839,0.5261584065787106
1.7719558761934588,2.0497631957089064,1.4966474515870627,0.9723803056446005,1.7448710349641572,1.4486500182877782,1.1859420194672061,1.2566733487946125,1.8435386041408015,3.177484305047347,1.1984129485969752,1.4790119810436915,1.23553361886209,1.1840370148036103,2.126699620007091,1.991550201327169,1.3892056120899368,1.645893047790274,1.7025514408003704,1.2824999603251994,1.651610901834966,1.973585116494297,1.8460310877921784,1.9743104871469714,1.3469856606160495,1.8739644192233527,1.1855687231214027,1.9570912753750813,1.1135434961537385,0.5058110971790465,1.9509711306552575,1.8882632418236522,0.8582056982455087,1.2566824062547721,1.134601014085636,2.1035969108591646,2.0741499596904664,1.517019259441607,1.6574601047272768,1.585559054105545,2.178386367822773,1.3284266699544343,1.0005428659621298,2.4706514559197155,0.8988758242378221,0.06430285492585239,-0.029421718914000673
-1.6307812391361052,-1.4713892473318777,-1.5416740574938328,-1.4809026504412959,-1.3496473482232498,-1.1078496647376763,-1.2548723685969057,-1.773814683311102,-1.246222793202482,-1.2043342964869634,-1.1332838035286024,-0.21845143141081946,-1.654439724575687,-1.5692297482764814,-1.4969798365063973,-1.6710219415930019,-1.3600032581294423,-1.274974326460712,-1.7916120952430565,-1.6103881013434964,-1.3845194486691208,-1.7774283233359383,-1.442419208077122,-1.6185133339313296,-1.7541182864864149,-1.3970402058591456,-1.6990894895697854,-1.4898710420970631,-1.6206773951183435,-1.219765497205791,-1.6089538210585679,-1.3025997855485514,-1.4063939827705052,-1.8121958752521738,-1.0388017569741086,-1.4221928940504864,-1.686806462077095,-1.5751483265647441,-1.7667122827059485,-1.3110040811687589,-1.7301164687304778,-1.7432793226041174,-1.846577160418522,-1.1721700158964707,-0.5575377339892605,-1.1214314530931988,-0.888045549220918
-0.7547033997415543,-0.9376094502339755,-0.9385544559716984,-0.09645995309608237,-0.9560566627759556,-0.7886701289739309,-0.4022416908060015,-0.3800590138199713,-0.797741794207767,-0.6671077791864248,-0.06220929322592853,-1.4429516387720533,-1.1076153866960146,-0.8815991634115344,-0.676950412457682,-0.9382212701461143,-1.1898591492610657,-0.8638988716192765,-0.5066106991462782,-1.0361758453419332,-0.5426970549448954,-0.9037810627592704,-0.945261721640885,-0.9062235886791034,-1.1554427522792763,-0.9646392210540815,-0.6733783999701531,-0.9921621023158459,-0.9551528329116324,-0.035888897007585414,-1.025832518800926,-0.9508115590677686,-0.821950900221633,-0.4703641580242414,-0.5918872296683141,-0.7198257957109647,-1.0006546189098187,-1.2712173245213858,-0.4882184167906682,-0.7063176136531986,-0.948130852805846,-1.2377360796666834,-0.9847177689555751,-0.6662225892553337,-0.6740508186474267,-0.6446467105566027,-0.787030980949516
0.5340197987881136,0.013325986612707933,-0.6476305163154434,1.4920723212133964,-0.007668088979601851,-0.7606685343113514,-0.8467973874850403,0.825932538772354,-0.5130462881188829,-0.15580918260502558,-0.5846339998268935,-0.06416440528330468,-0.1462390845589152,-0.6798535337234414,0.2806366216218954,0.4930077772090024,0.5115819394227086,-0.5660227945862613,0.5824128909682664,-0.06666378362981912,-0.33854502951178617,0.39764365332001905,-0.12772007662190424,0.12534962507189415,0.029428550820161766,-0.284083090809173,-0.3940428057215282,-0.17314453929156107,-0.7112881481436769,1.0457636720295935,0.16873561823781938,-0.5687443621192565,-0.388168426111523,0.7394244699645146,0.03554081900177607,0.2547168593739375,0.46064294374568965,0.422280345801372,0.5796999888562117,0.02740721008817037,0.5121367212061056,0.06290445885997682,-0.08371486541600164,1.0684543020857074,0.14154077395973974,-1.789236641179512,-0.787030980949516
0.5340197987881136,1.291706172939617,1.8438120573821168,1.1407016062336837,0.4957508955206495,0.767106133099846,1.1265548080787846,0.905132601296849,1.3213744397226332,0.2424436796409334,0.7829658658129084,3.040249745429263,1.5311143420402917,1.8609948411451542,0.6315082066281529,1.1211193310211547,1.0910898657820964,1.3289347899266963,0.9966598173572542,1.5947908363962255,0.5640378179910233,1.0618601804874581,1.4675769453567622,1.1078539203196058,1.3705323876251803,1.457954943528201,1.218470442114173,1.330190709296509,1.9345825061329909,0.6587102890865644,0.38607288321720507,0.20143779675448584,0.6518213031239165,0.9035687964579481,0.2981967311390373,0.6350715680679216,1.0630513113992033,0.9884436037140252,1.026105109213559,0.10072523153644028,1.066899414489859,1.2997352259738761,0.8425645661013048,0.4613173901163431,0.14154077395973974,1.2000899995949854,0.07159284935740137
-0.3230128701848178,-1.0407769740428137,-0.737577709635071,-0.22270092853789397,-0.5412545032626398,-1.2208601109484363,-1.1995574231322623,-0.6495046573432567,-1.2270187555999923,-0.8328390484231551,-1.2389631552117997,0.1155310001469574,-0.8405178968422581,-0.9968039682727213,-0.2224122227904846,-0.8205236772308553,-0.8628043622140733,-1.3507208815542324,-0.18905234907364477,-0.955786129501714,-1.0265009388819075,-0.7813892382995195,-0.8051620494480668,-0.8950202272108755,-0.9648319971403664,-0.9703310785063832,-1.1927320342710417,-1.0203279454942198,-0.88154910048761,-0.3971678447433484,-0.5392278458824792,-1.375457329823468,-1.5861360287036732,-0.8679914834803019,-1.727149998193146,-0.2235838382464863,-0.9110543171220232,-0.8931389041051292,-0.2016018180920138,-1.3429813088908162,-0.7495438328690672,-0.9914487245375724,-1.037377202242517,-0.9987023267623664,-0.6157942763183433,-0.40057375662239314,-0.5850018444067119
0.4895810678043327,0.8296950880565588,0.29103945691696614,0.25280674562626715,0.43133086317199004,0.780821233575944,2.004637147893298,0.83896022529727,1.2308659845568173,1.3490473359337405,1.3801710473150055,0.5422693224123469,0.4381374406518058,0.39425288407180853,0.06001282195887035,0.37555138600023646,0.2963569128199742,1.0643716726487316,-0.1536648874247201,0.534345044318484,1.1703311291515937,0.4560373976777275,0.9195965919250648,0.8054808738758982,0.4722247522268579,0.8879246951140405,1.875682278994772,0.8121385925013788,0.31214502719751974,0.8815062544375173,0.5040959353982867,0.6473465088741907,1.6753002807496304,1.074775395147317,1.411737955599285,0.06560269079548148,0.5505508405569272,0.4481218223036086,-0.1414374008724716,1.12865973541962,0.5154046482071535,0.5543315113589766,1.6245571504123897,1.0250873798021813,1.1319019935541557,-0.33784386901075114,0.5766656907144115
0.864136086096205,-0.25580668419295716,-0.6087480804663974,-0.845489740717504,1.1918014889464026,0.8050848234308599,-0.3284318709375353,-0.7636520059425309,-0.12676084293042,0.9435346558864237,0.32207925834933304,0.5177793182651227,-0.5906850083195925,-0.6528971950529047,1.452202160193925,-0.34975645756607937,-0.842299815760705,-0.3709964379620406,1.2074984996225004,-0.5418831898832773,0.8453853309262376,0.1493963503907717,-0.0407925526873154,0.22882983031573528,-0.5143831094557031,-0.26090045999114103,-0.2563491117367821,-0.19599225823081745,-0.6013011184146917,-1.1302102562313887,1.4561485563256826,0.6248691635900923,-0.04144264230724871,-0.8780498711533025,0.5116670779806312,1.4769817985278786,-0.4573737776756163,-0.9863737767126329,1.1184872004688742,0.9135545500994342,0.13161573471903784,-0.5600441728459006,-0.2764483912462083,0.3023053417434141,0.5493365702633219,-1.545076948687855,-0.28195813959250576
1.2259943241069993,2.134988541464034,1.0263972128283074,3.034316237860876,1.1635195235250402,1.6292748364182124,1.2877486675616414,2.0631491812894796,1.9363677889262534,1.5180973790225194,1.5489464246960325,3.040249745429263,1.0037714609155457,1.0712107104133524,1.3492000850500439,2.5777166520966466,2.443517397812788,1.5294594020444703,1.126692484833617,0.923197554523052,1.5908176673907504,1.9029327673316803,1.6078915360247237,1.8003166414300167,1.7296199745144174,1.7002537179084736,1.3583027478334493,1.9308899275016416,0.8495231086309989,2.690085267286436,1.1641507827813766,1.222432001612648,1.224068944142877,2.0378125127750195,1.3343393503116896,1.3194974065633878,2.6471030779824853,2.5888532280003145,1.1607322773745712,1.5388340552084037,1.931974674978137,1.94816185993449,1.219957171324387,2.615207863531469,1.4231847051995723,-0.11778074036165874,-0.6355091285424129
0.8006521846908027,0.8924927112445469,0.6662928353627106,-0.14064429450071703,1.2601495720480278,1.7066689584907404,0.5886763506465124,0.2889023498007713,1.142678259010638,0.634473840914299,1.3451176997050995,-0.9485596800499545,0.5422624681350366,0.9138637561826153,1.0714267469200895,0.46983894313334607,0.0716794357245536,1.3506043851071659,0.8257597401026046,0.5917662699186406,1.2754080628037034,0.9021183153488719,0.8267575747603979,0.8828218798590113,0.23440280943464123,0.8672066348125439,0.37042863507550305,0.843623961129805,0.7468127383630063,-0.385372764224768,0.5591733597494593,0.8765485214651021,0.40885058341258806,0.26261409261462054,1.0010260017344625,1.0384176690065128,0.30553909223719333,-0.12817246901049031,0.9100472056264783,0.8346326231542947,0.6548893372762794,0.12395985165060489,0.22381622497973808,1.1262768651304091,0.9571323665669055,-0.40692991357963215,2.091884214785442
-0.28492252934157675,-0.7043611355357322,-0.40581458816983373,-1.0579953827112234,-0.12880917420110438,-0.6915001696706647,-0.6805131955974609,-0.5920174056936236,-0.4116304037407769,-0.7936360322958186,-0.6555196583269249,-1.2271334772246363,-0.4879035295780814,-0.5495239053548036,0.106529888152881,-0.48165127553347636,-0.3798568531953716,-0.7620194315916979,-0.0041273198269019965,-0.4129372797636279,-0.44061508210731665,-0.36114428026140605,-0.6991059577833332,-0.5525734864922517,-0.41430951966689905,-0.7036275722254991,-0.6676205991464182,-0.6812895490737677,-0.43516145992477245,-1.2678195289481533,-0.15858164647771505,-0.5856916531887145,-0.7600355816851557,-0.8801899536369192,-0.7866321074887166,0.10480766601027049,-0.5314428262648386,-0.38438483546733154,-0.06019686836151523,-0.48166629445237147,-0.48708160645706866,-0.39076465336060756,-0.5292136710235283,-0.7385007930612104,-0.14974193768567706,-0.059656959345519615,-0.5344945602710109
0.5086262382259523,0.636816673979165,0.647672188324612,0.7619786799082459,0.244355647330761,0.4495780242447216,0.6175215676066029,0.9154720350467841,0.4104880640153838,0.0972473236137604,0.0689161922777925,3.407599807637634,0.8593399711807433,0.5314740650869865,0.5849911404341422,1.0406556203823143,1.1565299076545497,0.30043758583876246,0.1607355264377738,0.8493222935170023,0.19078523886661222,0.7605321335608394,0.5292642923864482,0.5494031482118279,1.2115919803135495,0.43710884050926463,0.5439852027623695,0.5622924291906594,0.6498979375772194,0.5058110971790465,-0.22589849846248006,0.0981465542396523,0.42667469026399873,0.8393663219494336,0.1234256869412397,0.5885571906944441,1.0110064003771932,0.9957849322657978,0.1440650419517468,-0.07936714831876861,0.7270701308546178,1.2538289156049824,0.43884224423475054,0.43240610859399253,1.190158535883239,0.5676478747656979,-0.1304362871854027
0.9974522790475513,1.471127953476727,0.5902322262748851,0.29909510328826494,1.0189672558158542,2.19331143992321,1.9664596548578839,1.384882327293796,1.1444188062253653,2.044952728035402,2.1487481504655306,-0.32100332377732305,0.8835238485316871,0.8181138654298027,0.7564397558349261,1.4662061494601568,1.4182900751443606,0.7532350970724443,1.1740615279857214,0.793580051121529,1.8742512226843455,1.037230377492522,1.101894395064892,1.2613244542752768,1.4658966320121567,1.1026657168006455,2.1430087458110356,1.3526447124860796,0.657625363553495,0.6412360957257041,0.36683949693584367,2.4346697328954403,2.1846944923451956,1.3037642208943485,2.313057197819352,0.7639828425029898,1.4604749330711213,1.3305495142265995,1.1523761083163024,1.6575650623397495,1.0807195439734145,1.460407312265002,2.1608057127177465,2.21044992221856,2.2970328401358215,-0.4275162016456297,0.8292021113929167
0.5911553100529761,-0.45317064278377844,-0.15333123850070352,-0.4478306680757935,0.9466911219612612,0.0490615846641148,-0.9290910946947096,-0.4886230681942816,-0.8154373575574935,-0.8454918737340945,-0.48414773667849703,0.17798051072238052,-0.33709018332011254,-0.15676639169358336,1.281418074310198,0.09120909156718741,-0.4111226509788763,-0.4078670924482114,1.1290144967528382,-0.2816407931574225,0.005559577745033309,0.40933225411275853,-0.458804869627947,0.03178355637216275,-0.05463326460243334,-0.5045266241626462,-0.8444673387325616,-0.3402230722996798,-0.10771178418010638,-0.1997094597656396,0.8415544401530844,0.04098509699530997,-0.626823835743037,-0.4725042405078581,-0.25358042268543585,1.2689960825578976,0.05985539278076888,-0.4768855752196587,0.9968585175096135,0.2993528924111114,0.3641937886671312,-0.16180693039575414,-0.6152240787255336,-0.5072105408824047,-0.49928119166017726,0.02797895328816252,1.2332603844785248
0.21025190162056212,0.3990828147674943,1.0043049197322589,0.06765331497827451,0.032240906670542566,-0.06347903059114245,0.6429732296302118,0.23306940755112598,0.3901816798435665,-0.42131109076899825,-0.021962857081222628,1.172886929203383,0.8257512526377659,0.49183239057149025,-0.0728930814525908,0.38452804636839333,0.5893828780932909,0.0708045622845383,0.1839556456299816,0.9265555209324176,0.025093874401004992,0.2528063375366537,0.6544275422780567,0.3760806111862893,0.9643513467176817,0.4336305528126918,0.5522106325105629,0.40122526348262116,0.6885350674585965,-0.10578567045102194,-0.08601932550712395,-0.11985233127849605,0.47358023460981513,0.5932568363334655,-0.2760509855108668,-0.04935427042754262,0.5547265369063671,0.6360598332289711,0.19977283567354492,-0.09808809158550408,0.34238959610949815,1.1620162948671968,0.43884224423475054,-0.3337428517483007,0.724106197250572,1.538751247299808,0.5261584065787106
-0.2722257490604952,-0.5832514336731831,-0.040029335336681196,-1.4619665041250232,-0.2592204591996087,-0.1512977850243416,-0.12227340854630173,-0.9911195484410829,-0.15286905115132857,-1.197074478685605,-0.2842138280886647,-0.33018707533253266,-0.2796534746116218,0.216780156625512,-0.28221987932564246,-0.8703627691074834,-0.7950375632972664,0.07565596419061271,-0.5925251401574467,-0.16108979906118773,-0.24655354156774295,-0.6083712056380055,-0.39539156782431095,-0.4815943012475562,-0.5232131320841273,-0.3480017976613564,0.09158656661176977,-0.4657559780989,0.2110445373412506,-0.7283038089316283,-0.4654415821485278,-0.3881921065696637,0.03548245041989015,-0.9690033767070293,-0.22986149525859229,-0.3350854457217668,-0.8812539102511849,-0.9592108610710773,-0.5030738284498142,-0.2615327566018634,-0.6250127130329306,-0.6811220664438558,-0.05176814255525659,-1.1577143751352952,-0.3827681070020105,1.33327198255286,0.8797093955286177
-0.5198129645415646,-1.0856324191770912,-0.7971637801569859,-1.3336215124258468,-0.11309697118923615,-0.994590678777169,-0.9435137031747549,-1.5091251793127862,-1.0683968860978506,-0.6100663536043217,-0.6853799174020303,0.22083801798002387,-1.2097250910666666,-0.8352488978241852,-0.59122610475729,-1.3794204439689155,-1.503244238672479,-0.5585839783302797,-0.8414448178979148,-1.1124016828345378,-0.7720127113410906,-1.2303300279527045,-0.8507511163362186,-1.0191548835882769,-1.5804611747940787,-0.9105236450396988,-1.018846449394247,-1.0434203120591075,-0.8804543818076379,-0.7785421148440991,-0.822133473184687,-0.8174362194415296,-0.9213906542347639,-1.3092764916021509,-0.8115993995169728,-0.6088557811199532,-1.3628112399292924,-1.5355051523851762,-0.7746493228435837,-0.6726818031888326,-1.1890982522175648,-1.6675339104954436,-1.0891589783080093,-1.0854361713294185,-0.6740508186474267,-0.27632971395257266,-0.787030980949516
-1.1990907095793706,-0.9376094502339755,-0.7921141131636025,-0.31738166011925417,-0.9552710526253617,-0.42433645296121275,-0.4802934543450695,-0.4100433716947811,-1.0486706843309417,-0.7708194620629774,-0.15957970325344434,0.9647218939519734,-0.6047922701076425,-0.9858872609830693,-0.6955572389352865,-0.5693194664631028,-0.24388698841594147,-0.857106908950771,-1.1172998339013431,-0.6829177790766434,-0.6783196088447113,-0.7711460550882542,-0.9766925193274817,-0.8337581572152732,-0.3754574201018342,-1.008656168456081,-0.6692656850960564,-0.9041309133487363,-0.9490352873470812,-0.23465784648735866,-0.7277150314398214,-0.6797954115009132,-0.548960632128982,-0.3665701575688114,-0.6181028862979837,-0.7151743579736174,-0.5739051297722908,-0.3087691513840802,-1.1771381324835786,-0.5564727082496166,-0.7142896687436637,-0.35059663178782685,-0.7363407752854999,-0.8686015599117883,-0.7905639033055933,0.348711318325792,-0.9385528333566191
-1.7450522616658302,-1.5700712266272885,-1.7083130682754593,-0.5698636110028804,-2.011916705173486,-1.3718880560225626,-1.3100176363147258,-1.619757120437082,-1.5670636631172012,-1.458427919534515,-1.1657406068711076,-1.4031553820328146,-1.6399965756022075,-1.531722625465666,-1.8412061263420814,-1.7281547541823643,-1.6217634256192544,-1.4121072870057698,-1.6899079731811866,-1.6983668212688825,-1.7450024684997347,-1.801185527596196,-1.4710626531263298,-1.7466255723645197,-1.8265244720394909,-1.4209006327391314,-1.7509096969833993,-1.5281901207231705,-1.6049005670834484,0.12356311741025335,-2.1623507990631987,-1.389360247429331,-1.2562962408638927,-1.3691988011434304,-1.1923506029478879,-1.876040318994567,-1.6509175936024951,-1.5626680680267329,-1.5721992362940003,-1.6979706200483662,-1.8822797418859352,-1.7610680178720637,-1.6964977755507378,-1.5335610349258542,-0.8488204456346767,-0.49730084744051073,-0.9385528333566191
0.05154214810705631,1.2603073613456226,1.6402473567113809,0.2696388756851752,0.5601709278693078,1.1572020688870528,1.5600814512142593,1.276318272919487,1.2807616713789978,0.958054291489141,1.1399907025804663,2.059118954281075,1.5959405688282375,1.4395733474496526,0.38230963773166327,1.7106259834328983,1.8880041534732994,1.0646950994424695,0.25129399128738367,1.6119164650839912,0.8815483652390098,1.004937187222876,0.898458824657186,0.9774280086755363,2.214093882727273,1.1748383063490204,1.5384396593188698,1.3186529621390866,1.6679863099514924,0.39222884033346156,0.5958916426502405,1.074349159965168,1.5336455368252646,1.129347498479554,1.0734311486164068,0.36395919709107816,1.6238905279878235,1.7416639131258291,0.18631011885744395,0.8606872251883303,1.0150705515732767,2.0956358819945584,1.3559940406489865,0.8082527683845512,0.8406192819087388,1.376689715863968,-0.6355091285424129
0.057890538247596185,-0.7357599471297266,-0.7087314869353722,-0.1019303953652268,-0.3109136071086545,-1.2686243314264847,-1.1975212901703736,-0.5690638627687687,-1.1010611554942316,-0.8819983861066404,-1.3202349907814335,-0.6681491325642329,-0.5409065274388999,-0.9481361894060049,0.3674241765495803,-0.4315410948279106,-0.586065696251234,-1.0950196584246972,0.43306108432398693,-0.6017893106263642,-0.7811585170523305,-0.23155492365787764,-0.7833795267547599,-0.57712433816543,-0.690041692943815,-0.829836144538263,-0.9255700760497416,-0.8156832580181855,-0.8439422940697366,-0.061226477380831056,-0.16714924582123056,-1.1160098014182738,-1.0681111969484773,-0.5685939440222678,-1.14691013145646,0.3482772070051614,-0.434352564788182,-0.6379543236455357,0.4834183520403704,-0.728061757179703,-0.3175654923225028,-0.7459647298399177,-1.1333929022690403,-0.6228556669718076,-0.49928119166017726,-0.4405181730191432,-0.736523696813815
-0.12621277582807092,0.33628519157950615,0.6855446907749821,0.8250991676291517,-0.4155568791676961,-0.6056837703641685,0.3884566093941209,1.1326001437954016,0.38728076781902127,0.4394958771063823,-0.1517900704512437,0.4228805521946264,0.3991745271419521,0.5253753459307566,-0.6111619902690081,0.24490046165009172,0.5021294889300213,0.5074307338313029,-0.24793857134508376,0.547105316674074,-0.4055248695788545,0.1297980642933722,0.699799220363765,0.22077412601874596,0.2991563087097493,0.4701870431444202,0.4123783267912864,0.3069134243098156,0.5404260695799865,0.6805530307876371,-0.9078094666198433,-0.8057145452403524,0.05143033549746787,1.192479931746259,-0.5506911978216908,-0.6806208204961758,0.18886792422077245,0.5259399049523915,-0.43622447598365593,-0.47250695692021644,0.07280925999575379,0.20946035471266777,0.14043878894208064,-0.07354131804714445,-0.09148539535659371,0.9562175205979982,1.687825941699834
-1.3197101222496335,-1.2740252887410568,-1.3570456080482816,-0.8034094155702339,-0.8130756153679571,-0.7241612653559187,-0.9036394326711001,-1.171025695689938,-1.1110402928586676,-1.0736575760625078,-0.8814190095907618,0.19328676331439507,-1.3420646421259974,-1.165494540134047,-1.332841045793243,-1.3327839045931522,-1.2305773975372587,-1.1365476587407009,-1.703375642312668,-1.3269757363930172,-1.0765897959671218,-1.4730391437513763,-1.3459858646902387,-1.3798490434859845,-1.2101888925755047,-1.2384879449977813,-1.0320071369913557,-1.2556738907017109,-1.2665037045390584,-0.25650058818843285,-1.203304219488035,-0.9399638876878705,-0.8013124607094739,-1.0663771297116085,-0.7679066384675243,-1.2972685662474301,-1.2746875611984008,-1.2000064375691968,-1.8632724584903986,-1.0163116791840374,-1.4161442015483412,-1.1809270205851785,-0.9434678795474708,-1.2589038604635228,-1.3731293265964264,0.06609601065364484,-0.9385528333566191
0.5340197987881136,0.22863212325723986,0.2610570591437564,-0.2184928960231677,0.43368769362377035,0.3346965113464939,0.1916304230782106,0.7086833600481001,0.06934080992884742,-0.13091837871465223,0.013090490528683468,0.07848986887427939,0.3823801678704634,0.0347333898120427,1.1750933515810293,1.0744385923798037,1.1768890317926461,0.10153010768968061,0.42962450668353963,0.30197376879036625,-0.018564012099374815,1.0582923775964777,-0.008291279837171891,0.4371899974841697,0.6034977553027588,0.08358194621463935,0.048814331921167936,0.2659629926450058,0.20331711136497588,0.10172037570917913,0.013644585223567677,0.06006261312294841,0.3309873797985331,0.15239984470834042,0.4579874001198793,1.1314464237534678,0.6527208022103989,0.5707220091182005,0.5358765244617306,0.23370581614602068,0.7958262882412822,0.5256400673784185,0.173789763357144,0.40349482707164197,1.539697789857739,-0.35136579934745066,0.9807239638000198
-0.7483550096010126,-0.982464895368253,-0.41559831796951263,-1.0222271063360426,0.3189886116371343,-0.8735658577788706,-0.7415971844541226,-0.969406737566221,-0.6158546102687714,-0.8890507805422456,-0.6503265697921241,-1.5164216512137279,-0.19601756543960772,-0.5138463982908577,-0.9367814536270882,-1.144322445581301,-1.1549577935957571,-0.7678411138789883,-0.9375761113536547,-0.29507265879488526,-0.48552459402272463,-1.0305189918846425,-0.8840717144076919,-0.8832195571255879,-0.7298356615892454,-0.820542535844123,-0.34271612409280544,-0.9139011128220776,-0.391694688808224,-1.2263183197161134,0.7882255054638548,-0.7098669631172762,-0.6793580454103516,-0.8876802423295791,-1.0388017569741086,-0.9490752270516781,-1.1053433539234978,-1.0671283907821252,-1.0248701629773287,-0.4145803357709121,-0.9806209910345386,-0.6380849004730187,-0.4949850393870168,-1.1288030936129445,-0.7905639033055933,-0.0012616997958492379,2.0413769306497414
0.2800841931665043,-0.5069971769449113,-0.09084160945759319,-1.2578769271607593,0.10294582022394909,-0.7520001944679992,-0.8671587171039272,-0.9456260399413726,-0.17549616494278258,-0.6287344565221017,-1.1125114493893995,-0.8781509181266846,-0.45397892384967453,-0.7309608002526504,0.2194999060526241,-0.8024327073531391,-0.9884492426091823,-0.5404720778809323,-0.33617502427547363,-0.4166310428139298,-0.5198101902129553,-0.4385874179640556,-0.23731944107797795,-0.41831174820909234,-0.7251263161874194,-0.46273672096420904,-0.47596808601352736,-0.5692409814077356,-0.5768309361564868,-1.7439912980315642,-0.016079739029444658,-0.35119125985827737,-1.0930649465404516,-1.1937120374868269,-1.037553392372696,0.28953619329351266,-0.8618800147448362,-1.103835033540985,-0.16697013966162985,-0.4969524861445492,-0.5469350606866823,-0.6398063871118522,-0.43003840499978846,-0.40602105555417745,-0.32451156467292713,-0.270598307029521,-0.029421718914000673
0.6228972607556772,0.38562618122721115,0.48987009478140564,0.4042959161564423,0.9906852903944918,0.06673598115363241,0.08303666511081172,0.3778214800502054,0.14940598180629963,-0.379826417618377,-0.7619779732903422,-1.475094769215287,0.7115496095916425,0.4979311097277209,0.9371917844745131,0.8222060120327123,0.6402806884385323,-0.12972004983323562,0.8108988638195919,0.6747080402299774,0.3150537622158175,0.8474401527001143,0.20668071906383262,0.5327921610567948,0.7288840766263784,0.19678422941623622,0.3136731698129735,0.32647581102916107,0.5887224819317072,0.025270779755420192,0.9630744716580506,0.05821006168837051,-0.023618535455838703,0.3578477631355823,-0.463305675722792,0.9739620317889788,0.8481521559442494,0.7388384329537789,0.6593621338783842,0.33605212995548867,0.8632450137424427,0.7603360791393832,0.19309822222902254,-0.30483157022595014,0.7823627395796554,1.156311719442839,0.12210013349310239
-0.06907726456320847,0.14789232201554048,0.8916342249424097,-0.8475937569748686,0.7298627203974821,0.6792337072921165,0.22980791611362447,0.07384212780214013,0.18914847654257147,-0.5706559141112325,0.3584308780929391,-0.7296802679841351,0.7434588922074707,0.6616817190725,0.6275210295258089,0.5918457539707073,0.534122398289887,0.18982562238024825,0.18488445039766907,0.835218834597666,0.7063655080427748,0.4316750039724507,-0.24475100904029187,0.24888478717603124,0.8960658383912031,0.08847097726346151,0.2001622392879143,0.24870618094490515,0.9242215597349934,-0.2302892981471432,0.7532557122250164,0.28052877933274684,0.15837497660592922,0.0892674114416351,-0.038861711242428446,0.5932086284317916,0.653974971878572,0.47087994081410184,0.17656125495612882,0.49453032985728496,0.5279954211090829,0.9055147856810073,0.3572201226399914,-0.20364208489772284,-0.03322885302751035,1.1531719415673005,-0.736523696813815
1.435491198744826,0.9552903344325356,0.6161117696159708,1.4983843699854873,1.6584539183988813,1.2041562644664225,0.8126509764542723,0.9258114687967177,0.7789038911326476,0.532836391695278,1.3671883259780033,-0.17406329889397595,0.45627534866501435,0.2631304222128604,1.2694565430031661,1.0489061499586747,0.3494360578942974,0.44274537508363404,1.7118394884772543,0.3288375000652926,1.414547088107645,1.1507385838663289,0.7607751325642493,1.0867779497751564,0.6994506678649656,0.6047591738915562,0.6015632109997188,0.758715035880856,0.2570871171165579,0.8771377060973033,1.6537278881251243,0.724668576651489,0.8206812627688564,0.8393663219494336,1.2219865361845346,1.2929177623499712,1.0192284111801895,0.5259399049523915,1.713167898449075,1.3810211450260041,1.1052661473669838,0.7086914799743791,0.5090548219506726,1.7189581363385977,1.2484150782123222,-0.7794174533168449,0.1726074176288034
0.3753100452746078,0.7444697423014313,0.9856842726941605,1.395287573374673,0.5531004365139669,1.2148698965361022,0.9797835570759719,0.9971535616712635,0.8482356885192817,-0.20455367355700477,1.1880267715273738,0.4489011816010529,1.2089985312131382,0.9897928096776807,0.26070073611017547,0.9078726076492987,0.8111519088832708,0.6798172148938398,0.3989739493498255,1.1679933057658234,0.8794176219729506,0.7365708537900507,0.7400037971792766,0.7987037784586057,1.0402895413221265,0.8251112063434619,0.9100168265569458,0.9112045022349854,1.1518586499527703,1.3533094751807142,0.5285747906654742,1.2138425193403621,0.9557692304848073,0.7773039299245375,0.8212614991310146,0.27093044234412134,0.8603912659339878,0.8673116826097884,0.5094153224438752,0.8758341701950526,0.7537039385543548,1.0851232249993017,1.2717389473898801,0.027648167281082842,-0.09148539535659371,1.6570858395772092,-0.736523696813815
-0.43728389271454265,-1.3099096448484786,-1.4553878727444083,-1.9505190790848392,-0.3552220196021229,-1.2513049917223205,-1.6755035029737524,-1.4708692744380298,-1.3079542010848082,-0.8934066712230609,-1.3729448394096617,0.23522589541651748,-1.6479235131783496,-1.3405277799178512,0.06665811712944303,-1.5255070146984253,-1.9627787549323694,-0.9889356700785208,-0.08809127082592502,-1.620529159899781,-1.0416903073114254,-1.1678618104709768,-1.2148353648646708,-1.256833755321944,-1.6598136448148477,-1.2879852323570207,-1.4107059225981486,-1.3996890451064532,-1.3419748982406803,-2.31889225960383,-0.4238275281943093,-1.5300563015959125,-2.0910273080420403,-1.4040821456263894,-1.764101590394966,0.012310504147582627,-1.532955110792954,-1.8758491440453242,-0.16009951176927487,-1.435020273605822,-1.224754996849919,-1.6747641543785445,-1.338413629199534,-0.8396902783894377,-0.9653335302928434,-1.523826613104387,-0.736523696813815
-0.06907726456320847,0.4304816263614887,1.0412306096213688,0.4358561600168952,-0.1523774787189062,-0.05549025292068767,0.07879472144021045,0.5546257971740796,0.5816418734635613,0.5141682887774994,0.39218595356914526,-0.7082515143553134,0.7317028407174287,1.124574503030366,-0.02903413332680884,0.48461412620121597,0.7457118670108176,0.7409448789103873,0.3399948466016172,0.7714174728197143,0.060735398124182396,0.30424744036322077,0.4007290457296685,0.28548984505423186,0.5764190192422594,0.5702887161000154,0.24375701695333582,0.4873078421887201,1.0291857625793994,0.3070421476992748,-0.013457004536531621,-0.048577192111580327,0.23436195844615126,0.42526036136952255,0.2170530320472023,-0.01679420626610914,0.3064677203608821,0.45839968227608935,0.15845622199654488,0.06467581185751935,0.230052072433535,0.3827566763552385,0.4458635020063426,-0.3626541332706513,-0.2662550223438438,1.6794005183153085,1.48579680515703
-0.09447082512536975,0.5740190507911768,0.9443401241858402,0.24439068059681315,-0.06124670125007196,0.2751254141852589,0.9203963456875505,0.5184377790493104,0.31736878802747687,0.32230167545587785,0.6713144623146904,0.969313769729576,0.8317972219755012,0.8943478548826793,0.078619648436475,1.224934986978801,1.8349250083989774,0.3732086144298899,-0.035242279544459854,0.8550308364129248,0.374595371245005,0.5409398471445573,0.1418840339719207,0.3759604000950352,1.4994507180001686,0.3555511413651818,0.771007063812489,0.5348810807256675,1.0781261270958102,0.35072763110142163,-0.1874317258997572,0.1373177715933546,0.9679646720147191,0.5568754341119742,0.5466212868201907,0.07291209295417181,1.185077220461433,1.7167033960498042,-0.08665807037936928,0.43499463589827775,0.5150061205240988,1.4913940717640044,0.9338409171320031,0.3023053417434141,0.19979731628882308,0.5763097845811459,-0.5344945602710109
0.9085748170799877,0.46188043795548306,0.8679639109109287,-1.276813073477032,0.7754281091318993,0.33741723717844724,0.2722273528196396,-0.3717874668200241,0.6765016966661956,-0.136103962858481,0.26235874019912414,0.409104924861812,0.6944193631347234,0.7208392948879322,1.2422108328038166,0.2085623511562493,-0.13700158669093523,0.7144238818238424,1.0742150154592276,0.7791407955612555,0.7022679248388142,0.6795915638329088,0.5150599104086178,0.6596320353423013,0.521672878946031,0.6217470056579175,0.38523440862225056,0.5258802289305075,0.9786355176512653,-0.7588836473131318,0.9237334542643575,0.20572417422726738,0.2690720612620558,0.0839172052325926,0.6552290071431078,1.209856374183046,0.2707395358537521,-0.1788276360177167,1.2090123652667977,0.6767732974100773,0.7429504458183718,0.3024206332096763,0.25716719939480204,0.1143820118481351,1.4231847051995723,0.6017903962707785,1.48579680515703
-0.6277355969307497,-0.7088466800491601,-0.5169072620242505,-0.24374109111152975,-0.28200315356681777,-0.002974877226536401,-0.24104783132314403,-0.4121112584447676,-0.7684425827598581,-1.0197275009667013,0.30000863207643014,-0.18171642518998324,-0.34078494235984047,-0.6785118155090712,0.2228225536379095,-0.19302165233842603,-0.20316874013974842,-1.0000615517831197,0.03441807803216351,-0.31253408412358813,-0.20971999363977673,-0.28745190970055673,-1.088347196097565,-0.5981491019073711,0.011297571023131005,-0.87639694234754,-0.286783201805095,-0.6877523836815296,-0.6592568132367569,-0.33513445831229877,-0.503908354711252,-0.2491838396694378,-0.09397685197456325,-0.4414730444954108,-0.41212272706486625,0.2151131894959472,-0.24311527128576865,-0.38438483546733154,0.13478040966477955,-0.37641127210228653,-0.2670267783459794,-0.004577817382295975,-0.057034085883950966,-0.8686015599117883,-0.32451156467292713,0.94474409480136,-0.9385528333566191
1.0990265212961947,1.533925576664715,0.7581336538048565,1.4773442074118515,1.00639749340636,2.1127713495897584,1.3725875409736719,1.6702506987919803,1.4838255130971743,2.1922233177201056,1.4061364899890092,1.004518150691212,0.43612211753922714,1.0925562274601583,0.7976405858924793,0.9144982880335798,0.3494360578942974,1.3192319861145465,1.1870647947333577,0.4799459884867567,1.4999258217756244,1.025900668114851,1.6402528236611726,1.4217922104517051,0.29326962695746706,1.486934407147936,1.424106185818991,1.4915540368404172,0.7722488488682456,1.4232062486241508,1.3389997489755725,2.146993167912427,1.1771633997970605,1.652597665723939,1.733816022763797,0.807839255455128,0.9247587591366297,0.40113731957226795,1.1468053289441225,1.57302685241459,1.1091838771326052,0.32422613063490024,1.3691588989707224,1.7189581363385977,0.724106197250572,-0.07704168957650966,0.6271729748501126
-0.3737999913091403,-0.9151817276668367,-0.650849679023724,-0.9325960137723551,-0.27053324536815404,-1.2176125799326327,-1.1159062939480002,-0.8285836498921177,-1.0985083529126318,-0.8987996787326417,-0.9375043657666112,-0.5104947308664739,-0.698907859465066,-0.8483611440100802,-0.02212302634941386,-0.7298141558834121,-0.7028398154147439,-0.8234705224019835,-0.4263619672180077,-0.6667995403116876,-0.7796208058281532,-0.6137602065332978,-0.9991337959675868,-0.8247126628941959,-0.738783417852715,-0.9562610600785689,-0.8260423760966096,-0.9699572789254552,-0.7860509944641406,-0.888629533017511,-0.20666511218111863,-1.3647668953147667,-1.287066277954748,-0.775539920188042,-1.4270431480135002,-0.0346025678890961,-0.6332405019469263,-0.5086001145633137,-0.46008598096116016,-0.992398381735222,-0.5533412243241236,-0.636363413834185,-1.047909088899905,-0.5650331039271062,-0.44102464933109387,-0.8926144466084399,-0.686016412678114
0.9466651579232287,0.9911746905399575,0.732885318837944,1.1617417688073195,1.0221096964182272,1.745494005112423,0.7193282157010396,0.8947931675469154,0.7643993310099206,0.6365480745718297,1.3412228833039987,0.5147180677467181,0.5805536072740304,0.9949767209604758,0.6780252728221635,0.9672637922374966,0.7275340776018029,0.9828681206266684,1.0709641987723189,0.5907588799958308,1.2500477478468273,0.9165443428173345,1.0464684848661803,1.1273999315208292,0.7171107131218131,0.8884119687508122,0.7249446572226096,1.075439926491754,0.8269847828668621,0.9863514146026728,1.6624703364348337,2.170118697107044,0.6799646297314074,0.7537630226047493,1.3218557042975612,0.6948757675481083,1.1621119339418977,1.1132461890941487,1.1143091159397391,1.470603179335425,1.0726409150084428,0.9095315878382859,0.640703405168027,1.039543020563357,0.724106197250572,0.07508140310463067,1.738333225835535
1.2323427142475392,0.8296950880565588,-0.13502619564969118,0.5726172167455255,1.2735049446081157,2.1150007759163967,1.0671675966903633,0.41917921504994127,0.8746339879426446,1.1965911621052097,1.4710500966740199,0.13206175294633252,0.2547430374071498,-0.1790267166138239,1.249520657491448,0.982207353459986,1.083818750018491,0.29073478202661174,0.4765291474517989,0.26167817187797526,1.615105160563317,1.112879058119826,0.4714586335549293,0.9761681339918792,0.5758303510670308,0.355177930496117,0.8483261034455004,0.6666670398322417,-0.24519557134133746,0.5494965805811949,1.059241403064859,1.4771055509710838,1.28973670622702,0.4434510624802682,1.4966267484953577,1.2397584739231402,1.0554344739801842,1.194000803163641,0.5804427594391686,1.2903560809408219,1.0863529691881193,0.6742617471977088,1.1936274546809165,1.9647040292785785,1.6562108745159059,-1.6330956732989184,-0.23145085545680477
1.7783042663339987,0.6727010300865874,-0.008784520815126044,0.5094967290246196,1.469907482256467,0.9040094238245354,0.21029497522885715,0.20205110630132367,0.6193537297826517,1.1551064889545883,1.3282401619669963,1.3718682128995832,0.1472591380696215,-0.032657456864300466,1.3226189043677512,0.2663476290947626,-0.5085556022111952,-0.02945774377434913,1.0384560319032283,0.15422324677826782,0.945634566548954,0.9921226525789386,1.1778487251306944,1.078035324956718,0.08134908387529444,0.5456188822722599,-0.03179487961112048,0.5451644030161567,0.10897811923794785,0.44028287207582545,1.2603177141881838,0.8578599156837743,0.17338475079659013,0.26154405137281295,0.9723136159019677,1.3194974065633878,0.2879911509066368,-0.545894063606315,1.1050244836527732,1.113822227491687,0.8646635021058566,0.10043286758654661,0.21942793887249318,1.6177686510103706,1.190158535883239,-1.878192189227379,-0.1304362871854027
0.27373580302596445,-0.5967080672134663,-0.2675799542259851,-1.0264351388507689,0.33862886540196935,-0.7740054580253756,-0.7314165196446792,-0.9766443411911749,-0.23931622948278142,-0.45242459563196347,-1.086546006715395,0.33104303664253476,-0.6420757476903479,-0.7126646427839601,0.17298283985861157,-0.8626699921683003,-1.0829737475360595,-0.47578671913326354,-0.3083108812448232,-0.6046771617384183,-0.31761308447569975,-0.4943915144640112,-0.09424631825780061,-0.3798598108379969,-0.8958400870036146,-0.44136248638914277,-0.4101646480279858,-0.5820387625577695,-0.6541051959192401,-1.9405759733412304,-0.10350422212654253,-0.5404609617295875,-1.1681138174937575,-1.225813274741084,-1.0250697463585676,0.22308708275997235,-0.9579982425585397,-1.2359789474728802,-0.21339330109646207,-0.5079375024415592,-0.6485933933980791,-0.817693339791313,-0.41248526057080764,-0.40602105555417745,-0.20799848001476043,-0.589085455008693,-0.0799290030497017
-1.5482521673090834,-0.8927540050996979,-0.4441920573195409,0.11520408239469047,-1.3340922672414999,-0.8936794118124214,-0.19116257375687012,-0.7167109767178296,-0.7730260237586403,-0.6127628573591116,-0.9564591389186344,-1.3875430043889583,-0.7471412592927809,-0.2952073165400079,-1.2047197549045947,-0.781894360998027,-0.28024256723397084,-0.2451187298390763,-1.5339616526863202,-0.7809032389019397,-1.1666680850624793,-1.166589505219124,-1.0475340953236985,-1.1258879697377777,-0.3599165802758085,-0.8458574510279298,-0.3517640968158174,-0.8660539245869503,-0.377592136401521,0.1768594071608736,-1.4000093064565051,-1.0289791932109171,-0.37147005232441266,-0.6349365010143974,-0.7134779418459247,-1.1795207423819971,-0.6817311670806968,-0.13198995985741221,-1.5317182395228273,-1.2527401736035748,-0.9569038655982424,-0.357712109895005,-0.4560170587546797,-0.9553354044788406,-1.489642411254593,1.1275874813519078,-0.9385528333566191
-1.0784712969091057,-1.3009385558216233,-1.0545705551446634,-0.7916269245289972,-1.6514787680812342,-1.4182782893126382,-1.3999468421314776,-0.9650641753912484,-1.2593349155534272,-1.27962897825534,-1.6058548601954792,-0.5848831184636696,-1.4571395918542378,-1.111886798750784,-1.078193334856884,-1.3980994745516406,-1.4504559382286992,-1.2349987747546527,-1.1284454911136035,-1.3418179479224137,-1.572749010786767,-1.4582612619544146,-1.1691450145571987,-1.4020827873456752,-1.5961197482551506,-1.1959651571808987,-1.3187456180133539,-1.3172576033605707,-1.0611473592195422,-0.5736571976880255,-1.3013944895229788,-1.6136335532012958,-1.5142767347658828,-1.0768635338813324,-1.4125621186371113,-1.158655721674465,-1.3789330588784359,-1.49835802991321,-1.090698205891921,-1.5731746461727552,-1.3487011591038092,-1.489302660488217,-1.344030635416808,-1.0420692490458925,-1.1401031572800935,-0.8174166925272205,-0.837538265085217
-1.034032565925323,-0.07189935914241959,0.3298587719285946,0.5957613955765243,-0.9505573917218023,0.21995124116822742,0.803318700378949,0.30854727392564607,0.36030228599074904,0.5577271955856513,0.8400898396957174,-0.27508456600127723,0.12072405042066958,0.5461109910619384,-1.0238348203615955,-0.1461851639040518,0.4337810007521252,0.6012245040154219,-1.0304565881224859,0.15388745013733057,-0.13880945375741902,-0.4919214970779474,-0.2586960066515711,-0.3420916716223438,0.3868678668187603,-0.06488923415245067,0.46419853420490015,-0.05893035551023484,0.46701552280537095,0.7264227883598924,-1.229531564417164,0.028728148338994945,0.8028571559174451,0.3428671857502624,0.7563465398575469,-0.9922671488984798,-0.09648384715294878,0.3820498653376615,-1.0058366667890477,-0.2059733291052954,-0.4305852413542031,0.3247999595145117,0.4748261903141604,-0.5650331039271062,-0.8488204456346767,1.7017728209428027,-0.9385528333566191
0.7117747227232408,-0.6056791562403219,-0.5389995551203,-1.1842363581530349,0.7612871264212187,-0.17067315122973853,-0.7653520690094912,-1.2103155439396878,-0.45253326328686666,-0.25848374865281126,-0.2842138280886647,-1.2562153571494654,-0.9084342857361591,-0.623928279060811,0.8069439991312807,-0.8254394774549744,-1.1076955411323186,-0.616153947615705,0.21832142203444824,-0.8205944018606439,0.07113580931096242,-0.30496721817324157,-0.30147384107176206,-0.21419955999261794,-1.168393452134298,-0.5775048603477676,-0.7449396387794296,-0.5780661553866178,-0.572967223168349,-0.8003848565451718,0.7445132639153059,0.2874915290812166,-0.5292603035037391,-1.1316496454619305,-0.16744326518795055,0.807839255455128,-0.7693970008445385,-1.0876841107270867,0.3107241915027933,0.31380360399055807,-0.30861550622000444,-1.178057876187123,-0.9109945623538563,0.013192526519907292,-0.49928119166017726,-1.581994749190684,-0.5344945602710109
0.9657103283448502,-0.21095123905867963,-0.4256976519562776,0.6694019645842487,0.7942827527461416,-0.3525695680798108,-0.7814714549577767,-0.4617405404444521,-0.28486054826814367,0.40527102175711893,0.06372310374299177,0.10297987302150355,-0.2662179871944306,-0.55684236834228,0.7956469973413074,0.12876373422815618,-0.10282734260198774,-0.49034092485148956,0.7059439250708117,-0.23563665334911,0.3502333765596387,0.49255283988936255,-0.06186032734834701,0.2173145444834491,-0.28185918024054096,-0.31013546565650363,-0.4323733083481064,-0.23321576242923175,-0.46929092465332184,-0.009677606966297296,0.68506461540928,-0.006679420502021097,-0.824765232882382,-0.7400145509599978,0.1284191453468918,0.7726212268723516,-0.049847934100828946,-0.1971809573971466,0.6301155421744401,0.35655233642526113,0.25459867582710427,-0.32420050332571293,-0.38527788670588814,0.31676098250458967,-0.2662550223438438,-1.5027795812027411,-0.6355091285424129
-0.1071676054064495,0.6009323178717431,1.0210319416478388,1.2858787279917678,-0.33071098290360895,0.1160888743177743,0.8364058610096409,1.4944803250430987,0.4743081285553827,1.445499201008933,0.7505090624704032,-0.06232765497226276,0.7679786567438448,1.3331506981734367,-0.7666618972604178,0.534626647577102,0.9987466955843022,0.8900446308237635,-0.32642257421474596,0.8039897469905632,0.19829499135677997,0.4483810474895879,0.8647306225811314,0.4923294199774585,0.6382291776412263,0.8590163640444968,0.7175417704492358,0.7245956218334011,1.2552129723854528,1.2004102832731962,-0.6245541413852466,0.12608955353050752,0.6649548555407451,1.3551262005011597,0.3431378567898992,-0.8307958103019781,0.3672208676978417,0.8379463684027001,-0.1934313416794839,0.04227256735319439,0.17281268961650012,0.42751532896490924,0.5713684846735544,0.07101508956460897,0.08328423163065637,1.1059082322400127,1.536304089292731
1.1879039832637583,0.0806091543141242,-0.6223190605111125,0.3853597698401697,1.0598189836467107,0.17598612829346197,-0.2826188792950384,-0.12570894357159063,-0.17433580013296465,0.7578907435373954,0.29351727140792855,0.2682874010152699,-0.3327236499095256,-0.655031746757585,1.2010100027462636,0.17273779403399714,-0.20607718644519124,-0.3402708925568974,0.883810038083124,-0.22086160114790024,0.6084854205270758,0.6717592864805183,0.08227503621104196,0.44904249884516645,-0.264787803158922,-0.16090062879242742,-0.3698600422618413,-0.03591319610245636,-0.6434799852018611,-0.12762841215209614,1.1798871897388536,0.7692803570218634,0.0936453254087022,-0.31199805423657434,0.6926799451854926,1.2364360183964624,0.09345294961534606,-0.17075217461076758,0.9680761574200186,0.9513677611274524,0.4719583760477049,-0.25706252441120686,0.08602404121224105,0.6636963607727977,1.190158535883239,-1.4667688696065588,-0.18094357132110372
-2.3418009348766113,-1.7225797400838319,-1.7143095478301011,-2.059507121216271,-1.9789210788485632,-1.5090390607835458,-1.3151079687194471,-2.233919485183174,-1.6543811150560173,-1.4490938680756256,-1.4253950336111498,-0.12814454111792795,-1.9268442319592343,-1.5186103792797714,-1.9993641514017206,-1.9279691102694416,-1.7482808399059961,-1.413077567386985,-2.225828324137343,-1.9720410836322,-1.881221034501945,-2.274091819272112,-1.8687771140812506,-2.108470324135654,-1.7564729591873276,-1.6069752366986931,-1.426005221929787,-1.7326485852266498,-1.6097302083186207,-2.001735650104236,-2.1448659024437786,-1.6551281962368294,-1.6090259343444315,-2.189920433610595,-1.775336871807681,-1.9856813513749079,-1.9133562485759894,-1.58689445224758,-2.26158318360126,-1.7992029603741937,-2.2354833443762305,-1.784595001936121,-1.731604064408699,-1.7359400055823089,-1.7226685805709265,0.06287809799539303,-0.98906011749232
-0.037335313860507306,-0.4845694543777725,-0.6115885181501743,-0.41627042421534066,-0.03846400688286396,-0.767730035772615,-0.7653520690094912,-0.438993786194597,-0.5149028718145925,-1.0020965148776875,-0.9826842360193784,2.3361621261965544,-0.46069666755826966,-0.7004672044714997,0.4055681708286686,-0.28288086400504037,-0.2904221293030191,-0.8541960678071268,0.29541221775257925,-0.4199890092232955,-0.5487167771790775,-0.2487268223059472,-0.6010339639537897,-0.3998117296200756,-0.41901886506872504,-0.6500660153685527,-0.6158003917328039,-0.5640805857827219,-0.6541051959192401,-0.9358098550918309,0.3073908484298165,-0.02383747588818949,-0.4645306523065121,-0.487484817893178,-0.6505603659347172,0.4157895033072397,-0.23688198543080724,-0.28160623574252464,0.29261915854320936,-0.22851582029507564,-0.15651302542297868,-0.23238788258792734,-0.49147441050122015,-0.5361218224047556,-0.03322885302751035,0.2802147049576085,-0.787030980949516
-0.8435808617091161,-0.7985575703177151,-0.6415709159233841,-0.15579321155373366,-0.7051327806764232,-1.0103163915145132,-0.7802837107300087,-0.4414752502945813,-0.7220279903671322,-0.4329267992511715,-1.1909270862648922,0.40573754929156997,-0.8567076591799732,-0.46127543916415426,-0.723999102265339,-0.7781003802290609,-0.5145179171373516,-0.3788880517292562,-0.9437062228203978,-0.8408093596450266,-0.9745853047028545,-0.8458616180363787,-0.7707874450617169,-0.8835374139850583,-0.6890998238634504,-0.7588697374224691,-0.8925038484620068,-0.8161979962635292,-0.6362033257408686,0.07550908566789102,-0.8901497210342296,-1.0078726523517727,-0.9210154098799969,-0.5153058901802011,-1.037553392372696,-0.7913250386450538,-0.752450059288414,-0.5962555774714712,-1.0899554353089642,-1.1844597877979899,-0.7870243482543823,-0.6410688106469971,-0.9120477510195951,-0.854145919150613,-0.5575377339892605,0.13161564588692073,-0.888045549220918
1.156162032561057,0.4977647940629049,0.7779535967538838,0.8204703318629522,1.562766602056606,0.5052963424281438,0.26696734266809335,0.9818511997213611,-0.22051831956372664,0.5232949168706353,-0.19619097742379074,0.5324733207534559,0.3791556508903375,-0.2168387753824501,0.9966007232994366,0.9550408010482733,0.563788550605399,-0.10811514001151404,0.824923815811685,0.5011683361939492,0.9925645594914789,1.0333810911387424,0.3565464185179308,0.8207723491565486,0.28573467431454536,0.2948424240180575,0.2080586518461796,0.4640997481428162,-0.08826442880647974,1.320982217463124,1.3664510366680607,0.27826306292810987,-0.024181401987988523,0.9519346605876947,-0.03311923407592948,0.9727659477993751,1.0123035582236761,0.6407582835021056,0.8480258619495419,0.7122038429314194,1.213708907279399,0.3579672687560362,0.14184304049639895,1.3864783988315648,0.14154077395973974,-1.5047685135569495,-0.5850018444067119
-0.20874184765509285,-0.8209852928848538,-1.012405835749919,-1.3420375774553008,-0.3762763716380261,-1.2795485204270132,-0.7823198436918969,-1.1007175461903858,-0.7759849540236767,-1.0332100197406526,-1.4370794828144522,-0.7710071499825761,-0.6890999536505165,-0.8986755770489789,-0.13934603315832136,-0.8989344372194965,-0.6830623805377366,-1.1679200577333202,-0.1782782137684604,-0.7893653142535411,-0.8754804123167351,-0.8352679879139281,-0.7483066431848042,-0.8146024417648736,-0.7074662709305719,-0.8630562989145495,-0.9283667221641271,-0.9281756645809744,-0.8762686927371547,-1.6347775895261947,-0.12098911874596235,-0.9742423619750807,-0.839775007073043,-1.0011046139612865,-1.23729172859875,-0.11580338096108295,-0.8611496330745193,-0.663355320434667,-0.185539404235563,-0.8376427098912582,-0.7324193009694039,-0.662759542296299,-0.7986544380083804,-0.5939443854494569,-0.2662550223438438,-1.001936848210343,-0.3829727078639078
-0.08177404484428821,0.23760321228409548,0.5454795525460316,0.3891469991034242,0.0666506312665337,-0.38058189701729656,0.4427534883778203,0.32116138310056574,0.37869406822636636,-0.20745760067754734,-0.2200791846838743,0.31543065899867845,0.16230688397687562,0.5007365205395863,-0.12073920668071673,0.2732351375094777,0.41225849809185244,0.6759360933689795,0.17596792462786226,0.2782665259402426,-0.09608730625779778,0.09752880011806393,0.12113328464778579,0.07740319714797551,0.41818501374090344,0.1999467136587006,0.6844755428615021,0.15055141758665458,0.21677571160698803,0.8535475450601426,0.13044369464129033,-0.4832208860496468,0.46288577049896856,0.17786682626338407,-0.12250213953708858,-0.1328143532576693,0.23132021106531736,0.4031928915667645,0.10711220544961939,-0.14309262032457923,0.14840658411797358,0.2457263399040935,0.7732296456068309,0.15774893413166072,-0.49928119166017726,0.7262351434153101,-0.686016412678114
0.7689102339881015,0.80726736548942,1.0106170034739868,0.3411754284355365,0.6842973316630651,0.02553287978353561,0.3545210600293083,0.8844537337969803,0.7905075392308284,1.445499201008933,0.08189891361479479,0.4994118151547035,0.8929286897237209,0.6778433248365099,1.036871212033109,1.0765412145856161,0.9093119716919497,0.7402980253229103,0.8619831260424488,0.9869989163010027,0.5175488740042699,0.9497593914276491,0.7195618387677031,0.8628418597828728,0.8642777569288776,0.768934353169795,0.4946326242732136,0.7961503406649231,0.9589949766282327,0.047113521456494396,1.0330140581357299,0.1956250507182261,0.4548180168714883,1.0319737454749753,0.4854514213509624,0.954027298628916,1.1064151145683032,0.7608624186090946,0.8311278311872629,0.7751433447571061,1.0681152616585,1.0070824973721837,1.0268725826056004,0.3023053417434141,0.4910800279342399,1.1657596942471313,-0.23145085545680477
-0.16430311667131195,0.11200796590811858,-0.07506140010327256,-0.016507335316267056,-0.3684202701320914,-0.2454662759211886,0.5496504688769789,0.20205110630132367,0.0014594685544854265,-0.05832020070106719,-0.32056544783227076,-0.44957584555025315,0.9533883831010795,-0.04790425475487579,-0.2656066413992098,0.5244292455879525,1.1419876761273378,-0.14589138952015285,0.10500724037647434,0.7922368645577829,-0.14819664437012836,0.309454884425007,0.0020141022180486324,0.09500522327349831,1.0467648912496375,-0.003373992762674277,0.5028580540214058,0.07412124671463012,-0.02947159617031859,-0.5863259878746483,-0.35703522310812685,-0.2286635916119364,0.47358023460981513,0.22944281411855652,-0.47578932173692057,-0.22876686886810263,0.4301442919980281,1.025150246472885,0.09764188051691458,-0.1347563854220025,0.23688108069740338,1.0587270965371878,0.21942793887249318,0.14329329337048569,1.1319019935541557,0.2085972987927906,-0.029421718914000673
1.7402139254907578,0.7489552868148587,0.14649273923138867,-0.08173183929453748,1.0566765430443377,0.9364145483389539,0.2764692964902409,-0.051265020572064515,0.6480727588256503,0.8242662205783886,0.7024729935234948,-0.17865517467158076,0.5560338427376572,0.18628656084436135,2.110086382080658,1.1291972729890303,0.725352742872721,0.3169323523194177,1.8260824749029156,0.4208457796819177,1.052320732877528,1.348297752231997,0.7196153625258801,1.1285317891982163,0.8271916618894968,0.5849927856382123,0.3243662284856248,0.7598263158604512,0.24710585856386885,0.48833690381818773,1.1667735172742897,0.7820265799848273,0.3591307064060226,-0.06481852737879709,0.851222249564923,2.118880206281878,1.1882929866155998,0.5230033735316834,1.8338681181796384,1.2021819853398907,1.4061883216057034,0.9715051068362913,0.5336292241512456,1.1985550689362858,1.5979543321868224,-0.7278637803743584,-0.3324654237282068
0.27373580302596445,0.9732325124862463,1.5376759959082966,0.10973364012554605,0.44861428648504476,0.9256844020001875,1.5168136257741236,0.7293622275479673,1.1879324865935459,-0.33834174446775567,0.510328717735864,2.749430946180969,1.2220981314448989,1.1200004636631942,0.8375123569159173,1.451519364923462,1.4255611909079662,1.2610151632416442,0.5090373143208906,1.2925738595532974,0.7808372202369387,0.9917004273847406,0.8400726389100514,0.8734891278653286,1.6589797934870254,0.8937672783665269,1.4076553263226053,1.0065531321983643,1.5321124032019848,-0.6081687295757224,0.3511030899783654,0.7071467019090943,1.4961211013486109,0.6146576611696369,0.5229023593933472,0.8211290775618353,1.1500293343100836,1.1499528318530086,0.5572311787217524,0.4932461659803099,0.8799966858437223,1.397286135507773,1.2638400323968386,0.15774893413166072,0.3163104009469898,1.6598473008617267,1.0312312479357209
1.2259943241069993,0.2914297464452286,-0.5042830945407947,-0.24794912362625748,1.3206415536437204,0.5702147599194933,0.13393998915803002,0.17103280505152138,0.2799470229108417,0.26318601621624405,0.54927688174687,0.7443118566269494,-0.31626517782346636,-0.38943252750376267,0.7909952907219067,-0.11166132802623611,-0.18862650861253646,-0.04562908346126634,0.9362875074575133,-0.37297747949217414,0.7382223549157486,0.2938325522396476,0.7585106658721313,0.6073386494640142,-0.6073926811417678,0.17956827211446053,0.19029172359008267,0.1855902795154708,-0.4416009815716682,-0.5863259878746483,1.6187580948862847,0.6267718970048389,0.3516258193106922,0.4862527121526096,0.7351243416335294,0.8277739886151889,0.04012048004880605,0.03407089198366967,0.9936088962091756,0.8118116385936046,0.4123683553712972,-0.3701068136946058,0.12288564451310044,1.097365583608058,0.724106197250572,-1.6792502264353177,-0.029421718914000673
0.6482908213178386,0.7938107319491362,0.8591269936725092,1.056540955939142,0.3700532714257047,0.44615131340933234,0.6090376802653992,1.1842973125450726,0.7092820025435582,2.067769298268243,0.7959485871499107,-0.6026383714704073,0.6477310443599853,0.49183239057149025,0.5251834838989844,0.6901975388109469,0.7057207303109855,1.03138213968742,0.007482739769201896,0.7150036371423675,0.49817848067645615,0.8014879773981326,0.6708552188263308,0.7075509864453632,0.4404366707645316,0.7115144038436678,0.683817508481646,0.7142952478008465,0.6434584159303237,-0.7173824380810919,0.34236064166865615,0.5188806396411667,0.3891502547873451,1.192479931746259,0.6352551735205021,0.5885571906944441,0.7366541769584439,0.8489583612303585,0.02800713836466625,0.3289350771433414,0.8219737570735631,0.5135896609065836,0.19309822222902254,0.9672648167574801,0.9571323665669055,-0.32717796718589953,1.1827531003428238
0.5784585297718945,0.8207239990297032,0.8663858899754964,1.1638457850646826,0.8312064298240314,1.1089060889444287,1.2385421209826641,0.28269868955081057,0.3997546895245658,0.28496546962031927,1.0997442664357595,0.4397174300458433,1.0850561597895516,0.7705438560112076,-0.9766532246505262,-0.26552949517149066,-0.13627447511457427,0.21925746061043744,0.5684808194529426,1.0501286847970819,1.4697229084867947,0.08698442960160362,1.6461651403336837,0.8754359230704346,-0.05581060095289046,1.0949382776477186,1.1863912660962213,0.8179745512232154,0.8566065824425846,1.3030711692682433,0.9071228024759079,0.7895287860201154,1.106805083278336,0.22944281411855652,1.1608166707153056,-1.0009055332678396,-0.37492412112070045,-0.2434313272733107,0.5349480612330335,1.028665143408949,-0.1117563402039941,-0.10040724027736017,1.3498504400988438,0.6347850792504471,1.5979543321868224,0.7282118470766755,-0.28195813959250576
0.7054263325826992,-0.2288934171123909,-0.04993930681119434,-0.4524595038419945,0.9884855819728298,-0.20373058937306188,-0.34285447941758,-0.19994607789611857,-0.5142066529287016,-0.6206449452577304,0.04165247747008796,-1.9572417258637715,-0.24451967501566674,-0.23928206187737755,1.296436441395693,0.12609914993130106,-0.319506592357443,-0.3831572854066016,1.0634408801540431,-0.13066662339233276,0.22250798301654715,0.4178935736337985,-0.10684087027814376,0.14932252679725389,-0.23782680073346782,-0.22718670212119343,0.0346665927542767,-0.1802773278704657,-0.0428014059793931,-0.21893107246258486,0.9912251552153163,-0.6433030755219072,-0.4782270712554905,-0.2918812788905732,-0.6126100820517668,1.2603576981885378,0.1350905478767717,-0.3410709970118777,1.037896592218006,-0.043067084606028865,0.33833407033142965,-0.14837933461285324,-0.11847009138538264,-0.4927549001212294,-1.0818466149510102,0.3157413086849358,-0.736523696813815
1.3212201762151028,1.1930241936442063,0.9097499052811693,0.7998509725407896,1.2830893884453551,0.8050088577930629,0.3394197405619671,0.83896022529727,0.688453454207322,1.3919839726446332,1.0013352387012833,0.06257136617858347,0.9410277346772641,1.0323618693881664,1.3091954081231938,1.2969090710617215,0.5696054432162836,0.8977421885147361,1.2486445508310924,0.9281673448089133,1.0110230543026293,1.19192946639506,1.1733971953352071,1.2444324541796519,1.1931077996113826,1.1569144704971042,0.7830161912448504,1.2063503683892878,0.9220321223750484,1.104739074622492,1.3246621337476483,0.6732588107008673,0.6769626748932741,0.9459424296335671,0.7540994835750037,1.3018219431614666,1.487022011301891,0.8753871440167375,1.3461463841452912,0.9090584293446298,1.4602057094258385,1.2482053925847938,0.9394579233492776,1.1551881466527596,-0.6157942763183433,0.5603554443745252,-0.686016412678114
-0.5071161842604849,-0.3993441086226453,-0.18867890745438187,-0.5635515622307895,-0.7533692439228583,-0.5506912543070855,-0.08664108171324886,-0.13915020744650464,-0.09427062825551244,-0.52502277364555,-0.671098923931328,1.7698307802919833,0.3387148337645934,-0.37113637003507244,-0.6776149419747386,-0.41046941066804093,-0.028661961813208136,-0.3334789298883919,-0.6844768121585905,0.27175207110607325,-0.6674721885811353,-0.37222769160912733,-0.259305354052359,-0.4324092307288245,0.13432921964583716,-0.3795147708330543,-0.13872546633762622,-0.42938528536877624,-0.23553628887099387,-1.241608238906865,-0.46194460282464456,-0.5561846488492546,-0.2393840394465937,-0.2092740950229534,-0.5631748438358193,-0.6872657315495294,-0.5033669548578573,-0.09073169339645291,-0.7751135544579316,-0.6522898996966359,-0.5007328682783134,-0.020071197131797128,0.05267306679717771,-0.5505774631659308,0.19979731628882308,0.17899585047934755,0.1726074176288034
-0.4055419420118415,-1.054233607583097,-1.3380462359856793,-1.5280326146062384,-0.7195880074473415,-1.1036806375068624,-1.71469906249011,-1.3953914080635106,-1.2457586472785551,-0.6805902979603776,-1.804750151078352,-0.350085203702152,-1.3653752127948233,-1.0609015066047,-0.277701078609652,-1.2525500301353674,-1.3559314333018233,-0.9330475201205346,-0.32707273755212823,-1.353570830355195,-1.2201184504051978,-1.1323554864734766,-0.8668971755722361,-1.0275777781276405,-1.4481285690027659,-1.0063791121159085,-1.5071079592469672,-1.0950383135599462,-1.110731675900642,-1.3853334792999317,-0.5135250478519326,-1.0665320417041644,-1.3517959291519748,-1.3109885575890452,-1.0365547006915654,-0.27621153378905033,-1.150704646620676,-1.1704942967910745,-0.17281945800241894,-0.8055262354837462,-1.0322998994669872,-1.2905283365909104,-1.1857012726674028,-0.434932337076528,-0.7905639033055933,-1.7352409432967704,-0.787030980949516
1.2259943241069993,1.5294400321512878,1.083205966503862,1.2669425816754967,1.108526812983502,1.1907384208338758,0.9399092865723178,0.594949588798823,1.7129975630362595,0.9891677963521062,1.0815684565639565,2.7800434513650023,0.8089568933662773,1.080358789147698,0.8973200134510751,0.9448905449424176,0.6184673411477148,1.5294594020444703,0.7319504585660845,0.8526802599263679,1.3086059369070637,1.2507355840257688,1.724985050068057,1.4330015044153461,0.940804619708551,1.541433848245949,1.0457364174021262,1.4297302536024807,0.9622147374516806,1.1610933482112633,1.059241403064859,1.0385568626095216,0.7362512829463864,0.5611555990792091,0.997280907930224,0.900868010202083,0.9757811358201958,0.6507424903325152,0.7986316181828808,0.9785982240608858,1.1491717395679193,0.9267464542266206,0.9040005716027358,1.4587566026374414,1.2484150782123222,-0.3012910785778956,0.1726074176288034
-0.11351599554698937,0.2555453903378061,1.0506987352339616,-0.6982086027020566,0.4124762195577488,0.33171155720916107,0.6853926663362269,0.19998321955133724,0.6741809670465589,0.6189170884828158,0.623278393367782,-1.1812147194485905,0.7488330871743469,0.5555640057540951,-0.05362172545792945,0.05166758668170727,0.18147328375500157,0.7943102998772134,-0.10815345380799199,0.8553666330538611,0.4058264054104641,0.10387343736955988,0.18915374686684008,0.23071417820070936,0.3244690402445648,0.440865391221563,0.789103009258513,0.36197865983417465,0.8153936439024495,-0.319844539121547,0.35547431413322134,0.11180441650902291,0.8056714885781942,0.34500726823388067,0.3431378567898992,-0.024103608424797595,0.1561927350955673,0.2689934056403728,0.006652484104643061,0.4579239234365436,0.20437743305572625,0.44817316863091106,1.1163936191934012,-0.6373113077329828,0.37456694327607315,1.561413912631954,1.8393477941069372
-1.6498264095577266,-0.7761298477505764,0.12250682101282158,0.07606938000772852,-1.4352788546379307,-0.7840461336297918,-0.2715898257514749,-0.10296218932173552,-0.3385274207222331,-0.3113767069198532,0.031266300400486495,-0.6776390091712822,-0.2944325107705318,0.1402412312148233,-1.5979883230991077,-0.7479581648798332,-0.3122354765938365,-0.12357494075220717,-1.4488831359660699,-0.3464495448581831,-1.0378490093114943,-1.067752216926416,-0.8719671106352792,-1.0218120170598803,-0.18296292680219403,-0.6580601232448833,-0.3945363315064198,-0.7195873130222937,0.07871236749753627,-0.2958175232503658,-1.6369296556496398,-0.7225379131099866,-0.07146219068857121,-0.29594743560944686,-0.15121452536958338,-1.5829997415416543,-0.8119886862478752,-0.42916693963314045,-1.443607079119516,-0.8809329572138419,-1.1104059215805036,-0.2335355403471494,-0.16586358134363077,-1.3456377050305748,-1.3731293265964264,1.9864499740512378,-0.9385528333566191
0.27373580302596445,-0.982464895368253,-0.8238638943844956,-1.1829739483986168,-0.3280399083915909,-1.1564519843718497,-1.4890276592141096,-1.3128827267390355,-0.9355351153736726,-0.8160377557971539,-1.254023111962723,-0.031409024736391886,-0.720404639332571,-0.8257348959404667,0.7471363425961247,-0.9142686357607034,-1.2451196290644697,-1.0564024992523393,0.3878282921375653,-0.8030658172037544,-0.9301704828324335,-0.543022004914527,-0.8263072276978471,-0.8130281448243535,-1.121888666291266,-0.9095321136946993,-1.3327288485852815,-1.0003267456547262,-0.7336976834748752,-1.754038959214058,-0.49254317190862834,-1.500452278761459,-1.5957047597502194,-1.452448009756136,-1.673969666172959,0.6540760136805143,-1.0072835629496149,-1.248899685723999,0.3504624176910107,-1.21281041295664,-0.6897511709978852,-1.2036506442177806,-1.286631853134041,-0.767412074583561,-0.9653335302928434,-0.9720138034607205,-0.736523696813815
-0.8245356912874965,-1.0093781624488196,-0.054231523755569416,-0.7508090091361453,0.3409856958537496,-0.19340917119417994,-0.6219743729431596,-0.2528839786957817,-0.29907501718841634,-0.49183503512505267,-0.32965335276817226,1.1591113018705685,0.09721194744058577,-0.21927826304494255,0.4274976448915605,0.14714641925875088,0.11748746503527024,-0.589632950529161,0.5299354215938771,0.10922649689276506,-0.06865882930561297,0.1626331102289077,-0.3256089387975719,-0.059700206437777105,0.370385157912369,-0.37764244930269186,-0.49817674633364795,-0.2741264814842319,-0.14763681839086157,-0.5710360686838964,0.4385275730754633,-0.35122471451172343,-0.48985964625325323,-0.25742595090433884,-0.47703768633833316,0.4722712472607486,0.09246797776280417,0.059765541914872176,0.48713220495515624,0.008095242000947776,0.1474622761503294,0.3379980237455678,-0.4967403538299145,-1.0420692490458925,-0.9653335302928434,0.2892006496292177,-0.837538265085217
-0.2912709194821166,0.43496717087491615,1.2845614378649934,0.6083854931207061,-0.056533040346511375,0.2654274096643815,1.0798934277021683,0.6125266261737113,1.2891743162501792,0.8553797254413538,0.5142235341369648,-0.8352934108690412,0.9923512966109332,1.5767945284648306,-1.0231702908445388,-0.48619327625434006,-0.28242390196305267,1.6119332344477475,-0.7234866124014984,1.0397189889280476,0.17068473071336515,-0.11652107691569967,0.8160528231249314,0.2004475233158774,-0.5691292497519316,0.9328297026360476,1.0136572413841745,0.5792191999357857,1.4055758028404763,0.16506432664229323,-0.16033013613965666,0.2332238993599616,0.4341795773593292,0.5953969188170822,-0.09004465990035423,-0.9989120599518334,-0.5933103273502245,-0.25370918724579045,-0.8173586313636287,-0.11433353822192754,-0.3870714221298297,-0.7884280669311434,0.2905181738098648,-0.18918644413654728,0.43282348560515654,0.47172067773842313,1.8898550782426382
0.11502604951245864,0.05369588723355731,0.2184504938870908,0.3201352658619007,-0.2662909505549495,-0.24294784988554163,0.7871993144306635,0.8947931675469154,-0.23351440543369018,-0.7635596442616187,-0.43740993986528953,0.14736800553834922,0.3420737056188909,0.0893169262603021,-0.11276485247602876,0.37091046311353315,0.6693651514929562,-0.4596153794463463,-0.2850907620526154,0.3590591977495856,-0.23715145065247345,0.3162104875321898,-0.0856413448277527,0.04696762226218641,0.3285897174711622,-0.09186977910403825,0.659141219237068,-0.02309163225954162,0.22810926970552528,-0.040257445347800874,-0.2958380849401581,-0.48986079839236135,0.5861535410397747,0.8607671467856052,-0.3135019235532524,-0.10915846990772929,0.3966302073543446,0.6654251474360593,-0.19946635266601187,-0.26332749165884023,0.26261651243364426,0.36439415220768173,0.4125125275912799,-0.23255336642007343,0.5493365702633219,0.6491679151637072,0.07159284935740137
0.7625618438475616,-0.3186043073809459,-0.505229907102054,0.32223928211926384,0.13044217549471768,-0.3859531630375868,-0.6737260857244987,0.2589179919259615,-0.6190456134957709,-1.084028744350163,-0.0920695523010339,0.24073614634964322,-0.0008671107049088313,-0.4351729211754886,0.8321961207794599,0.22284502812185686,-0.015573953438717071,-0.5805770003044873,0.6585748819187087,-0.049605314270240175,-0.0929761230832994,0.5138963234561172,-0.13004959526626822,0.14562970452126534,-0.04227123292264029,-0.3752819140578014,-0.725198607383767,-0.2548894240542895,-0.39620235396105086,0.023086505585313236,0.15002677885504057,0.19685869106405096,-0.39792477933545345,0.27545458751632373,0.10844531172428601,0.8510311773019277,0.004425684418033362,-0.3851189683225091,0.7211049385867102,0.19768734017497933,0.3060965581255559,-0.21345152956075908,-0.47304360885079105,-0.16027516261419672,0.5493365702633219,-0.8857794289871467,0.4251438383073085
-0.17065150681185182,-0.6325924233208885,-0.3370128753849955,-0.33210977392079905,-0.21129824001341124,-0.6022983452014953,-0.5023515614321972,-0.4079754849447947,-0.520704695863683,-1.4480567512468596,-1.1644423347374078,1.4024807180836143,-0.11137399471130428,-0.42297548286302905,-0.3918672496400983,-0.5405415351116808,-0.4576577918659539,-0.870367407494044,-0.08539773699962926,-0.08083440187734298,-0.6829685032433865,-0.3760980892226173,-0.32822748573609317,-0.4461008056676997,-0.5014324096006815,-0.5375481087732,-0.3690374992870222,-0.5695326559430625,-0.28705246204616247,-0.8484388882875356,-0.25212584339160915,-0.6312903458357487,-0.6990583740355939,-0.540986879983606,-1.012586100344439,-0.39488964520195347,-0.5619853009127189,-0.34033686415670017,-0.1251892943702806,-0.7356831924302765,-0.3997500062161617,-0.47913430082072694,-0.5002509827157106,-1.0131579675235418,-0.49928119166017726,0.6315399783209049,-0.0799290030497017
0.2927809734475841,1.12574102594279,0.8496588680599164,1.5404646951327572,0.1265141247417509,0.47191357318382227,1.0756514840315659,1.5151591925429673,1.3474826479435418,1.4973550424472089,0.7440177018019015,0.13206175294633252,0.6645254036314739,1.0254703167416266,-0.3652860689578057,0.6430306082481322,0.6257384569113202,1.4421341677351167,0.3372084322985522,0.5941168464051965,0.48044712063022715,0.525141587794949,1.3456662930774694,0.8467304511888941,0.9525779832131164,1.196560056334492,0.9305804009274277,1.0514553050867987,0.7980069354558303,1.2266215733144845,-0.14721646367509147,0.5755862772323062,1.1771633997970605,1.4385894173622273,0.9723136159019677,-0.31515071256170396,0.6478188978001868,0.6801078045396035,0.20905746796051083,0.47003838507113355,0.5287519482362381,0.9439613206149553,1.0180960103911108,0.909442253712779,1.0153889088959889,0.27540729398507047,1.334274952749927
0.16581317063677942,-0.031529458521569576,0.0833719018141061,0.012948892286822718,0.2938490868181449,0.10612251292424577,-0.18929611854180559,-0.38419478731994566,0.020025305511575463,0.8947901649344445,-0.21151058860145353,2.0759558321322915,0.1684200307516971,0.1237746894930022,0.1869379597168155,0.15690393331895675,0.3574342852342638,-0.05112733895481779,0.03534688279985097,0.14079138114080417,0.2644225341174243,0.09818747142101401,-0.03609481360421266,0.07681744128514009,0.4327839844865645,-0.05557619718468995,0.2174356417591185,0.0024588326700643397,0.07903434357988078,0.22840827757540735,0.25493615857155827,0.18315901047787295,-0.21968371082135074,-0.4564536218807307,-0.05509045106079561,0.1745792320704886,0.09242832847212973,0.22421130147456383,0.08650032177255441,0.22867746361569913,0.07771317690927382,0.42005555352996443,-0.15269872302189486,-0.24700900718124846,-0.2662550223438438,0.10089710847829164,-0.5850018444067119
-0.17699989695239168,0.058181431746985444,0.3951888386554818,-0.14274831075808017,0.16579463227142094,-0.17334020568716166,0.5241988068533688,0.4501975162997451,-0.02174782764187794,-0.9294983368641009,-0.4503926612022918,-2.3781636721441957,0.4629930923736094,0.2692291413690911,-0.358640773787233,0.3872010495729796,0.7784318879470442,-0.05856615521079937,-0.1968543091222269,0.4833039548961224,-0.04896062932148268,0.10847569198632794,0.09757459662542402,0.09406851347152277,0.746544121883226,-0.008945520262229795,0.45350547553225,0.07400682055077164,0.4373937232296484,-0.6300114712767967,0.543436952791981,0.2214687705053384,0.42667469026399873,0.41134982522601027,-0.30101827753912386,-0.3483752678284741,0.3411629365057074,0.7168144472984633,-0.30623962396612653,0.12532547930016738,0.11023033396393551,0.7947658119160534,0.3510765220898476,-0.4927549001212294,0.19979731628882308,0.9204825245534243,-0.18094357132110372
-2.1767427912225656,-1.5611001376004328,-1.4858121163795384,-1.594519528338927,-1.8060868457180157,-1.6338621636716726,-1.6900957892006212,-1.8968539449353186,-1.3503655348836614,-1.1265505343295497,-1.6577857455434883,-2.3475511669601645,-1.7404268440457091,-1.2645987264227867,-2.372165210470869,-1.8970590905351492,-1.4247161884255346,-1.2067312729819215,-3.0018447075409265,-1.7195220096478872,-1.9584344023671225,-2.159577309518798,-1.7162220516393505,-2.0223960604321225,-1.749408941084589,-1.5014850380466775,-1.8825165729544828,-1.6425337182521706,-1.401089706959187,-1.962418715042303,-1.5460081932286576,-1.3459653800780587,-1.7309803496435539,-1.8678380198262192,-1.4120627727965465,-2.33520367278133,-1.899543687787911,-1.6397520178203382,-2.970929090325496,-1.8416113120222288,-2.1698208425631083,-1.7243429695769492,-1.8606196759617062,-1.5046497534035035,-1.6061554959127597,-0.25252049999651915,-1.090074685763722
0.03249697768543489,-0.5608237111060443,-0.6179006018919031,-0.7739531879671442,0.3700532714257047,-0.5168782883530685,-0.6720293082562577,-0.438993786194597,-0.49459648764277436,-1.3650874049456185,-0.9307533506713702,-0.6332508766544387,-0.2154990221945341,-0.6791216874246938,0.2527263819054894,-0.4400197768037804,-0.42857332881153104,-0.7183568144370216,0.38364867068296776,-0.1647835621114897,-0.39926674250371424,-0.1302926553331538,-0.5073262150217828,-0.35378805468301133,-0.5367525001143767,-0.5969516221641294,-0.5088698050062987,-0.5819422855960847,-0.6090285443909673,-1.0231808218961262,0.543436952791981,-0.6273594240558321,-0.7553450272505736,-0.4232823433846651,-0.9127169322314127,0.2031523495999095,-0.4265725392359666,-0.34033686415670017,0.4783118042825382,-0.36343038664708743,-0.23365177356677602,-0.5078257448012851,-0.6231229937185746,-0.5650331039271062,0.14154077395973974,0.06820748830456239,-0.23145085545680477
-2.513207468671198,-1.8212617193792424,-1.9560623551382932,-0.7949933505407799,-2.175323616496913,-1.7802198734482186,-1.9106768600719002,-1.886514511185385,-1.8812324353754661,-1.9355016607666529,-1.9174401722835306,-1.230194727743039,-2.009136592389529,-1.7433481801868513,-2.5183617042234765,-2.0246476371981497,-2.26089450124021,-1.4557699041604466,-2.723203277234433,-2.246722735918328,-2.273128792431297,-2.3754047546201393,-1.9237295448807012,-2.258993344581109,-1.849482530873393,-1.691988661673209,-2.1621811843930354,-1.8461517113638544,-1.8518562222419137,-1.219765497205791,-2.4202530241996363,-1.9020653569858545,-1.937364744765146,-1.9641417315889893,-1.8489903832910386,-2.6142899370221997,-2.0467677644760736,-2.300471587479815,-2.6923901217165027,-2.0927195014595172,-2.3934691745281813,-1.8620619006836276,-2.1677997034688663,-1.6636618017764322,-1.6061554959127597,-1.050085990081273,-0.9385528333566191
0.8450909156745854,0.46636598246891053,0.24527684978943573,0.5536810704292543,0.3417713060043423,0.19682300731298896,0.3570662262316693,0.30337755705067926,0.73945148759883,1.1198445167765605,0.7453159739356024,-0.6409040029504459,0.06395911608303782,0.27593773244094416,0.4793309472220304,0.1555695364435964,-0.20316874013974842,0.7056913583929078,0.4091908017943969,0.17168467210696972,0.5090855021502715,0.5058107109872083,0.8821464300496017,0.6930819423708479,-0.03167520576853124,0.7128793967451337,0.6089660977730925,0.5917226141701669,0.1691876466364265,0.5211010163697983,0.6090053151148044,0.8512986217766578,0.6799646297314074,0.2401432265366415,1.0172547415528297,0.4928704715261462,0.07768922636513495,-0.18249830029360248,0.37525238589721077,0.965818472706899,0.4136314854853849,-0.10786701571230502,0.8908357132810012,0.5046843123998692,0.37456694327607315,-0.21076179489879973,1.7888405099712361
0.43244555653947025,-0.04498609206185302,0.19572699241686914,-0.26898928619989326,0.42975964287080354,0.017147759655011748,-0.37339647384591085,0.12347140980182322,0.13751224250566368,-0.4617586470908535,-0.05182311615632707,-0.5062089801407087,0.31117208455935114,0.28234138755498606,0.5776813157465109,0.29908876126054385,0.04114074951740881,-0.17111867943174372,0.7156963751315394,0.3459631287530592,0.03607539738761992,0.359650422928687,0.08657340571389871,0.2103641577527912,0.5299142333992266,0.05605051569813505,-0.26539708445979404,0.11530187689732184,0.2690002321633158,-0.566667520343681,0.4149229626392472,0.1238857282347455,-0.15683028139795732,-0.06909869234603198,-0.13373742094980362,0.5958665928531345,0.3321729815464922,0.18163159587428654,0.7345676554028125,0.0854390398442626,0.3693476297208725,0.5985163350890358,-0.17288483911522287,-0.5072105408824047,0.19979731628882308,0.7940753194871851,-0.0799290030497017
-0.2722257490604952,-0.45317064278377844,-0.33070079164326766,-0.3741900990680706,-0.6826643303694517,-0.8522418078213008,-0.7653520690094912,-0.5217092561940703,-0.19580254911460074,-0.7946731491245839,-1.086546006715395,0.8820681299550891,-0.2961119466976801,-0.17292799745759324,-0.8105208453861997,-0.8611124942380691,-0.7775868854646126,-0.5792832931295342,-0.8655937418578101,-0.2890283192580274,-0.8517889312465635,-0.7262635169449106,-0.1344714811341493,-0.5401776934461091,-0.3483786840413347,-0.3668487898694981,-0.4430663670207566,-0.5253058217864229,-0.13572370334410364,-0.8921243716896825,-0.6280511207091298,-0.5952847750643839,-0.5771039587364716,-0.540986879983606,-0.8877496402031556,-0.8334537747233193,-0.8611496330745193,-0.8101818914701063,-0.8308213481797297,-0.6965394019634661,-0.729177041853027,-0.39879825767516386,-0.2545069607099826,-0.6951338707776843,0.02502768930157301,0.02066337620362741,-0.736523696813815
0.42609716639893036,-0.23337896162581837,-0.3086084985472182,0.8250991676291517,0.2914922563663646,-0.28976580274495,-0.722932632303476,0.10899620255191529,-0.43657824715186677,-1.0124676831653427,-0.8658397439863597,0.46879930997067226,0.006186520189116695,-0.3772350891913031,0.49860230321669174,-0.00884541736164375,0.029506964295639662,-0.7021854747501044,0.6622901009894612,0.026620523222364433,-0.38630347927663916,0.2075578708916708,-0.3373676967479149,-0.1364401569646223,-0.11291141395003144,-0.4197344308200025,-0.6240258214809967,-0.32206251827012056,-0.24197581051788958,0.11264174655971701,0.3336181933589469,-0.010748342727402818,-0.80225057159639,-0.0594683211697546,-0.9501678702737973,0.48223861384078004,-0.03961633030207527,0.0560948776389864,0.640792869304451,-0.5342396541386257,0.1723736336944904,-0.04876264111235524,-0.6757824270055165,-0.04463003652479387,0.9571323665669055,-0.7138721021227682,-0.3324654237282068
-1.6879167504009678,-1.682209839462982,-1.9262693198773357,-1.9202212449788045,-1.7795332226279583,-1.8031689274838716,-1.8867522977697073,-2.026510444159494,-1.7255694961383612,-1.3756659965990263,-1.726074859776119,-0.5010048542594248,-2.1135975070581887,-1.8692257435714412,-1.3380243760262902,-1.8542691501016706,-2.0318543546866255,-1.7223382675595895,-1.3697489697590266,-2.018313860753262,-1.7119565774824845,-1.7719970999212258,-1.761846526552142,-1.8948417888043094,-2.062580410306022,-1.5896180170461414,-1.8035524473718327,-1.7293412652340758,-1.9172173669579091,-2.2411320991480066,-1.9955448853139357,-1.7786628495518981,-2.028736745150796,-2.182430144917935,-1.9625915620196062,-1.311222879459474,-1.8609010717357393,-1.9928699211605694,-1.3654304752632584,-2.013401495053528,-1.952128810783079,-1.947906701073458,-1.9480343352180296,-1.36009334579175,-1.489642411254593,-1.60575897601683,-0.98906011749232
-0.39284516173075995,-1.1708577649322187,-1.269938852412432,-0.9422744885562273,-0.389631744198114,-0.8873428867640423,-1.3168047461876882,-1.052122207565695,-0.9175494608214911,-1.2157425816033842,-0.7957330487665484,-1.1000915807109086,-1.2842920462320764,-1.1383552398888226,-0.12472638378306071,-1.0256537316592735,-1.1724084714284109,-0.9266436696045152,-0.5191495635100709,-1.18694853712246,-0.673566412328117,-0.8391243113542778,-1.1262584857357865,-0.9396578838776166,-1.2755310600258414,-1.088848561339446,-1.0920527741531623,-1.112612467154482,-1.2346280723869232,-0.638748567957226,-0.09388752898586182,-1.0864659969600228,-1.3923223194667598,-1.2119027385975725,-0.8190895871254501,-0.1065005054863882,-1.0895274605539784,-1.299114373018119,-0.4650068360732521,-0.6597937488572702,-0.8188862987792767,-1.3949651926801414,-1.401604949143864,-0.9842466860011911,-1.489642411254593,-0.8533269864623189,-0.787030980949516
0.10867765937191877,1.2647929058590501,2.429889032801586,0.3664236235238985,-0.15002064826712588,1.0294311689670377,1.5456588427342142,0.9495921664215667,1.4214559045694486,0.9010128659070363,1.3022747192929927,1.5142163620053255,2.1467955529330673,2.2879051820812633,-0.039666605599725506,1.1208330881583013,2.0036148941146332,1.7070207118068206,0.10129202130572183,2.2600039820916042,0.6712752955143119,0.9297599913957608,1.0067867939959396,0.920493225728461,1.5789209216559832,1.5267423130778301,1.4783940221570626,1.4478208057435613,2.592701618445772,0.31796351854981114,-0.09563601864780467,1.0872041105518317,1.8995087827226327,0.8843080541053933,1.5278358635306786,-0.02609708174080388,1.124705958397811,1.986864286755013,0.2123070892609501,0.7769690235219611,0.7950494969946506,1.695103324025966,1.7456738469723554,0.2878497009822391,-0.14974193768567706,1.8416062891126723,1.586811373428432
0.22294868190164185,0.22414657874381236,0.5308986391026397,0.8040590050555159,0.5271753015443849,0.25000308233786006,0.201811087887654,0.9671692037964551,0.024666764750848794,-0.20351655672823873,-0.021962857081222628,-0.7403946447985449,0.2211543188641724,0.2875252988377813,0.07330341230001572,0.39444131022162265,0.6620940357293497,0.2454550309032434,0.4579530520980338,0.3355534328840249,0.1535344824669704,0.3038252151690216,0.12227786963034673,0.2171834051111731,0.3109296722143146,0.12527564812272957,-0.2703323423087093,0.21756678318838232,0.17337333570690883,0.7460812558908596,0.22870881364242915,0.2261106036709845,-0.04238075319416485,1.064074982729232,-0.32598556956738006,0.07025412853282884,0.5590879588805454,0.6434011617807436,0.3854654814128738,-0.12330721350680937,0.43182191006955734,0.6513085920132629,-0.35104925506937595,-0.14581952185302116,0.6075931125924053,0.2573292108417569,1.435289521021329
0.9276199875016073,0.23311766777066736,-0.2846225803286511,-0.19534871719216884,1.2302963863254788,0.13612068271934818,-0.381880361187114,0.2940720666757381,-0.061200231175694675,-0.597620951659135,0.032564572534186445,1.149927550315359,0.4317555841286402,-0.40620400518339583,1.291386017066058,0.7586411539368815,0.7202629618381974,-0.28528833762137923,1.078394636913825,0.3530148582127268,0.6421005031021125,0.8114524919812266,0.07619391383966405,0.5308531717667058,0.5246162198221729,-0.07178533120997149,0.2593853334749018,0.1266540741772706,-0.2899502467872658,-0.17786671806456697,1.3084011798915876,0.30868087020764023,-0.07896707778390166,0.26154405137281295,0.21081120904013848,1.279627940243264,0.6810929998950516,0.6712982102774767,1.1681599832041456,0.7565152326140073,0.7716511937047985,0.4814552436483584,-0.07722020197727837,0.5191399531610443,1.7727239591740724,-0.9106795536759791,-0.029421718914000673
-0.17065150681185182,0.10752242139469045,1.0327092965700362,0.3201352658619007,-0.4548373866973662,-0.7267746484388116,0.36300494737051203,0.24340884130106105,-0.004342355494605003,-0.12054721042699765,-0.710047087942334,-0.2659008144460676,0.8727754585979336,0.47048687352468516,-0.4849013820281215,0.00435122050666744,0.1676581638041506,0.16783260040604153,0.03999090663829359,0.9601351850260763,-0.590288621321078,0.016360228785266124,0.1957289346983175,-0.03338646691728128,0.4816434430305098,0.19152919476114383,0.3136731698129735,0.06238022484258823,0.9042590426296154,-0.3023703457606882,-0.5493690859217425,-0.5725356107210358,0.042049226628304466,0.19734157686429854,-0.7379458880336159,-0.46133875573549377,-0.04648191800305439,0.11482550605316191,0.032649454508149205,-0.5285150681810284,0.017082931433027936,0.3988238849843512,0.33352337766086676,-0.6662225892553337,1.0153889088959889,1.0501424033463982,1.2837676686142259
0.6927295523016195,0.6996142971671537,0.37940862930116115,1.3511032319700382,0.35434106841383645,-0.07664916018739565,0.4478438207825423,0.543252420049152,0.5207227209481086,0.1387319967643817,0.08189891361479479,0.5912493307067952,0.3588680648903796,0.5528195821337916,0.04007693644715043,0.45589933665777616,0.48758725740280934,0.5559447528920545,0.03999090663829359,0.46651412284929306,0.1879541813802393,0.5314045948422326,0.8054468845814845,0.5901968600878627,0.3462497627280106,0.7246598244626976,0.6015632109997188,0.6030595546282679,0.40841587581861577,1.0518796397058938,0.15002677885504057,-0.20411623964586026,0.33286360157236605,0.6146576611696369,0.16087662498362526,0.03702957326605868,0.471817783301538,0.48923326219353175,0.227626732534444,0.23579451642784713,0.5340206193003498,0.2955346866543421,0.4037359553767901,0.47577303087751865,-0.14974193768567706,0.38572749172097026,-0.6355091285424129
-0.583296865946967,-0.5608237111060443,-0.4484211534264993,0.5873453305470703,0.28049371425805697,0.035912097904219425,-0.2512284961325874,-0.4162470319447419,-0.13024193735987458,-0.5530249280222186,0.0338628446678864,-0.7097821396145158,-0.6293120346440166,-0.16347498276543648,-0.17988233369881793,-0.3447977209125319,-0.32386926181560566,0.03587446856079672,-0.16759695894004398,-0.5781492271044282,-0.18576030712352723,-0.38997522393862155,-0.7477590539665284,-0.49211355232374154,-0.41666419236781244,-0.585899441348082,-0.20452890432316775,-0.5009256448385591,-0.3991001387021542,0.6827373049577455,-0.22152727430762542,-0.2231812102784565,-0.2600224789587528,-0.34623937397444904,-0.10252830591448275,-0.21348357344538715,-0.322148828428374,-0.3006936899771311,-0.2231421649977772,-0.11348258625525746,-0.3942516751313059,-0.3259219899645465,-0.30628873677547497,-0.7963233561059115,-1.489642411254593,0.9547113588072784,-0.9385528333566191
1.0609361804529536,0.7579263758417144,-0.11924598629537053,0.7619786799082459,0.5507436060621866,1.1159700675460558,0.9992964979607393,0.8120776975474421,0.5526327532181076,0.9269407866261743,1.2243783912709798,1.570849496595783,0.6074245821084128,-0.09059528884848686,0.6447987969692983,0.8980393234195139,0.9965653608552203,0.1613640645312741,0.9548636028112799,0.4799459884867567,0.6914354048777983,0.9752336448109823,0.9502080643903317,0.9475828732015928,0.7171107131218131,0.6070717651708993,0.8565515331936938,0.7168619837117228,0.002726012064161893,0.5058110971790465,0.6658312291279186,0.5532134777402269,0.8582056982455087,0.6467588984238934,1.0097645539443525,0.6749410343880473,0.8942288053173837,0.959078289506938,1.0214627930700746,0.8079436751087419,0.9388301793929761,0.7086914799743791,0.6055971163100666,1.4443009618762666,0.37456694327607315,-1.1749602672897057,0.4251438383073085
1.27678144523132,0.7848396429222813,0.6634523976789327,0.48845656645098384,1.2813610461140503,-0.08478243771235455,-0.129060518419264,0.3571426125503367,0.38147894376993,-0.3590840810430663,0.016985306929784248,-0.11283828852591339,1.2220981314448989,0.6564978077897039,1.6283024822141114,1.3855782701205617,0.9820231293280084,0.42980830333410014,1.5864508448393313,1.154897236769296,0.5324491765641266,1.5146263304000853,0.8037588275928147,1.0484821307043908,1.2469120708272445,0.5922248038138163,0.034008558374421065,0.6877865198401781,0.7754686096916935,0.30922642186938176,1.3827119905241214,-0.3112129489901878,-0.38948178135320616,0.2401432265366415,-0.051345357256556964,1.6118734929109657,1.277574841995137,0.9443956324033937,1.443913562127049,0.2848402934159063,1.3982853150095345,1.13906313968275,0.0351199223681975,0.6926076422951488,0.5493365702633219,0.13699431800566514,0.22311470176450443
-0.39284516173075995,0.09406578785440732,0.929506727392779,-0.6350881149811494,-0.23093849377824627,0.05255848114312011,0.5488020801428581,0.032484392802402735,0.7078315465312852,0.30259645570933325,0.13642634323020295,-0.06232765497226276,0.5916378843932134,0.7312071174535235,-0.7420743051292972,-0.35378490491535314,0.271635119223715,0.7600270597409498,-0.6273553189457584,0.6132572549385816,-0.07251800766861609,-0.25256203448658715,0.2955754469720469,-0.026201902736128893,-0.0028304651823468896,0.42319130269344607,0.4288291862876721,0.2388500496661559,0.9786355176512653,-0.38755703839487654,-0.48904619258474513,0.08732397384983931,0.4932805632350574,-0.2017838063302927,0.29195490813197256,-0.71916130460563,-0.3160031883738503,0.40407385099297716,-0.6242382797947269,-0.18838183117613985,-0.24066991361243348,0.07346291024482206,0.4449858447848944,-0.7963233561059115,-0.32451156467292713,1.5098553783737774,2.091884214785442
-0.17065150681185182,-1.1035745972308024,-1.1288637807848054,-0.7213527815330555,-0.11623941179161024,-0.7550553342489481,-1.376191957576109,-1.3478300128138132,-1.0019660007357616,-1.1680352074801703,-0.803522681568749,-1.0710097007860797,-1.2288706606361635,-0.9645417439362642,0.6567603282763302,-0.9992646653765168,-1.3483694729076732,-0.9470195576100308,0.3613573562584488,-1.1500109066194357,-0.6862912707142346,-0.7306546589645792,-1.1071669729151483,-0.9004331609198912,-1.2984891188597434,-1.0445389363961313,-1.1636140129624388,-1.0488979598325459,-1.0382226621565915,-0.8265961465864614,-0.19267719488558327,-0.751208551113294,-1.5283483980696275,-1.4430316468282207,-0.7966190243000191,0.6669671411240222,-1.052342686315759,-1.4136390984257619,0.27126450428318616,-0.714084484330803,-0.7551623977294886,-1.2870853633132433,-1.282243567026796,-0.7385007930612104,-0.5575377339892605,-1.2623618088415505,-0.736523696813815
-2.3354525447360714,-1.8481749864598087,-1.7679622596347913,-2.53922282789516,-1.4117105501201277,-1.5041632228358421,-1.4194597830162448,-2.4055540854320814,-1.6265323596203818,-1.2541159042677081,-1.5084844501679635,-1.8179548272764317,-2.0588478958331358,-1.6235083487669295,-1.8897167810872648,-2.0991697037058517,-2.135831310106189,-1.407579311893433,-2.415304496745758,-1.9727126769140735,-1.7806737928280318,-2.4091968443291916,-2.140105513130819,-2.245050419178703,-2.216811472215826,-1.6840822943874225,-1.4144896202823172,-1.8177663943158984,-1.7069669851867515,-2.5019344350588297,-1.712114711113144,-1.6952779622038303,-1.8332344363174338,-2.3632671147835813,-1.8427485602839748,-1.802946297407672,-2.004226162387273,-1.9451512855740518,-2.3688206865157224,-1.8559846643319786,-2.272391060650986,-1.9435456015884127,-1.6210192545061213,-1.9816858985222898,-1.9556947498872599,0.5962125155520648,-0.888045549220918
-1.7323554813847486,-1.2067421210396405,-1.165347624811995,-0.29213346503089216,-1.697358400875889,-1.2001578232219619,-0.9377446597827365,-0.7880530695923753,-1.3459561486063527,-0.8440399101738224,-0.784048599563246,0.579922703788704,-1.1937368610402093,-1.0782828561999558,-1.782993340647862,-1.1777059404069556,-0.7450122868436578,-1.0736734900379667,-1.4967165815020178,-1.3617642683940476,-1.2558821566093659,-1.426024368377328,-1.3539790203921984,-1.4449925266643728,-1.0291145618752922,-1.210754084404522,-1.1065295305099818,-1.2568127675796485,-1.1208417248862685,-0.08350607391592728,-1.4309575734728777,-1.3535278044895493,-0.8335834752193957,-0.7440807076788707,-0.7232151857369443,-1.76799406526703,-1.1768306076483885,-0.7651061341622262,-1.6392342814058987,-1.5426301121254908,-1.418954159449201,-0.9433618644261573,-1.0600207585559016,-1.0854361713294185,-0.7905639033055933,-0.16845574047319525,-0.98906011749232
0.6927295523016195,2.2426416097863004,1.9826778997001386,2.2347900600627284,0.3150605608841664,1.4436957375619148,1.9325241054930724,1.8253422050409933,1.8116285718708025,2.2233368225830707,1.7307045234140628,0.5300243203387348,1.705775678463774,2.159832079800431,0.09323929781173564,1.726986025881125,2.116317188450524,2.0954562910865726,1.0616761510954362,1.7861949217300799,1.1414245421854716,1.2383503116626018,1.997379807069005,1.618298315076138,1.7884867920372431,2.3406033492550153,1.8682793922213985,2.226219369121178,1.8637477680171342,1.9911175328520707,0.36858798659778524,1.4938328776941336,1.9276521093301222,2.0913145748654474,1.8212015448626957,0.07689903958618438,1.931370777167375,2.280517428825892,1.053959006074458,1.1002069960249699,1.53864811592268,2.103095657429503,1.7641046486227856,1.6322242917715462,0.9571323665669055,1.1061568934165786,0.5261584065787106
0.26738741288542456,-0.29617658481380715,-0.20130307493783767,-0.31317362760452644,0.06680775329665202,-0.05459848239003232,-0.3046769863821667,-0.3769571836949909,-0.2590424312496894,-0.6194004050632117,-0.07259547029553093,-0.0424295266026434,0.1711071282351357,-0.18817479534816858,0.26269432466134746,-0.226916174863351,-0.3834924110771743,-0.5388549439122412,0.13705100486172098,0.03736601573233498,-0.06047856320025196,0.2173886808299355,-0.16801029145049975,-0.021825906777900056,0.09959779730736973,-0.29126998525249737,-0.2991213464273839,-0.2536614742605635,-0.10288214294493413,-0.7130138897408764,0.16576318581251878,0.15695983499789612,-0.18215927534469778,-0.3590798688761507,0.058510727667772794,0.24235732481469852,-0.24526676700604527,-0.3887896325983949,0.11249729217606057,0.12257148929894482,-0.0534632231741365,0.16011107106610786,-0.23870913072390007,-0.434932337076528,1.0736454512250722,-0.05008282985068462,-0.5344945602710109
0.04519375796651644,-0.4038296531360731,-0.41389405535924595,0.8957941138765665,-0.08937154464131603,-0.8459143656209189,-0.7302287754169106,-0.1631376937463519,-0.8765885830349102,-0.43873465349225815,-0.7762589667610444,-1.1160100834066045,-0.6108382394453787,-0.47938863505815754,0.3367229128615316,-0.0891209654126968,-0.10777170132123957,-0.5605892244514578,0.5281706925352702,-0.5015204336426987,-0.2493309579649003,-0.08871614046038788,-0.7048017090958344,-0.35491928788719695,-0.3517929594576582,-0.6186828982708599,-0.45079827098405784,-0.5557411172146671,-0.4896398130575137,1.2034682671113472,0.21437119841450497,-0.6941508032946344,-0.6564681397695926,-0.2255387218984436,-0.7219668211355317,0.2665448010489075,-0.18670017370953745,-0.410079485398534,0.5383833751792116,-0.3760832687987702,-0.01702833635385274,-0.4892336891018835,-0.28118774024203325,0.2155714971763624,-0.8488204456346767,-0.8781683806027551,-0.736523696813815
0.7054263325826992,0.6278455849523099,0.42233079874491375,0.10131757509609204,0.48396674326174804,0.9024777253667897,0.41899860382245174,0.2878684064257774,0.9074142938200073,1.159254956269651,1.3853641358498063,0.7335974798125396,0.22283375479132067,0.6787581327099445,0.583662081400027,0.17591593170244177,-0.3311403775792121,1.231259898217717,0.2526871984389162,0.3107044814547172,0.9734534314282066,0.6684448187060574,0.96020465553299,0.856036663071521,0.0442629888359136,0.8163214793264467,0.3144957127877932,0.746876415221993,0.5127361264983329,0.16069577830207935,0.5128383837079973,1.2413882446215443,0.6893457386005701,0.41884011391867093,1.5041169361038351,0.597195575063804,0.2604056786211541,-0.1722204403211217,0.45045790742163916,1.157793236387606,0.540167402208481,0.09239926327199031,0.6240279179604957,0.6492407200116227,1.0153889088959889,-0.3583250776977915,1.435289521021329
0.038845367825974766,-0.17058133843782994,0.08558113112371078,-0.7550170416508716,0.08801922736267354,-0.054573710986402846,0.3808211107870379,0.18447406892643536,0.10415175422339164,-0.0707656026462524,0.3454481567559368,-0.8245790340546314,-0.11439697938017236,0.14115603908825786,-0.14599132832889405,-0.17189650811446447,0.045503418975572495,0.37935372351091834,-0.37611362928607034,-0.016025650176581488,0.1767342535526669,-0.05606546619298635,-0.09279294236267739,-0.03637769355158978,-0.24536175337638952,-0.023545867888033062,0.21167784093538417,-0.04530062883943775,0.22778729362318076,0.16069577830207935,-0.014331249367503048,0.16096184791638568,0.1536844221713472,0.17487071078631947,0.00857614361125959,-0.17361410712526334,-0.14678001577574262,0.030400227707783896,-0.34152122665659856,0.029260738190116386,-0.04414172821455376,-0.22837108043064877,0.3098266326817433,-0.6662225892553337,-0.2662550223438438,0.7812106170759194,1.586811373428432
0.3372197044313668,0.76689746486857,1.60332166682227,-0.7592250741655993,0.3182030014865405,0.5016516432408165,0.7804122045577012,0.7417695480478887,0.7684606078442837,-0.2304815942761427,0.5233114390728663,-1.5883610383962004,1.5049151415767694,1.25081798956433,0.629514618076981,1.0608336374865401,1.1848872591326127,1.0252370306063916,0.4853527927448378,1.4977456071655515,0.15943500228067373,0.9128991319740838,0.623906648480475,0.7253266161208523,1.3393329743380824,0.8028382574338219,0.6797047936075499,0.8718901403483318,1.6016592369884626,-0.5710360686838964,0.4586352041877962,0.8101828526914011,0.9323164583118991,0.7355723214940036,0.6552290071431078,0.6689606144400285,1.053330974769671,1.122789916211453,0.3214015186328055,0.5237876056567864,0.9375265210399327,1.4764745208941148,0.8030699911360982,-0.01571875500244329,-0.6740508186474267,1.72535241202728,1.687825941699834
-1.4974650461847607,-1.3099096448484786,-1.1938782433246065,-1.0824019712966404,-1.7237549019358274,-0.9019332435017098,-1.310526669555198,-1.094927463290422,-1.6040212823099094,-1.4972160889303454,-1.1714530042593891,0.18410301175918548,-1.2993397921393295,-1.1937925970189547,-1.1155398937155034,-1.1745328540831494,-0.8572783142337332,-1.2914044075826199,-1.368355762607494,-1.274927257047846,-1.5287186167223903,-1.3820735404958495,-1.5169778032181462,-1.505026257872984,-1.0318224354813423,-1.3523787411477486,-1.376981660630558,-1.3468181892938722,-1.1949606190420434,-0.45832752150635553,-1.6927064758655888,-1.512376353615985,-1.246539887639963,-0.8941004897804307,-1.3141909880457805,-1.106028026131902,-1.1457117575223899,-0.9013611920831135,-1.2251396814071946,-1.651038298308436,-1.2821956699204287,-1.105984968907961,-1.4860355738472604,-1.2010812974188212,-1.6061554959127597,-0.2447425501363843,-0.98906011749232
-1.9164587954604158,-1.7136086510569761,-1.9096685396365904,-1.5187749430738395,-1.880719810024388,-1.5301608109448097,-1.7393023357795987,-2.256666239433029,-1.6024547898166552,-1.5745850043562533,-1.5643101519170723,-0.7113127648737159,-1.9819297303697168,-1.7168187518572506,-2.4864642874047256,-2.082714948545651,-2.018039234735774,-1.512693019858395,-2.211896252622018,-2.0281191226686106,-1.897521965502428,-2.348917160770728,-1.5532216219285353,-2.044872412130525,-2.167363345496652,-1.5231259413451477,-2.158891012493758,-1.7157357251132082,-1.8016279533961241,-1.5299324293610406,-2.047824726206,-1.728138795551262,-1.6887653597323196,-2.3183253826276218,-1.2697492082354833,-2.583058855071436,-2.1139044476116027,-2.0068184454089364,-2.2625116468299553,-1.7830812885692857,-2.4058573062353377,-2.2384936457085503,-1.8667632765118494,-1.6058392387317308,-1.7809251229000098,-0.8953737611075618,-1.090074685763722
-0.5706000856658872,-0.3993441086226453,-0.14279005865201722,0.6172223614016333,-0.9370448971315949,-0.9871790748112773,0.061826946757804147,-0.33704696942024537,-0.5337007817336464,0.017389327798815985,-0.603848427405657,0.4002272983584442,-0.5511174978759651,0.14768166858542406,-0.8675374779497169,-0.6935989614424422,-0.7700249250704626,0.120482917802748,-0.44243028969901566,-0.45766539233638104,-0.7767361072525647,-0.7101049587629181,-0.21973894512280764,-0.5172919995642429,-0.6015059993894856,-0.23920271332436846,-0.08262803545495168,-0.42088005591864486,-0.0967645973803829,0.48702633931612327,-1.0242588781051782,-0.9929334768554168,-0.023618535455838703,-0.29787350984470234,-0.4900206781930265,-0.865349347779418,-0.6389854754851619,-0.6267955042468423,-0.38395199620803594,-0.6661712470511115,-0.553079141712216,-0.46639529969335947,-0.005603372707037972,-0.2903759294647746,-1.3148727842673429,0.10288841604650732,-0.837538265085217
-0.09447082512536975,-0.07638490365584709,0.10237127387670827,0.9732219121475455,-0.038778250943100584,-0.526446655861619,-0.2989079429901483,-0.04071879814713123,-0.23450071552203536,-0.4609289536278401,-0.8133895497848707,2.0603434544884354,0.384126781234698,-0.06766410482106129,0.24887211070655563,0.5521931195031781,0.6645662150889761,-0.2235785053761027,0.47792235460333143,0.34838086456780176,-0.34643026962646223,0.300934380006073,-0.2344019845360961,-0.009021083784894489,0.82766259642968,-0.17655511694176906,0.058191321834107995,-0.0661528003539987,0.08560265565971505,0.7604974654135674,-0.3362281961310176,-0.48130226167451307,-0.03356251085715193,-0.01345654777198737,-0.4325959065280369,0.24116124082509474,0.5193927585012081,0.5833490942272481,0.4763620315022752,-0.16086049738864455,0.2838573624698076,0.7397930052493041,-0.11179989650236997,-0.2903759294647746,-0.6157942763183433,1.0524513930158514,-0.787030980949516
-2.7544462940117267,-1.82574726389267,-1.9601020887329992,-2.0611903342221627,-2.3203472502964555,-1.7516832164672456,-1.6486944189755506,-1.81806745976082,-1.9880440161192268,-1.5162990385796307,-1.861874124961161,-1.4931561472738644,-2.0463528925351477,-1.772561044945194,-2.994563556146742,-2.081353611165552,-1.8934123105475695,-1.5656056433139884,-2.575337558218454,-2.0806377173110926,-2.0863117789963246,-2.4843754475736213,-1.9691539232821529,-2.354965196288914,-1.9169439037545515,-1.6938698199344762,-1.8825165729544828,-1.8541282021909464,-1.8269352734684259,-2.1061439554353694,-2.7376038978421025,-1.9199811602725774,-1.8564995863129585,-1.8534994671859844,-1.9159027259267667,-3.0216229845928018,-2.0576003680492594,-1.9294408424732599,-2.661565142523773,-2.4991465382241653,-2.537164747624702,-1.8186804373850238,-1.9740129889729208,-1.7503956463434844,-1.8974382075581766,-0.5565475535701918,-1.140581969899423
0.7117747227232408,-0.17058133843782994,-0.022039896672755886,-0.10908405064026264,0.37398132217867147,0.5070352949629217,-0.41157396688132475,-0.22703539432094622,-0.09833190508987558,0.523502340236388,0.37790496009844204,-0.04549077712104588,-0.2944325107705318,-0.7843245928696639,0.8268798846430007,0.09272659968569635,-0.23079898004145144,-0.7966260985217014,0.4867459998963703,-0.3430915784488174,0.3486092435806148,0.2380777153456823,-0.09091549361430348,0.15466895411032944,-0.10761340037297691,-0.3186168471696065,-0.4266155075243715,-0.17452882663622213,-0.6354305831432411,-0.0511788161983372,0.6859388602402514,0.36397723052236247,-0.32850457370364505,-0.2617061158715722,0.4480004833085769,0.8291029708258605,-0.031246156360243908,-0.3146422142254987,0.5029160798429994,0.48150302884026713,0.22167623638289524,-0.20197495196853565,-0.4800648666223832,0.3456722640269403,-0.09148539535659371,-1.27903835936914,-0.736523696813815
-1.2054390997199105,-0.3141187628675181,0.341536126850792,0.42533607873007806,-0.8256453777774513,-0.3100989965573474,0.05928178055544314,0.0769439579271205,0.630377195475924,-0.03135516315316321,0.5817336850893752,-1.9633642269005787,-0.0643497887511357,0.35308652976725535,-1.1926253176941515,-0.40408156442715987,0.23600665198204562,0.3140215111757725,-1.163275669901915,0.016210827353330164,-0.30035853411138513,-0.6688549647069993,-0.4378112047859302,-0.51601994765316,-0.011071819635542537,-0.24027672082447976,-0.08855034487365065,-0.2954555184275499,0.46862540321709445,0.8574792385663361,-0.9139291804366407,-0.5814554576961021,0.05143033549746787,0.17915087575355437,0.11219040552852465,-1.2474317333472749,-0.30029372204771987,0.25798141281271547,-1.1594973311383425,-0.4184637711097146,-0.553419578919436,0.10502349862343663,-0.0491351708909094,-0.6517669484941582,-1.1401031572800935,1.2093352517688747,-0.837538265085217
-0.011941753298346014,-0.3993441086226453,-0.6500922289747166,0.6571986702915402,0.0658650211159399,-0.6509320419469327,-0.8532451418643547,-0.04919713382207809,-0.5460586669582094,0.3492667130037818,-0.11388052414719735,-0.48631085177108935,-0.4007743936775982,-0.7737128215378232,-0.2162985512335584,-0.2611588192229525,-0.24156023137158786,-0.7483708208959399,-0.023446458994818727,-0.370492584349243,-0.15127206681848324,-0.1038810620186981,-0.14089597900029668,-0.18791298505637927,-0.5168555157916619,-0.4495343943050261,-0.8485800536066578,-0.4614707406988834,-0.635881349658524,0.3874234371592256,0.010147605899684458,-0.687709109773588,-0.8138831465941527,-0.14785372774314234,-0.5192324098660871,-0.28033137864212876,-0.36677973945523534,-0.3516425101264287,-0.034849822218097196,-0.4050311075194829,-0.2363306901616826,-0.5256144400692312,-0.7974257178983521,0.40349482707164197,0.4910800279342399,-1.926543742134344,-0.5344945602710109
-0.21509023779563452,0.8610938996505525,1.3773490688683987,1.077581118512778,0.42897403272020973,1.4766540900907208,1.7255172543677186,1.5244646829179085,0.9158269386911895,0.162585683825989,1.6502116511246492,0.9555381423967637,1.2587098346567445,1.2462439501971574,0.23810673253022874,1.8852635959504807,2.2435617143136266,0.9139782135604013,0.0023743135469168697,1.2395179902853164,1.0943842870040037,1.014352809053511,0.193513874552209,0.7512391316095014,1.9221144678140567,0.5753071645198908,1.5598257766641712,0.9653509629730639,1.4152350853108209,0.42062440454485817,0.5294490354964456,1.670230901652057,1.8694892343413096,1.5145623455306343,1.596495916608384,0.20647480512658728,1.6984186736269595,2.025039195224227,-0.0959427026663365,1.2259312811369485,0.9279821207660991,1.7960972068375318,1.679849555363678,0.3456722640269403,0.02502768930157301,1.3180750761372966,0.2736219859002055
-0.2976193096226565,-0.4038296531360731,-0.4895759394225676,0.49645182822896616,-0.47494900655255723,-0.6432190525702178,-0.3876494045791325,0.0643298487522008,-0.5021388589065929,-0.634749734128941,-0.6996609108727325,-0.47988222568244265,-0.3589900278101343,-0.42346338039552717,-0.16194003673826998,-0.098640224384116,0.059463961241695264,-0.3647219581635162,-0.018245152295764427,-0.3496731926111744,-0.4254525342224066,-0.2488985272182545,-0.5678895825630847,-0.4018584405373922,-0.11350008212525917,-0.5073550047706881,-0.414441871497046,-0.43985177926745067,-0.5411559862326822,0.6504100472401555,0.0709950461352644,-0.5333836297930651,-0.22474950961069912,0.14084339929680756,-0.7516778986491571,-0.19793448158054003,-0.022829655352466404,0.0966190112447671,-0.05564739854090238,-0.5354031375548723,-0.14097449860774303,-0.14573972176664152,-0.1474327796932011,-0.4204766963153527,-0.9070769879637601,0.317321514612024,-0.787030980949516
0.7371682832854003,1.1481687485099288,0.45925648863402363,0.5347449241129817,0.4281884225696171,0.9565206709514155,1.2385421209826641,1.432443722543494,0.8169058386541921,1.3625298547076918,1.6930546315367558,-0.09294016015629404,0.7746964004524399,0.6327128030804063,0.47467924060262784,1.25420121497862,1.1288996677528467,0.9566705503338625,0.7565637849098249,0.6592613947468942,1.0928346555377786,1.068334300131842,0.8632813638981758,1.044452717372892,1.276934147763887,0.8746786861751366,1.1296358008336915,1.003216375514225,0.39424892819544444,0.7329756108702148,0.5932689081573275,1.0721913348178937,1.7578540387982668,1.609796016051596,1.717587282945429,0.5001798736848347,1.2439981532082829,1.0787419449008206,0.7573150045058794,1.3453585216955695,0.9945362438362242,1.244647653531204,1.5201159410599554,1.7045024955774228,1.830980501503156,-0.7139622149921777,0.47565112244300956
-0.5896452560875068,-0.8658407380191313,-0.7378301929847395,-0.1848286359053502,-0.5648228077804416,-1.1626687809693539,-0.7992876183743032,-0.7388373649426887,-0.8194986343918573,-0.8361578222752044,-1.099528728052397,-1.138357212190947,-0.7629951344450664,-0.7584050364556861,-0.3121237075932205,-0.7654737024141371,-0.7557735381737952,-0.9124128906800281,-0.4987158586209281,-0.8464507432127614,-0.9060260325644415,-0.7614489497948195,-1.0481220332212156,-0.9324249230233624,-0.7368996796919848,-0.9698146624591805,-0.7638581272002726,-0.9844464133963418,-0.6959620866240642,-0.45526953766820455,-0.5406266376120319,-1.090371827749855,-0.80225057159639,-0.8834000773623449,-1.012586100344439,-0.3417303567751204,-0.8069970492324523,-0.7881579058147896,-0.5105015342793885,-0.8356313688791293,-0.8083422019445599,-0.766048740626308,-0.5792401326461231,-1.0854361713294185,-1.2566162419382603,0.5726822384345893,-0.837538265085217
0.03249697768543489,-0.29169104030037935,-0.9511786234551551,-0.7886813017686891,-0.6119594168160464,-0.5716519903447592,-0.6075517644631149,-1.1276000739402143,-0.7466857425757678,-0.7054811018507495,-0.5425699826950069,-0.4526370960686556,-0.8378979767959057,-0.8581190946600482,-0.5965423408937474,-1.0172453475629573,-0.9455496596039085,-0.8082694630962813,-0.36171715538690136,-0.838391623830283,-0.5690407898707219,-1.0092881017030073,-0.808986116109229,-0.8876892240640145,-0.7221829753112783,-0.8777121111279469,-0.607574961984611,-0.9354017890111838,-0.9532209764175635,-0.7392251797821662,-0.6289253655401013,-0.9934620603798652,-0.7778596885365657,-1.2514942645444889,-0.850298702160771,-0.657363631809437,-1.0616665300385473,-1.0017905666713547,-0.3921224726205658,-0.5851575254533585,-1.0312069879565082,-0.7987569867641439,-0.7293195175139072,-0.2759202887035996,-0.20799848001476043,0.00660083518307671,-0.837538265085217
1.1752072029826768,1.0898566698353682,0.5317192099890646,2.26466709091729,1.4821630006057223,0.8246286351809363,0.45446125290868095,1.3044415327193086,0.3462618717919491,0.8593207693906625,0.4519064717193541,-0.23590055936571772,0.7238430805783718,0.5778853178658975,1.4858273537570248,1.6888576346582902,0.8758648391793631,0.6928836573608688,1.2104706748791028,0.7595974310587463,1.421141962020638,1.5893897455368857,0.678345251201423,1.3282376945061976,1.002261577202381,0.7592562526735198,0.94818282058856,1.0436199398618,0.5259371458744697,2.6206253486770215,1.648832117071687,1.0496152983061298,0.8045457555138945,1.3557682252462449,1.133851995324788,1.4359162482181511,2.035536976266062,1.2315884053487136,1.1897931764327765,1.5321625917897126,1.7955201472415254,1.290439198124175,1.2833240227130065,1.646679932532721,0.37456694327607315,-0.2320580778994445,-0.736523696813815
0.42609716639893036,0.7085853861940093,1.0222943583961843,1.3195429881095855,0.13672705669946475,0.7706195438479367,1.1800032983283633,1.0250700327960853,1.0077858498692776,0.13043506213425773,1.4269088441282132,-1.1781534689301858,1.1280497195245627,0.8504370769578224,0.5710360205759383,1.17709664852444,1.303406446079388,0.7710235707280526,0.23921952930743604,1.0424053620555398,0.5052114234847089,1.0717754354645626,0.5711857466758027,0.7866748634182362,1.0814963135881048,0.7708358171105879,1.0120121554345363,0.8828683211279803,1.0240341452618829,1.6394493914647812,0.150901023686012,0.8303016449075497,1.0373848776465269,1.0084328381551872,1.1221173680715073,0.5845702440624316,1.1072873989631389,1.139674971880528,0.3441488677358738,0.5045560912100492,0.9885988568293598,0.9474042938926224,0.9549046904467806,-0.16027516261419672,-0.32451156467292713,1.770382867967408,1.637318657564133
1.048239400171872,1.2199374607247726,0.3920327967846179,1.3300630693964026,0.605736316603725,1.021756162409221,1.4489425270444996,1.2876916500444147,1.2024370467162728,0.8647137769002439,1.4710500966740199,0.6371680884828432,0.8358278682006586,0.5924612566492877,0.6713799776515909,1.169885854052856,1.054734286964067,0.9278855656911503,0.5090373143208906,0.6276965104988551,1.1132629703473422,0.9917004273847406,1.0527678194824353,1.1312092180488622,1.1762718897998543,0.952124171855965,1.3418518883370638,1.0812150822912263,0.5629643953441225,0.833452222695155,0.7532557122250164,1.483712845026689,1.5524077545635915,1.3315852931813714,1.3717902883540742,0.681585945441401,1.2989854589592833,1.2160247888189568,0.5154503334304045,1.258793498904342,1.1611275700595591,1.2079226052360905,1.3077228934692902,2.02252659232328,1.4231847051995723,-1.1236366762937717,-0.029421718914000673
-0.06907726456320847,0.39459727025406677,0.8338786587055959,1.1617417688073195,0.4014776774494412,0.035276298544400314,0.6938765536774294,0.336463745050468,0.7295883867153756,-0.20351655672823873,-0.13880734911424142,-0.2199820566700218,0.6477310443599853,0.48878303099337533,0.106529888152881,0.691544564047904,0.8147874667650735,0.2875005140892285,0.08643114502270917,0.6176226112707571,-0.03301730558243625,0.45652999373762676,0.14805161779881623,0.23921169728763075,0.9172578926994204,0.30126760479175746,0.6509157894888757,0.34793408222813177,0.7754686096916935,0.6587102890865644,0.010147605899684458,-0.04880301102234148,0.4454369080023249,0.3792485879717538,-0.23860004746848215,0.15663797222643203,0.5507407397912095,0.6580838188842867,0.2601229455388273,-0.02923834155494747,0.3819046290903401,0.78328923432383,0.5353845385941445,-0.23255336642007343,0.08328423163065637,1.1255916406955215,-0.787030980949516
0.3054777537286656,1.1302265704562175,0.8581801811112499,1.7845305809869294,0.44939989663563856,1.2845353406762836,1.5482040089365752,1.0261039761710793,1.58709798117099,1.327267882529664,1.1425872468478664,-0.11130766326671107,0.7780552723067375,1.3825503233389007,-0.1832049812841033,0.9307762461314295,1.1034507625802266,1.591233919648494,0.5002136690278518,0.8023107637858798,1.0938627764144087,0.6845386356916051,0.967026876094516,0.845459648224214,1.1874565851291912,1.2729504614140263,1.4347992444916422,1.2533053017843474,1.0117990541327804,2.406129625172476,-0.0265706770010968,1.3349901831320512,1.6499712868028886,1.1560985295247679,1.5078620299080736,-0.18491045591596436,0.9414970202155205,1.1007659305561364,0.4917745210986392,0.9531624961844284,0.5025166682195559,1.0013442085760715,1.494663881637933,0.15774893413166072,-1.023590072621927,1.6687973578460715,-0.787030980949516
-0.41823872229292125,-0.52942489951205,-0.44873675761358545,-0.6414001637532402,0.06052287209190495,-0.37838137066155897,-0.4395707951072946,-0.5124037658191292,-0.16418260804705598,-0.7262234384260601,-0.29589827729196705,-0.45722897184626043,-0.2547978228898182,-0.35497476427106256,-0.09415802599842413,-0.27763377976170706,0.0069665054284612955,-0.5741084644297199,-0.12626514677791476,-0.14564315357810448,-0.207127340994362,-0.22271775034329452,-0.6354003339158044,-0.4329821848910326,-0.1446994954123569,-0.5623921703450365,-0.07867982917581902,-0.5148369496184602,-0.3794595976791216,-0.6933554222099108,-0.36752616107977903,-0.4652423552877126,-0.38197689425787573,-0.540986879983606,-0.49950824916376413,-0.13175116748913324,-0.34449224712575394,-0.04374719066511229,-0.20689405849558487,-0.33570482438759125,-0.37659487236003714,-0.30755946581698973,-0.22642192962361363,-0.5505774631659308,-0.09148539535659371,0.0690167044222756,-0.5344945602710109
1.1815555931232167,1.5025267650707215,0.3298587719285946,1.6330414104567543,0.8924840215703167,1.3519631013552835,1.2071517378202137,1.379712610418829,1.1661756464094555,1.616623477755244,1.5476481525623327,0.9417625150639494,0.7589097027372406,0.23233189047389854,0.4261685858574452,1.5036976503131427,1.9178157281040844,0.883899521742735,0.4454141877342411,0.7254133330114018,1.674259361725948,1.1124427587524879,1.2185061952846297,1.3760089576971475,1.4641306274864718,1.1141258913627232,1.0556069330999567,1.310409342310641,0.180778785600839,1.8207441475836956,1.3713468077214979,1.9912910289425971,2.002700980283428,1.7456912537612825,2.1532665288385093,0.46031040736471085,1.6006810853099247,1.869403029926661,0.49270298432733634,2.1519062675591463,1.1882612260397374,1.372037664804882,1.6991580142355567,2.355006329830313,1.4814412475286558,-1.048910301285148,-0.3829727078639078
-0.4055419420118415,0.98668914602653,1.6418253776468124,0.25701477814099344,-0.07303085350897341,0.6236425489806577,1.178306520860123,1.1977385764199866,0.7716516110712841,0.533873508524044,0.8868276365089249,1.5800332481509927,1.8421458757482625,1.353276471388996,-0.5792645734502581,1.1703909885167145,2.1803030071702563,0.7231564052547781,0.5118237286239556,1.8164166194143727,0.5042578041208783,0.5533391936808658,0.8233485230857184,0.691277214819042,2.1110769520623283,1.1711441141278587,0.9741751785928492,1.1605485366148882,1.6251634909996338,1.038773994685249,0.25493615857155827,0.584777943266622,0.989541222413795,1.3690367366446705,0.6901832159826674,-0.5603479304304676,1.227595867697738,2.08450395649358,0.46438485585208805,0.4329059356164513,0.6914863370523825,2.0003802879791057,1.0540799564705206,0.3890391863104664,0.4910800279342399,1.912145568784807,-0.5344945602710109
0.5721101396313546,0.19274776714981798,0.05465192078924264,1.0123566145345073,0.6285190109709341,0.4297774156103541,0.20605303155825588,0.09658888205199524,0.05744707062821145,0.10243290775758918,0.638857658972185,-0.23988018503964115,0.32460757197654233,-0.05064867837517945,1.0063028542484724,0.7000013568636734,0.26872667291827224,-0.04821649781117258,0.6200294840596432,0.38155757269233653,0.8625802800803128,0.8161180803771253,-0.07334323208346834,0.535249463103977,0.3927545485710425,0.0017926745833702934,0.4280066433128524,0.1881462459050431,-0.07937788893376278,0.9251917378396657,0.8249437883646361,0.5015469473244059,0.45857046041915356,-0.029507166399114836,0.5241507239947597,0.9952257471597112,0.5765086051199895,0.2572472799575379,0.6816452513671031,1.0694025348315233,0.7949819499297258,0.37701838755912725,0.4002253264909934,0.6781520015339733,0.2580538586179065,-0.537228634012582,-0.787030980949516
-2.4624203475468764,-1.7270652845972596,-1.828242659368296,-2.383525624850257,-2.682042163629657,-1.7274443980159595,-1.310866025048846,-1.8585980400605624,-1.6079665226632913,-0.2211475428172527,-1.4656414697558566,-0.8429465371650484,-2.084711209111228,-1.7399938846509249,-1.9282594930765886,-1.7704744986190677,-1.4523464283272376,-1.5353328954200791,-2.321959617593083,-2.023417969695498,-1.9971155878125106,-2.142526448759732,-2.041798838207729,-2.101538671601035,-1.6393279923169044,-1.6714429489602813,-1.5929814458180993,-1.7345031865412746,-1.8737505958413607,-2.257295728006801,-1.1954360160092958,-1.208358026790888,-1.4392278638125762,-1.8025655040758972,-1.2560171976199421,-1.937173500685424,-1.7699906739118725,-1.5355051523851762,-2.2184096434668654,-1.4566406423008107,-2.1449365038449164,-1.7082757609478365,-1.6210192545061213,-1.6492061610152569,-1.7226685805709265,-0.16379088336951517,-1.140581969899423
0.8387425255340455,2.121531907923751,1.7680670524813775,1.0018365332476904,0.369267661275112,1.3452624366735535,1.2130904589590552,1.9277025991653414,2.285927687883972,3.600627971183678,1.7112304414085588,1.1958463080914048,1.6157579127685944,2.1439754099942325,0.6972966288168267,1.2061881841888416,0.5392121793244106,2.5404915592705337,0.9274638621644745,1.5538236462019621,1.0191526593792872,1.3462640342132715,2.1688164045110008,1.66928499078067,0.9525779832131164,2.572448145631201,1.115652570261764,2.252862491733125,1.6370766060463917,1.7595844708206885,0.32487574504923633,1.3106979228985018,1.2812937082447728,1.8045435220607546,1.7388094811694474,0.6908888209160957,1.2927208710327367,0.5611782820008973,0.8162724195281168,1.044384547011431,1.4541399829956172,0.9961797486595708,1.273494261832778,1.58885736948802,-0.09148539535659371,0.7021932117126588,1.8393477941069372
-0.3039676997631963,-0.7447310361565822,-1.0505939423873754,-0.4899109932230651,-0.5349696220578928,-0.7548654201544567,-0.860371607230965,-0.4327901259446363,-0.8798376045024008,0.2580004320724168,-0.7243280814130362,-0.8031502804258097,-0.78785078616687,-1.0102821376079902,-0.07621572903787807,-0.3860966727868542,-0.3093270302883947,-0.6371766892086975,-0.37611362928607034,-0.7672027359517265,-0.5407302150069941,-0.40480940242814306,-0.7623133989785948,-0.58161929626851,-0.381932770029345,-0.786155118254347,-0.9398823238115969,-0.742569247120806,-1.1245122522249995,-0.3089231682710091,-0.6682663829337955,-0.8974262958311547,-0.6709150474281044,-0.4307726320773243,-0.9164620260356513,-0.027426063951475368,-0.45896183610736224,-0.38438483546733154,-0.5086446078219943,-0.5187213846373562,-0.4055658085061623,-0.560618001725512,-0.8267394690947494,-0.31928721098712515,-0.32451156467292713,-0.9582072366589273,-0.787030980949516
-1.186393929298289,-1.4265338021976002,-1.6691150282393268,-0.7474425831243625,-1.4579044269750203,-1.832774883388177,-1.942406598727999,-1.7504475630362506,-1.5935199807810552,-1.00562271209549,-2.036102245303729,-0.9644781827456504,-1.7762324180125233,-1.4886046810311189,-0.9988485105202405,-1.534750133496268,-1.7063992131076262,-1.521878340800564,-0.9352540994344335,-1.7404757200423302,-1.6411980206862369,-1.5853904530930774,-1.4412696824399593,-1.5807732960097358,-1.8036841468406342,-1.4056805858566845,-1.7943399660538573,-1.528446794314258,-1.5341946194005294,-0.5574935688292312,-1.7051207524653762,-1.8326486238178699,-1.9358637673460801,-1.7084018747967438,-1.7660989737572261,-1.000639736825706,-1.4921927184530452,-1.6109740098973924,-1.050124362797878,-1.6280780670622905,-1.4982719759074636,-1.7204409331955934,-1.544312013351476,-0.9697910452400158,-1.1401031572800935,-1.4826139200291877,-0.9385528333566191
0.43244555653947025,2.067705373762618,1.9971956923061138,1.5657128902211208,0.6387319429286479,1.6657218282914805,2.198069779272727,1.4748354009182238,2.311165622497517,2.917167981027203,1.7203183463444596,-0.07763390756427731,1.7165240683975265,2.233626581590815,-0.12472638378306071,0.9656936659456691,1.386297165784495,2.648839535172879,-0.03802869384752489,1.7942540411125583,1.2834095252783462,0.9555086911553242,2.0711396630495367,1.357493327278098,1.27575681141343,2.430140428390587,1.461943162660678,2.0947513352581106,2.1152110883284267,1.6066852789131707,-0.3596579576010399,1.3171546710135993,1.3281992525905892,1.5177724692560601,1.3143655166890846,-0.10450703217038192,0.84308330715225,1.1580282932599577,-0.19900212105166398,0.7332455642890732,0.6564969574214836,1.0443813745469086,1.37969078562811,1.6611355732938966,1.190158535883239,0.7153335764494486,1.9908696465140403
0.19120673119894072,0.26003093485123424,0.498075803645653,-0.48149492819361106,-0.08638622606906136,-0.2251289535415199,0.43426960103661777,-0.005771512072354273,0.21061522552420753,1.031689586331492,0.32857061901783463,-0.2597783134092605,0.32393579760568336,0.1865914968021726,-0.34468565392902906,-0.30816915810197126,-0.34859105541186586,0.5798783356286914,-0.30273805263869447,0.29693681917631726,0.2539327211152852,-0.16192435946522174,0.5121243381331997,0.17882513872027558,0.15434393760359816,0.4510608478427967,0.32765640038490124,0.24001383106211063,0.21040058517656154,-0.05554736453855266,-0.19617417420946648,-0.2566776820413642,0.40885058341258806,0.19413145313887273,0.4941899735608523,-0.3211311325097228,-0.22398761874255535,-0.2485702572595506,-0.2607449257599901,0.18846611522706652,-0.10835872283829111,0.20946035471266777,0.45200710255648646,0.31676098250458967,0.8406192819087388,-0.10499171878884984,-0.28195813959250576
-1.0022906152226219,-1.3637361790096119,-1.4807624493861558,-1.8575215605093705,-0.5286847408531457,-0.9954700636060098,-1.4703631070634624,-1.5928745926872534,-1.190235191128757,-1.1078824314117706,-1.0969321837849972,-0.5720258662863761,-1.4807860497084941,-1.280150460271173,-0.7354290099587245,-1.4981796611490512,-1.545416710101393,-1.0113814895639615,-0.9621894376973951,-1.4659955457407639,-1.1902940048013884,-1.448944159335759,-1.2903705627318227,-1.3742490800531737,-1.5892911974225028,-1.253847875450296,-1.2837052872860526,-1.3307482237145196,-1.3856348550066366,-1.5823550094436183,-0.7932833937626448,-1.1649924322613812,-1.4092083154312536,-1.5179345337548202,-1.1623898525139795,-0.7716561019271263,-1.4572433294869502,-1.4914571810745447,-0.9589492737398676,-1.0842950053939848,-1.4250469047053926,-1.5665400276838795,-1.3542114591856165,-1.1577143751352952,-1.3731293265964264,-0.6883064717435341,-0.9385528333566191
0.9276199875016073,1.0136024131070962,1.3672497348816337,0.48845656645098384,0.48003869250878123,0.10826936790545313,0.17635942586404516,0.8637748662971131,1.1328151581271835,0.03502031388782996,-0.03494557841822492,0.7596181092189661,1.2086626440277077,1.0895068678820437,1.3425547898794692,1.4216532897478111,1.112903213072914,0.9990394603135856,1.0756082226107602,1.3295114900563219,0.22758898618945808,1.3337028346858548,1.1005274806252858,1.106480079276709,1.294005524845506,1.0824753534794216,0.17384086409369698,1.1063529399358585,1.2584327332089007,0.09079900485864281,0.8843924368706633,0.408814829803498,0.3797691459181824,0.9463704461302895,0.34813131519555046,1.3261423176167415,1.4131962841491224,1.1132461890941487,0.9843242639222096,0.5456957508350487,1.3602563174570323,1.2595672044010953,0.5178313941651637,0.17220457489283628,0.5493365702633219,1.5160806723497762,0.8292021113929167
0.9530135480637686,-0.43522846473006715,-0.5036518861666216,0.08616865804307393,0.5383309656828108,-0.8969269428282248,-1.1169243604289445,-0.3773707610449888,-0.7177346405708052,-0.36821070913620374,-0.6955064400448914,-0.23345155895099443,-0.868463710670015,-0.8782448678756075,1.4573854904269723,-0.062356415845138374,-0.49008696817163594,-0.7158340854458625,1.096041927499903,-0.8063566242849324,-0.3002840325985862,0.2579828184175322,-0.4091422330212841,-0.029166589259381696,-0.7564434631095626,-0.5817105175399517,-0.8732563428512362,-0.5055174994847126,-0.892367496854395,0.9487818988768248,0.34358458443201517,-0.810785434336445,-0.7442753187849608,-0.2353831013230822,-0.28054509807595324,1.424088306543181,0.09200262029857378,-0.4042064225571166,1.077077740469004,-0.031088775286105666,0.44711321462716985,-0.7186504751704265,-0.48849037594829353,0.5480512346833953,-0.49928119166017726,-1.8183089412681093,-0.736523696813815
-0.7356582293199329,-0.6146502452671773,0.05559873335050192,-1.457758471610297,-0.7211592277485291,-0.5253253369906655,-0.23426072145018173,-0.7791611565674321,-0.10065263470951223,-0.29270860400207316,-0.10375400150433532,-0.15875704630195922,-0.355228091333321,0.19390995978964903,-0.32142712083202374,-0.7120662564957333,-0.49110492437854153,-0.03204515812425537,-0.5335460374092398,-0.33234608593884685,-0.5903631228338768,-0.6395314249698852,-0.567161659451873,-0.6453202463518558,-0.573249926978529,-0.47338341490824126,-0.35423172574027534,-0.5254942884092494,0.2477498107285588,-1.2263183197161134,-0.6944937278629246,0.018612297503230648,-0.3904198922401223,-1.0085949026539465,-0.15495961917382203,-0.33840790124844267,-0.7728089266473047,-0.6508750618966546,-0.63445137531039,-0.5887315237133716,-0.7229829759994488,-0.5749637237157911,-0.5801177898675726,-0.9553354044788406,0.14154077395973974,1.2603841462709369,1.687825941699834
0.5213230185070339,0.2106899452035286,-0.27704807983857693,-0.037547497889902824,0.0008165006468060831,0.02041345636681031,0.5157149195121663,-0.23220511119591303,0.5062181608253816,1.1551064889545883,0.31558789768083234,1.9841183165802,-0.19534579106874783,-0.17597735703570813,0.5118928935578371,-0.11283997510857299,-0.17408427708532556,0.1710668683434248,0.6715781486663451,-0.171499494930222,0.2906172660176523,0.11438684470511237,0.584146730579052,0.3740666851120417,-0.11879809570231369,0.19480693253647258,0.5193089135177915,0.17122418682548712,-0.2838327012227146,-0.14947115385317034,0.316133296739527,0.7575377736622824,0.6518213031239165,-0.07016873358784109,0.5478696514216042,0.5088182580541966,0.018835071370999386,-0.032001064982277394,0.4968810688564714,0.40768681369514675,0.24079881046302543,0.002881958052649689,0.5090548219506726,0.5625068754445705,0.8988758242378221,-0.8781151511919356,0.3746365541716075
0.8323941353935038,0.5471057837106099,0.15122680203768504,-0.9001941634089573,0.7070800260302741,0.728788900252564,0.39694049673532344,0.206186879801298,0.3025741367022957,0.7361112901333202,1.0789719122965566,-0.9715190589379785,0.4287325994597721,0.257641574972254,0.842164063535318,0.5293564113375084,0.505765046811824,0.3948782096103585,0.584270500503644,0.3865945223063855,1.0496088778116346,0.6177637212290484,0.5853942458658001,0.7439484069841257,0.5664116602633789,0.3981473179188694,0.5415175738379115,0.511977450021639,0.24517400206979997,-0.20407800810585508,0.8625363160963888,1.3024680781507618,0.6837170732790719,0.19520149438068185,1.2332218175972498,0.844386266248574,0.5673120564883136,0.4238954380827612,0.7011429791697334,1.2548945917116003,0.6418459990393557,0.6845906670307101,0.7504105578491557,0.6636963607727977,1.1319019935541557,-0.029529660606697133,1.0312312479357209
0.25469063260434305,0.90594934478483,0.956964291669297,1.9402277840318307,0.28363615486043103,1.5122712399424068,1.2368453435144238,1.8666999400407294,0.5410291051199259,-0.5665074467961698,0.9517412431939355,0.05553048998625539,1.2456102344249838,0.6016093353836333,0.046722231617723105,1.5047479090525828,1.4328323066715727,0.6756126665752414,0.07249907350738397,1.2287724977753458,0.680707187034701,1.0016930903141141,0.8112933258593158,0.8972659450054735,1.2704587978363753,0.8078410378910996,1.2513721611069442,1.0437483664033544,0.8463033478075511,1.6416336656348895,0.14128433054533127,1.022247719054548,1.0270656578904473,1.9736100382665067,0.5353860054074756,0.07689903958618438,1.5616933117484093,1.5977738735110991,-0.06483918450499819,0.3512145468161509,1.127826867051772,1.3112118035660987,0.9303302882462078,0.25893841945988855,0.2580538586179065,1.3149345797096215,0.32412927003590647
0.2419938523232633,1.12574102594279,1.9164010204119921,0.3411754284355365,0.5114630985325166,1.1044513648584229,1.160490357443596,0.9775086375463886,1.1328151581271835,0.47060938196934754,1.2373611126079822,0.33104303664253476,1.638598241377819,1.6658358281457901,0.8375123569159173,1.9623997333086511,2.0363349150508596,1.3451061296136135,0.3743606230060852,1.084379942172613,0.6379433186879125,1.2366614108858052,0.37227499244016476,0.8554574641772997,2.2299879234584368,0.8486592140492601,1.0128346984093548,1.1476832215916752,1.6931004443743871,0.025270779755420192,0.4822398146240123,0.7993979087867142,0.8769679159838355,0.9249696212941195,0.8349935097465557,0.8676434549353128,2.1201014007772603,2.192421486204628,0.40403474598680694,0.5930396238897684,1.355528022912316,2.2981974764972986,0.6494799773825181,0.25893841945988855,0.2580538586179065,1.926685807257697,0.6776802589858136
0.4007036058367691,-0.21543678357210744,-0.549098889107065,-0.48780697696570197,0.9168379362387122,0.3375328370620506,-0.21305100309717417,0.6156284562986917,-0.17259525291823735,-0.6733304801590182,-0.24396739194395878,0.683086846258889,0.041790561844672836,-0.562026279625076,0.9099460742751638,0.4700178449226291,0.32544137587439814,-0.5961014864039275,0.8471222497594361,-0.01098870056253345,0.6180812153756237,0.5324531207411597,-0.0454079475270681,0.33455002093270025,0.13256321512015232,-0.34008508952025585,-0.012876391190277477,-0.1303589811964848,-0.4982687720643545,-0.21281510478628446,1.0574929134029174,-0.26252806456275085,-0.20561204751760598,0.2786647112417495,-0.36842996601541683,0.8769463304100095,0.5467632898951407,0.5531028205939482,0.8260212834294319,0.4156548184739641,0.5493200295057538,0.28692725346017434,-0.4151182322351548,-0.08799695880832,0.9571323665669055,-0.29406667777557716,-0.28195813959250576
-0.4563290631361623,-0.2692633177332406,-0.5737160156998051,0.06765331497827451,-0.1720177324837412,0.32980828769697534,0.04910111574599972,0.09865676880198168,-0.44528098322550325,-0.742817307686308,-0.29460000515826706,0.11675550035431795,-0.0744264043140293,-0.4412716403317193,-0.5314184482221321,0.014685429746445378,0.7420763091290148,-0.39816428863606074,-0.43369952488274605,-0.27559645362056373,-0.3335564082147462,-0.25069720654554223,-0.36787623890899457,-0.35178974043879696,0.30504299046203237,-0.46830824846376456,-0.08114745810027693,-0.2993119045146252,-0.5220950021578694,-0.32421308746176086,-0.6892482588770986,0.33630186845907617,-0.13619184188579758,0.06893662784727272,-0.6380767199205887,-0.46798366678884745,-0.014219916222770882,0.7021317901949191,-0.43622447598365593,-0.5446057962780576,-0.2888377256101056,0.34144099702323494,-0.47392126607223994,-0.17473080337537175,1.0736454512250722,-0.3975863428483542,-0.1304362871854027
-2.805233415136048,-1.9423714212417915,-2.207283288059078,-1.4304062602645702,-2.4989949985413946,-1.7659143878522885,-1.5204180423765608,-2.1853241465584836,-1.926486662958374,-1.8079362908284946,-1.4877120960287604,-1.4016247567736122,-2.216714872985129,-1.9516194393721107,-2.9024597650825994,-2.1694402218094084,-2.027491685228462,-1.6986634262579428,-2.87366964959994,-2.2104566986971768,-2.176917538802302,-2.499918964389397,-2.027277430893002,-2.3627292716008883,-2.272146280687282,-1.771546502071388,-1.843034510163158,-1.9153461101095006,-2.133585294293618,-1.2656352547780463,-2.470084979564983,-1.6474210804491842,-1.6934559141669008,-2.2808739391643225,-2.0811861991538256,-2.8342364928882184,-2.151249905817292,-1.9847944597536202,-2.9170782230610897,-2.1389184573227173,-2.5764068904632484,-2.3303062664463368,-2.0379064346944102,-1.8515851316717116,-2.188720919203593,-0.69812522610355,-1.090074685763722
1.1053749114367346,1.0270590466473795,0.24022718279605323,0.5368489403703463,1.328497655149654,1.5332195902782655,0.644670007098452,0.6301036635485996,1.033894058090186,1.4486105514952297,1.6047721264451424,-0.43273896769903625,0.3390507209500228,0.5717256115181051,1.267462954451994,0.8489381488055068,0.4468690091266163,0.9256215781349811,1.2864469048760063,0.3546938414174101,1.6165504899116236,0.9425886002128373,0.8052986649434547,1.1266349518492158,0.3986412303233256,0.7422859690252677,0.8466810174958622,0.9045805735377122,0.4261245603475804,0.9645086729015986,1.5103517358458838,1.7770390646104117,0.9295021256511501,0.8233157033223062,1.4828947378798167,1.2643446448205484,0.9668266565421106,0.5193327092557966,1.3385329856699792,1.8361102568010141,1.114283680534407,0.6490132764948179,1.1128829903076056,1.603313010249195,1.190158535883239,-0.6733807245049968,0.22311470176450443
0.8387425255340455,0.7848396429222813,0.2780996852464233,0.4526882900758032,1.1619483032238527,0.6361562363807348,0.5479536914087374,0.7200567371730277,0.4035258751564755,0.6624759952909677,0.7323332525986002,-0.34855457844295185,0.7317028407174287,0.24300464899730112,0.7444782245278941,1.1207678416233868,0.8424177066667755,0.43271914447774534,0.886596452386189,0.727092316216085,1.2168051728357863,0.920309184132275,0.5639229844123549,0.8707617411585764,1.110341054174289,0.5758931463210251,0.562903691183213,0.7154092201607679,0.21040058517656154,0.038376424776065024,1.0767262996842788,0.682712259398399,0.5992870934566032,0.7526929813629417,0.7114054142066849,0.7606603869763139,1.0454407659254767,0.8680458154649648,0.8427336215459709,1.1065195124322658,0.9243278245536817,1.0363477702323525,0.4669272753211201,1.314200195025688,1.2484150782123222,-0.3436956367433064,-0.5850018444067119
0.8768328663772865,-0.20646569454525213,-0.15175321756527108,-0.28582141625880125,0.8390625313299649,-0.2580873060703257,-0.24444138625962517,-0.31285269444539987,-0.5410110800355002,-0.3207107583787432,-0.09077128016733395,1.0259469043200338,0.04750064399697858,-0.22141281474962288,1.1358861100746482,0.2597766716107333,-0.011938395556914342,-0.6119493992971067,1.050530493883176,0.04173137206451141,0.3629731352483165,0.541882816744935,-0.2567362136598471,0.18954109885487555,0.13020854241923976,-0.3421106437248186,-0.12391969279087933,-0.2240291363915715,-0.05168794585211005,0.13011593992057577,0.6422266186917025,-0.17005103877436897,-0.29473258177465733,-0.36014991011795977,-0.23984841206989474,1.116827619436089,0.15240101082423604,-0.21993907590763986,1.062315175132728,0.3017046142099079,0.42495912827322657,0.09239926327199031,-0.33788439674764,-0.11690824033067058,-0.03322885302751035,-0.22691096696884253,-0.787030980949516
-2.2592718630495887,-1.6552965723824156,-1.7641750093897541,-1.7771481394780835,-2.2400578929058104,-1.644110919066575,-1.607802081990952,-1.6096244753621467,-1.7986724791569046,-1.873482074406475,-2.044151532532671,-1.7628523179451763,-1.8615477631116857,-1.5936246249014019,-2.1269538186767236,-1.817640166345723,-1.5490522679831955,-1.3750425764433556,-2.1476229626979877,-1.9318798053761843,-2.10515470161352,-2.1714559116489274,-1.8871769352577503,-2.136386461890729,-1.7877901061094714,-1.615426786411011,-1.821483884222893,-1.7365475557958832,-1.6751557482510848,-1.5111476714981174,-2.473756807855061,-1.9284234420697008,-1.8793894919537169,-1.6703084065883589,-1.8846936108914458,-2.172403351974156,-1.7983211355010784,-1.5678069980129727,-2.1830351944535233,-2.2923126060200096,-2.1079761008595197,-1.748443782520618,-2.0354489944743532,-1.3456377050305748,-1.489642411254593,-1.25913984102101,-1.0395674016280212
0.08963248895029735,-0.5339104440254778,-0.265118241566711,0.040301103632549365,-0.15049201435748194,-0.4870708583659116,-0.7527959157445104,-0.5219160448690685,-0.7657737436972768,-0.3175994078924465,-0.1297194441783399,0.7880877390401138,-0.2255756377574277,-0.4431622432701501,0.5281074137740354,-0.15610095342960018,-0.3722948928012215,-0.8357607405640404,0.37863312493745205,-0.10588483129121268,-0.3102821356162502,0.00708534868603058,-0.5702808593899616,-0.2894463950951144,-0.29080693650401057,-0.594034686231488,-0.5745087343968762,-0.5122090966741816,-0.30649981741978816,-0.08350607391592728,0.06837231164235137,-0.7452728592256199,-0.9971900138976031,-0.4419010609921332,-0.8285771580961877,0.4620380842385836,-0.03514055142637365,-0.17368870603147682,0.39122195343079275,-0.5978908612455266,0.07850212662759194,-0.16972576893438848,-0.6190857704999091,-0.5794887446882815,-0.6157942763183433,0.14130485128465,-0.787030980949516
-1.7894909926496112,-1.3861639015767506,-1.0367073581555724,-1.5019428130149315,-1.2286633850318656,-0.6923258831249753,-0.5871904348442275,-1.6073497999371613,-1.0881230878647592,-0.974094360501018,-0.7489952519533408,-1.4092778830696195,-1.2527186508016777,-0.9395369953957209,-1.6750737470777548,-1.4684735452202886,-1.0160794825108854,-0.9890650407960159,-1.6792267183527714,-1.2557868485144608,-1.2696828168403054,-1.7094289558102043,-1.424966345699144,-1.5756854006020053,-1.044773135336364,-1.2356031597243895,-0.7095702908622009,-1.2836614085564866,-1.0317831405096958,-0.9205199359010791,-1.6316841866638139,-0.9936167881520533,-0.7900551300664782,-1.3574283474835365,-0.8290765039367525,-1.6753640051832743,-1.4089984899553607,-1.027485216602556,-1.6692236436927996,-1.3804108179411358,-1.6604889542062866,-1.1269871059017296,-0.9224041062326939,-1.4901941126423282,-1.3731293265964264,0.2944804687119782,-0.888045549220918
0.42609716639893036,0.4080539037943499,0.1413168305631719,0.40177109664760596,0.34758482111873334,-0.31888045914394036,0.07777665495926604,1.010181248196181,0.11784405897924607,-0.1468899778776423,0.2189964509335367,1.7989126602168122,0.6385277354792094,0.2606299473588063,0.26880799621827556,1.0849314980303104,1.3183849445524163,0.01659823165399129,0.7339009485782301,0.6736334909789801,0.27749903964395434,0.6317435974089742,0.3507016241249661,0.5302742851090851,0.9463381005556963,0.2699887736531116,0.634793947182417,0.4249061843867931,0.12320946207758846,0.8443735935456913,0.44272394826412415,-0.06972304218852386,0.8107372873675426,0.9763316009009293,0.3081836479503397,0.26415263306969994,1.274455486221452,1.5798610318447754,0.8244428959406467,0.3248845457819932,0.8450100080954197,1.0382987884230306,0.7619956331722834,0.5335955939222198,0.724106197250572,0.05522168546299808,-0.5344945602710109
1.0291942297502525,0.008840442099279798,-0.2962999352508485,0.49266459896571163,0.7824986004872401,0.0029042025681546646,-0.38357713865535487,0.1420823905517055,-0.5009784940967742,0.2694087171888374,0.2545691073969226,-0.033245775047433805,-0.1963534526250372,-0.3891275915459514,1.3997043283463986,0.5286513278150391,0.2607284455783058,-0.3852272168865277,0.9869073672965265,-0.14161359388686529,0.4714175372789534,0.8513879582658732,-0.050093334973668864,0.4457780651852812,0.012474907373588124,-0.1922472082013434,-0.45293688271858823,-0.024676322446475295,-0.37044426737346703,1.0846437522575043,0.8599135816034758,0.0520251326325228,-0.1408823963203796,0.02934510190035558,0.28446472052349614,1.352721961830158,0.4992404848147789,0.15813934450861675,1.1328783805136722,0.5629932835393553,0.7342841573885563,-0.04589349671429959,-0.13514557859291462,0.5480512346833953,0.2580538586179065,-1.088406528548858,-0.5850018444067119
1.27678144523132,0.9373481563788244,0.46146571794362923,1.056540955939142,0.8492754632876799,-0.02248235758462328,-0.04422164500723372,0.5639312875490207,0.7876066272062832,1.2588181718311402,0.23769156965881952,0.07083674257827212,0.4327632456849296,0.8150645058516878,0.6049270259458603,0.2536350784209834,-0.4358444445751365,0.9246512977537661,0.8573391022040074,0.537031417445977,0.5464554609703921,0.7128910574820623,1.4984972087345907,1.0647184339386333,-0.05404459642720562,1.1067230923948097,0.3959274672949007,0.8492956846517496,0.7529302839275575,0.7242385141897855,0.7794830571541456,-0.03943570805743366,0.06081144436663061,0.6360584860058085,0.18584391701188144,0.6483613901746308,0.3086713862004671,-0.31831287850138446,0.8543394119046789,0.7445090739569931,0.8914121398159652,-0.07745408509291335,0.49150167752169305,1.097365583608058,1.3066716205414057,-0.5345779151406043,1.8393477941069372
0.15946478049623955,-0.726788858102871,-0.6572880044402871,-0.42468648924479463,0.21874475642141555,-0.7552568083318,-1.3622783823365365,-0.5864341114686589,-0.773896297366004,-0.36343997172388165,-1.1615861360432675,-0.4480452202910508,-0.37759817788294386,-0.7212028496026823,0.32582462878179264,-0.5021774144723784,-0.6467068017197072,-0.9208866726759728,0.1950084223654725,-0.47982797063819566,-0.6707949560519835,-0.2493531230106758,-0.48410596183958926,-0.46108628907970445,-0.6409467671297789,-0.6881087686322493,-1.2805796239817397,-0.6933964654321263,-0.5748990796624179,-0.8488757431215561,0.030604934944404895,-0.7803592633935534,-1.1799340146689037,-0.6967848847909324,-1.1736251339266954,0.24395210346750354,-0.5971972099191738,-0.5936126991928332,0.2051579223999861,-0.7602060809243061,-0.3257589512978467,-0.7427512881140945,-0.8983562983649904,-0.44938797783770357,-0.2662550223438438,-0.7431116529832864,-0.6355091285424129
-0.08177404484428821,0.38562618122721115,0.6404132920216249,0.1623340465596347,-0.5121869276906847,0.32884220295543193,1.397190814263161,1.171889992045151,0.6013680752304702,0.803523884003078,0.5622596030838722,-0.5796789925823833,0.23694101657937172,0.29514869778306896,-0.46695908506757355,0.24257894784327347,0.8460532645485782,0.6943714206120658,-0.5196139658939146,0.32816590678342006,0.1469783493406333,0.12325357378328966,0.42903076216897484,0.20534339321420292,0.2850282725042714,0.4967160374139571,1.2143577272400767,0.43486879930743905,0.40358623458344445,0.3725703728024959,-0.9296655873941178,0.3581143025059336,1.163091736493315,1.049094405343912,0.7064119558010337,-0.46864815789418224,0.15144108062896272,0.6881832659465525,-0.413477126880589,-0.06405001291871205,0.027687820626176855,0.2427424297301151,1.1909944830165693,0.17220457489283628,0.08328423163065637,0.558360184769559,1.081738532071422
1.0926781311556548,-0.1167548042766971,-0.5926522669249897,-0.3228521023884001,0.6440740919526828,-0.41197387112327527,-0.6815312620784053,-0.4683577780444093,-0.3497829593774693,0.03066442320701462,-0.589048125081475,-0.9862130614263139,-0.37618745170413875,-0.5402538522373337,1.1502399476430865,-0.0208297325166934,-0.13147553871059423,-0.5554790811103915,0.6881108735311968,-0.4242200468990967,0.03023447878415597,0.33716693133759534,0.13128138919820773,0.228293095599203,-0.3813441018541165,-0.23622442165019683,-0.3571928804496248,-0.19696950254317866,-0.5159774565933182,-0.42862139279289446,0.8508214353613777,-0.10097136123985356,-0.4134974200582642,-0.5499752264147981,0.012071564495215363,1.161348523493562,0.020121377832666196,-0.10174368622411127,0.884143081545841,0.3015251407042103,0.30329470587248625,-0.274965985455075,0.04916243791138167,0.8227084091457266,0.19979731628882308,-1.7078356619874504,-0.5344945602710109
-0.005593363157806142,0.03575370917984669,-0.12871411190796328,0.17285412784645185,-0.1563055294718741,-0.2499251285744657,0.46481159546494866,0.4501975162997451,0.3321634393526589,-1.022838851452998,-0.37249633318027897,-0.9546821810867616,0.4495576049564183,-0.22476711028554985,0.09323929781173564,0.4023340362194164,0.6475518042021388,-0.37229014513699377,-0.006449331746121984,0.31876360083719557,-0.2302973114749388,0.22648763376492215,-0.3201989220094933,-0.0747265928444679,0.7229973948740953,-0.2838555919922622,0.47818176477682794,-0.13843544907968572,-0.13572370334410364,-0.3897413125649835,-0.016079739029444658,-0.11316140058927607,0.3610069281798556,0.41134982522601027,-0.3634365076097656,0.1433481501197247,0.38667614859031135,0.6360598332289711,-0.0044890746397170935,-0.24244048884058148,0.19500190044420332,0.7545977903432719,0.2808639443739255,0.4613173901163431,0.8406192819087388,-0.7484964793680153,-0.029421718914000673
1.0038006691880912,2.9603287319347404,3.0462640101813494,2.5714326612408946,0.9985413919004253,1.9775607714464047,2.8233322763193907,2.5387631337864525,2.029196973711706,1.725520744775623,1.821583572773076,1.4483994758596601,2.9586348801168323,3.376526551468342,0.11317518332345368,1.9191055003020874,1.6146102007617193,2.512676855009037,0.9595076266497211,2.9211875680957435,1.7390756778613248,1.795054230213859,2.583547303354145,2.109977290133094,2.165234424183329,3.3155579898268264,2.7154986562852486,2.9433124324736317,3.1870694664542816,2.4279723668735484,1.216605472639635,1.1409281021545872,2.1340365044517147,2.40162653498993,1.5590449785659994,0.103478683799599,1.8240881438216843,1.5023366023380627,1.0957398513658072,1.5054148506991898,1.7220383971927413,2.1604785453906192,1.9659658095560621,1.8635145439503513,0.43282348560515654,1.4055313463013321,-0.029421718914000673
0.38800682555568755,0.19723331166324548,0.7549776119339926,0.8040590050555159,0.4171898804613094,0.14228876222304826,0.4817793701473537,0.14001450380171906,0.28574884695993297,0.6884039160101055,-0.04792829975522629,0.43818680478664096,0.5167350420423731,0.9644831251793252,0.5318287790695571,0.25658169612682635,0.18220039533136254,0.48479085826961826,0.43937695674426724,0.5538212494928064,-0.05238769891025,0.4190223223196231,0.5705187583046695,0.41434520659698953,0.228516127682359,0.404538279862257,0.4206037565394786,0.3767515263184258,1.0491482796847775,0.41844013037475125,-0.03356463564886448,0.465311375810599,0.3234824927032026,0.13313910235578563,-0.22611640145435363,0.5353979022676112,0.2516598798203024,0.2763347341921454,0.5154503334304045,-0.09282766124609063,0.5187549826274102,0.3184878418387889,0.14921536115657108,-0.4204766963153527,-0.6740508186474267,1.6971590553355609,2.4454352037353493
1.156162032561057,-0.040500547548425206,-0.5582514105325707,-0.1701005221038053,1.2255827254219183,0.833939380091742,-0.3750932513141517,-0.06987600132194531,-0.20769628841523669,0.011166626826222647,0.6894902721864934,0.026448610061426434,-0.3572434144458988,-0.6269776386389267,1.694755433919842,0.36271886589129004,-0.11736957412919968,-0.4094842264169035,1.2915553310982928,-0.3712984962874908,1.1006126134740242,0.8120154589068259,-0.15411881759739832,0.563683289142945,-0.041093896572184006,-0.2757734301661355,-0.35587681168991414,0.00936433947644173,-0.6273811810846209,-0.6321957454469036,1.6633445812658063,1.4842313921551034,0.01390590002081425,-0.16968256907603624,0.8062811239140609,1.7035732654472509,0.4018534796994963,0.054626611928631254,1.111059494639301,1.5051673010361581,0.7563045005539477,-0.0768802562133019,-0.231687872952308,0.7359745645786744,0.14154077395973974,-1.5272976468415083,-0.686016412678114
0.22929707204218175,-0.3679452970286509,-0.9019443702696747,-0.7108327002462369,0.42504598196724297,-0.10559041676098078,-0.31570603992573026,-0.438993786194597,-0.1058742763536933,0.15947433333969233,-0.38547905451728126,0.4228805521946264,-0.7495596470278753,-0.920021094095784,0.86409353759821,-0.3139887280710111,-0.5885378756108594,-0.6795455991884207,0.5322574335130984,-0.688626321972565,0.31758681365099284,-0.05562916682564756,-0.42629947956563663,-0.15587688535561456,-0.27185182126166046,-0.544974723044261,-0.22097976381955342,-0.48009851246103064,-0.9567627133233559,-1.1105517887004215,0.9368471267289215,-0.06339760358820243,-0.548960632128982,-0.6051893544921204,-0.4258547376804073,0.8277739886151889,-0.43971940930167075,-0.7954992343665622,0.6547198177349012,0.25420602261579317,-0.17664205077048462,-0.3586302361023832,-0.35104925506937595,0.3601279047881158,0.5493365702633219,-1.5465359732366415,-0.6355091285424129
0.9784071086259298,0.6727010300865874,-0.10030973507018594,1.182781931380955,0.8414193617817451,1.6474405324130446,1.4065230903384844,0.7190227937980337,1.0341841492926405,0.7506309257360375,1.2503438339449844,0.5147180677467181,0.03977523873209412,0.11981052204145275,0.611572321116433,0.5127901056498728,0.28399601602184515,0.48479085826961826,0.6483580294741373,0.11728561627524346,1.1478316722862094,0.6595499412816009,0.8544417093745812,0.8082785138177981,0.2226294459300759,0.6474669063389361,1.1279907148840533,0.6961979647089505,-0.016592552876526213,1.0300368980048196,0.657088780818208,0.7133776311134303,1.1396389643204068,0.4969531245706961,1.0721827840149942,0.6151368349078606,0.4664755630843633,0.3717720053651807,0.5525888625782696,0.761528113290389,0.6096057849508845,0.20372206591655648,0.8688942827447754,1.140732505891584,1.0153889088959889,-1.100225941634756,0.7786948272572157
-0.2658773589199553,0.049210342720129814,0.5533065363857752,-0.03544348163253969,-0.29143047537393896,-0.06861909684422557,-0.11124435500273758,-0.02541643619722902,0.2671830100028421,-0.4057543383375149,-0.12192981137613834,-0.5551889884351592,0.7172596917439483,0.643690497561621,-0.22307675230754317,0.12445535819682696,0.28254179286912323,0.22022774099165252,0.11383088566951319,0.7690668963331584,-0.10143949493729779,0.07483138109524479,0.056525991315577916,0.01584075554253938,0.609384437055042,0.17577474501043214,-0.07127694240244588,0.11577999877023067,0.47538690094633557,-0.17568244389445847,-0.22589849846248006,-0.5641635836961494,-0.08834818665306507,0.0036641120969507215,-0.15371125457240944,-0.19886476912800835,0.0991728814963135,0.21980650434350046,0.08325070047211648,-0.19132148342463567,0.03357116998110224,0.6432749876987066,0.06232729623311698,-0.47829925936005413,-0.3827681070020105,1.383409545585815,-0.28195813959250576
-0.583296865946967,0.14789232201554048,0.5542533489470345,0.23597461556735916,-0.3291397626024214,0.2286253610057599,0.6972701086139111,0.6507825310484683,0.42180162091111123,0.7164060703867742,0.3882911371680445,0.38155367019618536,0.7830935800881843,0.5503800944713,-0.7281191852710952,0.32345939441479815,1.0903627542057355,0.6445636943763602,-0.9101763707068494,0.7714174728197143,-0.09078577860700077,0.015220220760929153,0.14282275834610805,0.007970832022941654,0.9266765835030731,0.27474487770725936,0.6583186762622484,0.29634583152989613,0.6386287746951514,0.19782843919390533,-0.37189738523463367,0.5969094369725141,0.5448766620154551,0.6563892696001709,0.24826214708252314,-0.6992265714455671,0.19256782908212128,0.902550059658294,-0.9074195645472032,-0.07577767820481573,-0.14011259805930631,0.6868859825491543,0.5037888786219795,-0.31928721098712515,-0.2662550223438438,1.3589149493235446,-0.837538265085217
0.6990779424421593,0.7040998416805813,0.4052881726422477,0.06765331497827451,0.5703838598270217,1.0550324146179366,0.808409032783671,-0.024382492822235067,0.6353087459176507,1.583435739234748,1.1529734239174687,-0.007225145641007323,0.11367041952664406,0.7110813442379633,0.6693863891004189,0.21319906458908625,0.19601551528221353,1.0527283080741507,1.0681777844692537,0.14448514419110706,0.9435187235854542,0.47646605999038505,0.9435670011641746,0.7070092559432205,0.32505770841979337,0.7432771243391652,0.8376330447728503,0.7129066526476632,0.30667143379765754,-0.040257445347800874,0.4595094490187676,1.7859338205953936,1.2606552687326138,-0.2745466107732754,1.29938514147213,0.7241133761828659,0.04508916221173354,0.08178952757018786,1.048388226702278,0.9532707991620049,0.20981497178214992,0.18650719952822095,1.3753024995208651,0.9817204575186557,1.3066716205414057,-0.6133115267851041,1.8898550782426382
0.5657617494908148,0.2645164793646617,0.7587648621790297,1.5825450202800289,1.0849585084657,0.5793182507532677,0.16448198358636087,1.200840406544967,-0.1186382892616929,0.32230167545587785,0.6972799049886941,0.8897212562510964,0.5546902939959375,-0.12291850037650662,0.8993136020022472,1.1896660777667933,0.8664123886866748,-0.1669141311131454,1.3458904100080584,0.49001988771485466,0.9267558832056154,0.9456638070439198,-0.0451115082510093,0.608325317122095,0.9755360420470185,0.014643224146321169,0.16890560624478232,0.31716084819595725,-0.11737106665044998,1.2965183467579209,1.2830480797934298,0.5159073573161443,0.42386035760324964,1.1165070035778506,0.09096820730450625,0.866978963829978,1.1226337612588833,0.8144541170370303,1.3872773051765537,0.9524043753413949,0.9624784068230493,0.9055147856810073,0.21240668110090108,0.47577303087751865,0.4910800279342399,0.3117693809026592,-0.736523696813815
-0.5579033053848056,-0.3141187628675181,-0.0782174419741374,0.0508211849193665,-0.12880917420110438,-0.012016439551236836,0.2671370204149176,-0.19188131957116958,0.06963090113130169,-0.00024165829019798563,0.3895894093017444,-0.06998078126827004,-0.17888731898268956,0.257641574972254,-0.4603137898970009,-0.21808474065355324,0.09567411774445284,0.13743048179463727,0.1500542716093574,-0.126166948403782,0.1181015629796308,-0.3064027838335178,-0.24351584539004575,-0.22394134193316367,-0.03167520576853124,-0.2222410157196193,0.37207372102514247,-0.21434150324823048,-0.05844944358135121,-0.21936792729660687,-0.09126479449294879,0.21662620941901545,0.23623818021998422,-0.3376790440399807,0.23952359487263328,-0.4626677379461634,-0.3993000876663336,-0.20966121593515907,0.056789498454261116,0.23607300979875698,-0.4318145979358291,-0.13311548641519602,0.3098266326817433,-0.5650331039271062,-0.6740508186474267,1.226999437792764,-0.837538265085217
-0.9134131532550601,-0.3993441086226453,0.09347123580087109,0.8314112164012425,-1.404640058764788,-0.08536456569764343,0.40203082914004545,0.4150434415499684,-0.35593289286950514,0.5815808826472572,0.14551424816610445,2.714226565219335,-0.025050988055852538,0.16402623592412083,-0.5593286879385382,0.33586044550253125,0.6519144736603014,-0.18340889759380066,-0.5567661566014476,-0.06202978998489404,-0.5027046428742398,-0.13801937638699413,-0.3597282760295372,-0.33123832738345393,0.6906206452365413,-0.4466773726613565,-0.09019543082328887,-0.28491327889570095,0.11638356913187803,0.3944131145035701,-1.4716973825961248,-0.3217511648257092,0.3788310350312656,0.2786647112417495,0.36061496120967895,-0.5882565568545556,0.19544135925362452,0.6727664759878309,-0.5481042950416027,-0.4126772977363596,-0.3023741574209787,0.5417072760075311,0.04301883736123844,-0.8252346376282624,-1.198359699609177,1.6621984633318867,-0.98906011749232
0.05154214810705631,-0.7178177690760157,-0.3770946071449703,-0.8707379358058676,-0.10288403923152228,-0.5749878727001738,-0.980842807476048,-0.9290829459414776,-0.6466042777289525,-0.8143783688711285,-0.7243280814130362,-2.0322423635646483,-0.19971232447933474,-0.29703693228687617,0.24674561625197342,-0.5803250835944266,-0.6038072187144323,-0.8865387471809612,0.20299614336759184,-0.18828932697705136,-0.6010019388616143,-0.2764036837856855,-0.6271288546713227,-0.45681052107028697,-0.3265979615578889,-0.6036324414155647,-0.9045129758943682,-0.5879790510172421,-0.19561125466023777,-1.064682031128166,0.14128433054533127,0.07790230707308114,-0.5423938559205678,-0.8159874791284055,-0.48952133235246165,0.2556471469214077,-0.6216846118396496,-0.7551219273318166,0.23783982805010703,-0.13857793334504726,-0.34925182047859327,-0.3942076266382747,-0.7758353502507058,-0.854145919150613,-0.20799848001476043,0.04873644859833911,2.0413769306497414
-1.2625746109847729,-0.9151817276668367,-0.36415483547442745,-0.4688708306494293,-1.0118349834680875,-0.6032850727793966,-0.6457292574985282,-0.9084040784416096,-0.6135338806491347,-0.8589743925080457,-0.37119806104657904,-0.5949852451744001,-0.7697128781536615,-0.2485521149948474,-1.2225291459617305,-0.948424986316062,-0.5318231726547336,-0.47869756027690874,-1.0745748145876801,-0.6943348648684875,-0.9200919181809463,-1.1076313865185026,-0.9357386098974876,-1.0426569325198425,-0.5667745770510181,-0.8041231377607874,-0.6643304272471412,-0.8586047813197292,-0.3685124108793981,-0.34824010333294203,-1.4751943619200092,-0.8964142925644102,-0.4467065454551021,-0.7368044272345727,-0.3634365076097656,-1.210220231448492,-0.93813186112592,-0.5429575321856067,-1.072686019255206,-0.9552287998310852,-1.0786385369465037,-0.6053766543351827,-0.6696388264553732,-1.0565248898070678,-1.198359699609177,0.5053798487374724,-0.837538265085217
0.27373580302596445,-0.6953900465088769,-0.42348842264667297,-1.2136925857561247,-0.04003522718405045,-0.5824936079998565,-1.1004656189870106,-1.0624616413156287,-0.6039608709681354,-0.9917253465900321,-0.6035887729789167,-0.34396270266534706,-0.3696712403068006,-0.3189923212493046,0.8215636485065433,-0.5832738060272024,-0.8924705145295854,-0.44441432014064414,0.6107414363827606,-0.32697333968386155,-0.5410282210581909,-0.15263540519284594,-0.47090123897602454,-0.3436372427956031,-0.7586804021754306,-0.5586005233965202,-0.8568054833548506,-0.5664884712543589,-0.34983779810339904,-0.9904167093445156,-0.22939547778636452,-0.21489281988718537,-0.8932473276272737,-1.0802876658551201,-0.29852154833629785,0.8257805152991827,-0.5688613226375595,-0.9540719310848365,0.7461734457615206,-0.3831879441277662,-0.155081027646579,-0.7149779703409146,-0.7337078036211527,-0.8252346376282624,0.3163104009469898,-0.16588045183352804,0.6271729748501126
1.1498136424205154,2.3458091335951385,1.96058560660409,0.06765331497827451,1.2970732491259174,1.514500666269045,2.1615890637055544,0.6880044925482314,2.258369023650791,2.6174412175139685,1.9643935074801004,0.024917984802226283,1.9375378364103184,2.3397442949092198,0.5849911404341422,0.7078982923153326,0.9820231293280084,2.6582189121912916,0.9362875074575133,1.7458993248176897,1.8786915128471822,1.215409409444461,2.217115420447792,1.7176207777456107,0.8701644386811599,2.678887196098101,2.9129089702418742,2.2407425173301845,2.227580741066763,0.28738368016830756,1.688697681363964,1.6760771023417635,2.293515355227489,0.1652403396100421,1.6464305006648983,0.48888352489413367,0.6973179069999482,1.076539546335289,0.9286164702004102,1.7631759373304419,1.006174603122718,0.8005041007121647,2.308252125921183,1.7189581363385977,1.7144674168449892,0.4580951516998635,1.536304089292731
0.781607014269183,-0.1660957939244021,-0.6463049787296805,-0.29002944877352754,0.96711698587669,-0.07660787451467997,-0.6041582095266338,-0.33559944869525504,-0.5410110800355002,0.3254130259421745,-0.6581162025943257,-0.2659008144460676,-0.15168045696287777,-0.7919479918149517,0.4653758273638265,-0.3425498725483606,-0.4213022130479246,-0.7086540106248719,0.48117317129024156,-0.12448796519909966,0.16679575174524303,0.041623369571501076,-0.007208453037123109,0.03961445031667816,-0.21298500373883467,-0.3317400192817481,-0.3114594910496729,-0.3254279936777382,-0.6798632825068239,-1.394507430814383,1.2340903692590548,-0.20302896340886223,-0.7553450272505736,-0.4981852303112645,-0.6630440119488458,0.48223861384078004,-0.36724467955851114,-0.31097154994961185,0.5386619141478206,0.1830354944943189,-0.04755960969973393,-0.15205183944236428,-0.5529104160026524,0.33121662326576523,0.8406192819087388,-1.4451474428729991,-0.686016412678114
0.09598087909083722,-0.13021143781698022,-0.04665702326549612,0.6567778670400685,0.024384805164609002,-0.4548672079343458,-0.3496415892905429,0.06763846755217937,-0.12618066052551144,-0.8465289905628598,-0.7489952519533408,-0.49549460332629897,0.1405413943610264,-0.10889144631717708,0.29924344809950004,0.2540981183461867,0.23309820567660386,-0.41433562832297793,0.21181978866063067,0.20123477650939017,-0.23253235685891732,0.17110576245916573,-0.390562077951848,-0.12972707005046435,0.387456534993988,-0.32168432088688137,0.001106839381650291,-0.22520862333942773,0.04458290276898689,0.15632722996186388,-0.13847401536538217,-0.3313275593746555,-0.40824399909153297,0.03683539059301476,-0.5631748438358193,0.28953619329351266,0.19095472899310645,0.1588734773637933,0.19977283567354492,-0.2784899085195017,0.1423151898030807,0.3529175746154583,-0.22817724406651133,-0.34819849250947627,-0.44102464933109387,0.5770520068008929,-0.736523696813815
0.3054777537286656,-0.3724308415420787,-0.06874931636154466,-0.5635515622307895,0.5821680120859232,-0.4433485052467133,-0.3326738146081366,-0.42865435244466193,-0.4887946635936839,-0.7220749711109974,-1.0346151213673866,-0.03630702556583628,0.18420672846689645,-0.2064709528168588,0.01349575576485782,-0.3058223875719607,-0.28315101353941363,-0.7895107090594579,-0.034313474776772386,0.03669442245046242,-0.30047773653186455,-0.18173375815972082,-0.225750074887339,-0.1892237543059438,0.004822221095620199,-0.39919686544762567,0.05045941787080674,-0.398640545695053,-0.06488896522824694,-0.564483246173574,0.7357708156055965,-0.7054760398524755,-0.5301984143906553,-0.17717285776869696,-1.0500370383868247,0.01709484010599771,-0.1699164202866097,-0.16414497891417257,0.0001532415037658642,-0.23733477704056238,-0.03398264964990655,0.14060088915932814,-0.16674123856507964,-0.7240451523000349,0.08328423163065637,0.9508156175112582,-0.6355091285424129
-0.6340839870712895,-0.995921528908536,-0.7340429427397033,-0.7289272400595646,-0.6218581047135224,-1.2676772380943901,-1.3916326325370987,-1.045504969965737,-1.4832853238483306,-0.8882210870792336,-1.7091973220380159,1.6146253790089475,-1.0120218937227006,-0.7588319467966217,-0.26148655839345375,-0.8685341823483146,-0.854660712558835,-1.064811595889536,-0.09607899182804436,-0.9656585507452492,-1.176088056340821,-0.8238862040956396,-1.016135411892008,-1.0001799531296585,-0.9454059473578339,-1.0030926629533754,-1.1078455992696925,-1.026872448971873,-0.683791390711431,-0.7230615509233703,-0.5215681002968655,-1.087090762613129,-1.341289087218512,-1.0860658885608858,-1.7221565397874947,-0.2772747195575864,-0.8260412295847723,-0.7480742519221153,-0.09501423943763938,-1.1523154640533868,-0.8333954083250631,-0.8415646211831371,-1.0003400674973675,-0.9697910452400158,-1.2566162419382603,0.3190777491794169,-0.9385528333566191
-2.3735428855793126,-1.5655856821138605,-1.4904830583484172,-1.0550497599509137,-1.6558781849245572,-1.6300391103782146,-1.358715149653231,-1.3149506134890219,-1.564046714611674,-1.3240175785265038,-1.6364940825508048,-1.5467280313459175,-1.5951892250658755,-1.3454677424343977,-2.5223488813258195,-1.7278272586716295,-1.3348451975873667,-1.2782085943980954,-2.2471908337941735,-1.6359086460546768,-1.7236831155970918,-2.1819890228268757,-1.7883045553828478,-2.0348530518519943,-1.5021683074887204,-1.49554393464538,-1.362011378488848,-1.6289675766300749,-1.37423690169163,-0.9947852576847295,-2.0238704178373954,-1.8746567957838012,-1.5330389525042087,-1.409432351835432,-1.9193981468107224,-2.5635228165745754,-1.7193268102881933,-1.2138081352465282,-2.331867850013595,-2.193085417964735,-2.0372867464747153,-1.4701367759092039,-1.4665515835310918,-1.5480166756870295,-2.0722078345454262,0.5267703419071327,-1.090074685763722
0.673684381879998,0.33628519157950615,0.07769102644655046,0.05713323369145738,0.5444587248574396,0.23914082184640495,0.30276934724797044,0.03351833617739668,1.1702369232438188,0.5784695321609605,0.6440507475069859,0.035632361616636035,0.05220306459299592,0.3439384510329098,0.31917933361122,-0.2146203601222548,-0.6408899091088216,0.5177803912309297,0.5629079908468125,0.11090548009744838,0.36702601754459724,0.1819428757769374,0.8288902906631563,0.4663825584627368,-0.14352215906190063,0.5931830564062595,0.026605671601047917,0.42981991310093104,0.2802693950453838,-0.0686530095591975,0.7191601638171482,0.8597082852866714,0.3919645874480942,-0.134371208096354,0.7600916336617856,0.3201027841389418,-0.2895738059322404,-0.4967071623094427,0.6375432480040131,0.628949796883234,0.04247387313815367,-0.13311548641519602,0.2457576555159638,0.6203294384892721,0.3163104009469898,-0.7613930309374084,0.7786948272572157
-2.5639945897955196,-1.8392038974329534,-1.749341612596693,-1.8175452516194635,-2.031556958938321,-1.1987565874899968,-1.6179827468003953,-2.0684885451842265,-1.7222624564303792,-1.3713101059182118,-1.6811546439500922,-1.8133629514988268,-2.119643476395924,-1.590575265323287,-2.3954237435678745,-2.126152302983642,-2.1067468470517654,-1.5657350140314834,-2.79100602527568,-2.0845329583459575,-2.056135686252103,-2.4277677157873736,-2.0941203704321554,-2.334523378280402,-2.259784249007489,-1.7056025543738942,-1.7023796614690625,-1.84137969160088,-1.6657540466466165,-2.3053497597491632,-2.220050957907283,-1.7035956254168667,-1.7703810068940398,-2.3782476921689013,-1.5793436293858667,-2.55780819306869,-2.20400015685235,-2.256423616169183,-2.6612866035551646,-1.9449632963377608,-2.553400360149958,-2.286695271595888,-1.8571090470759102,-1.8371294909105365,-2.1304643768745093,-0.03910009199755783,-1.140581969899423
0.7371682832854003,0.5201925166300437,0.14933317691516648,0.25280674562626715,0.5428875045562531,0.5721262865662227,0.6251570662136859,0.5184377790493104,0.57322922859238,1.1509580216395272,0.7634917838074055,0.005019856432604755,0.09452484995714716,0.4067552583420802,0.5364804856889578,0.38703898559915817,0.2738164539527969,0.5814954695973834,0.6915474511716442,0.1599317896741894,0.614207136710061,0.7040384025770252,0.6723785873283006,0.6832152657900393,0.35861179440780366,0.554752364388657,0.6887527663305618,0.5476099818123588,0.2931484383391762,0.7067643208289267,0.6002628668050951,0.5187384573640207,0.908863686138991,0.6949107543052788,1.0160063769514172,0.5234370623715753,0.46721011836422416,0.20438971438477982,0.7610288574206666,0.8628997003016715,0.5220782982216964,0.4585020884639124,0.8478305094299979,0.3890391863104664,-0.14974193768567706,0.19585045002068754,0.32412927003590647
0.6800327720205397,0.5067358830897606,0.42611804898995087,-0.22480494479525862,1.0967426607246005,1.131753580225202,0.26034991054195533,0.4057379511750273,0.6747611494514683,1.3843093081117686,0.7453159739356024,1.1422744240193516,0.27959868912895247,0.5269000257198136,0.7258713980502894,0.12721044575179016,-0.29914746821934646,0.9210936030226448,0.5847349028874878,0.37920699620578063,1.0732258573690072,0.5790527080075786,0.4983028568869456,0.6594884065059987,-0.18472893132787888,0.5509394090110084,0.5703065779565868,0.5612866007738356,0.3301756878088289,-0.29144897491015037,0.8240695435336659,1.3991436629466285,0.5120427809733842,0.3974392890824995,0.9123921150341512,0.7360742160789037,0.15522654448597645,-0.15680365036240101,0.5108080172869203,1.1016613502952783,0.5126554826647259,-0.19853197869086855,0.5520600258016759,0.7504302053398499,1.364928162870489,-0.32069811391788083,1.7888405099712361
1.6449880733826543,2.0632198292491903,1.045333464053493,2.487272010946353,1.548468497315807,3.071465955717029,1.9240402181518688,1.8666999400407294,1.5215373694162646,0.6884039160101055,2.3408924262531605,0.07083674257827212,1.154920694358944,1.4767755343026563,1.5751401208495264,2.3630345049566586,1.6509657795797488,1.3612774693005307,1.8140080129229679,1.1213175726756375,2.234063728899765,1.985055567603367,1.5186303762336024,1.921948409216539,1.4352858869002882,1.661625922921398,1.8024759542358568,2.0204048423934564,1.2197956033275246,2.6027143004821407,1.4264242320726703,2.7252986710450724,1.646218843255224,1.8024034395771362,2.258129155357188,1.6118734929109657,2.4708515469111574,1.700552473235906,1.7828026406013233,1.9658572239372492,2.047817891323682,1.460407312265002,1.562243487689508,2.6296635042926444,1.1319019935541557,-0.15114262593848213,0.47565112244300956
1.1942523734042982,1.1840531046173508,0.637572854337847,1.1259734924321387,0.8602740053959875,1.1204082773629749,1.060380486817401,1.2101458969199081,0.6292168306661052,0.6562532943183743,1.4996120836154243,0.3861455459737902,0.8586681968098835,0.5479406068088075,0.6547667397251582,1.1189851379113516,0.713718957650952,0.7454728540227237,0.5847349028874878,0.7969380175308947,1.333444741274345,1.1087623624763865,0.9688590355090481,1.198489960758759,1.0962130179688112,0.8947505996991253,1.0432687884776684,1.0695682937305975,0.5384942130859176,1.3860735877323247,1.146665886161957,2.122123814906933,1.598375188022491,1.064074982729232,1.8549073891008419,0.676270016598717,1.254743110981031,0.8834626054236866,0.5368049876904264,1.7065489519120518,1.182229273141978,1.2228421561059801,1.4595575927799727,1.5599460879656692,1.2484150782123222,-0.4779138184549201,0.1726074176288034
0.05154214810705631,0.6457877630060206,1.4145903629445955,0.44637624130371384,0.032240906670542566,0.3695251048493134,0.8296187511366786,1.3083705175442835,0.6860747063471949,0.2113301747779682,0.47138055372485804,-1.0159071914548243,1.1582795662132417,1.3974921852716649,-0.1592819186700413,1.0409923766915532,1.6291524322889313,0.8502631351939475,0.02605883512296839,1.275784027506468,0.17737496656274118,0.6631388554322906,0.40286587884459374,0.4573870219977647,1.4176258416434397,0.6616526796744182,0.7084937977262239,0.7200210432943404,1.4902555124971608,0.4839683554779723,0.0888296406870718,0.38736203328118635,0.6142968676472642,0.9998725082207174,0.2732294391107802,-0.08257882569431278,0.8784316931908153,1.5096779308898354,-0.0044890746397170935,0.18071471640340128,0.5221323358736359,1.2653054931972065,0.6143736885245564,-0.261464647942424,-0.44102464933109387,1.560427698715652,1.8393477941069372
0.9085748170799877,-0.09432708170955835,-0.535843513249436,0.13077380269918182,0.2207873428129592,-0.24447541977601608,-0.06967330703084257,-0.04609530369709771,0.015964028677212326,0.1698455016273469,0.004002585592781957,-0.12814454111792795,-0.36328938378363496,-0.6120357767061627,0.5318287790695571,-0.15120914709251423,-0.2395243189577778,-0.49519232675756397,0.48117317129024156,-0.2722384872111981,-0.09217150674506719,0.21846535507514256,0.2643628615303273,0.180105308782975,-0.5661859088757896,-0.16820095928495518,-0.1880780448267821,-0.17477136523059772,-0.5188752413344215,-0.3460558291628351,0.5958916426502405,-0.10207954663525547,-0.14557295075496096,-0.09156955842401104,-0.10127994131307018,0.5088182580541966,-0.18091388143680956,-0.23021693588012065,0.45045790742163916,0.11325743322739538,0.12819785323385707,-0.43322799045183413,0.00879020572472624,0.47577303087751865,0.3163104009469898,-1.6193866000502088,-0.3324654237282068
-1.2054390997199105,-0.7178177690760157,0.23107466137054752,-1.468278552897114,-1.2247353342788987,-1.221500864588981,-0.6211259842090394,-1.317845654939004,-0.07396424408369429,-0.33834174446775567,-0.9307533506713702,-0.11283828852591339,-0.17855143179725913,-0.09059528884848686,-1.6478280368784055,-1.296727827508298,-0.6830623805377366,-0.17823406889398727,-1.0281345762032645,-0.16142559570212403,-1.3372407886466953,-1.3560827649582794,-0.22661468944251142,-0.9468970894638845,-0.7251263161874194,-0.3797341223094147,-0.6733783999701531,-0.6519486613750756,-0.07454824769859145,-1.0450235635972003,-1.528523296609239,-0.9374422431843709,-0.6709150474281044,-0.4232823433846651,-0.8627823481748994,-1.6374880121791568,-1.1639450055401808,-0.9203018197466858,-0.7751135544579316,-1.2363523859109082,-1.2773214737154759,-0.7201424302574152,-0.46514469385774954,-1.3311820642693994,-0.2662550223438438,0.9298536863560939,2.1423914989211434
-1.1419551983145082,-0.4621417318106337,0.010782938784231694,0.21493445299372338,-0.7565116845252323,0.013444434812429178,0.03807206220243557,-0.3635159198200769,-0.5160632366244104,0.16465991748351963,0.3181844419482332,-1.213357849891822,-0.2998067057374081,0.3457680667797789,-1.096268537720842,-0.5188460098889456,-0.06283620590215565,0.17591827024950013,-0.9900535807280442,-0.24335997609065113,-0.3947817514331977,-0.8032703552802207,-0.6237815611791561,-0.7015243956533906,0.09488845190554376,-0.38280096930818563,-0.09266305974774679,-0.41016124111040964,0.11155392789670578,0.28301513182809207,-1.213795157459686,-0.5291783798548905,-0.07052407980165507,-0.32483854913827753,-0.2585738810910871,-1.1058951279108342,-0.4938803403628268,0.013515172038708083,-0.9501288730672496,-0.7391643595666529,-0.7390861962774536,0.0556742149768759,-0.2378314735024506,-0.7963233561059115,-1.198359699609177,1.2892335011437692,-0.9385528333566191
1.3275685663556427,1.6056942888795596,0.8578645769241637,0.2927830545161741,0.536602623351506,2.0998159054916252,1.2970809436369648,1.0478167870459418,1.7411364096743496,2.198446018692699,1.9150591663994911,0.9249256372127325,0.5499878733999211,1.0489503854931128,1.1764224106151429,0.9618714818358042,0.807516351001467,1.4954995887019438,0.4839595855933066,0.6606045813106403,1.144046995436006,1.1387473883510792,1.6522339110685595,1.3550048015708493,0.6953299906383673,1.6796882635626733,1.1658276917257395,1.6318669888047583,0.9899046805333334,0.7417127075506442,0.643975108353644,2.2501798646352413,1.2559647142980324,1.0244834567823147,1.927312535982786,1.1387558259121582,0.8542122370031068,0.5575076177250116,0.5665158110087197,1.1175200005832155,1.0525118896609365,0.5939257040521466,1.3507280973202922,1.6177686510103706,1.3066716205414057,-0.23155467779282515,0.9302166796643188
0.3308713142908269,0.5471057837106099,0.7139490676127594,0.44637624130371384,0.8099949557580098,0.4351280387942869,0.795683201771866,0.48121581754954734,0.4394971842608376,-0.24500122987886003,0.4194496683768488,1.004518150691212,0.7854447903861925,0.4399932777435345,0.6381535017987255,0.884611165588601,0.7566185406562268,0.8373260634444135,0.7923227684658254,0.7788049989203192,0.48193715088621286,0.6947353741315098,0.4183465965943455,0.5790187897842871,1.1527251627907236,0.39994756682128474,1.0046092686611625,0.5394004654680435,0.4212949191124082,0.24369819676615914,0.8581650919415341,0.6801320692513685,0.8957301337221624,0.4862527121526096,0.5478696514216042,0.7347452338682321,0.9171210536698877,0.7755450757126388,0.7522084567480486,0.6526062615566545,0.6487155355421791,1.012820786168295,0.9303302882462078,-0.11690824033067058,0.3163104009469898,1.7369193915378955,-0.6355091285424129
-1.1800455391577491,-1.435504891224456,-1.565344371525314,-1.9202212449788045,-1.5628619430942987,-1.382556273852255,-1.7216558501098964,-1.5198781904127183,-1.7466301174365606,-1.2474783565636087,-1.926528077219432,-0.7762112758638623,-1.7527203150324393,-1.3879148277617597,-1.0876296539990973,-1.5856580057093443,-1.710471037935246,-1.4494307390031747,-1.4164678495737486,-1.7080377645278555,-1.7552181159347724,-1.667661032182734,-1.412845273078062,-1.6200570316849856,-1.7524700155957755,-1.3446761827194262,-1.886793796423543,-1.4421915891562511,-1.448484586280342,-1.9178595219721122,-1.2812868584106458,-1.2902081819121163,-1.4816304759011947,-1.5305610204081614,-1.6619853659993964,-1.0540648216946726,-1.5442397162798271,-1.6150851538863846,-1.2036921808243026,-1.636862985729111,-1.580030943292098,-1.700356922409202,-1.5613385634475874,-1.1721700158964707,-1.0818466149510102,-0.7610146433782754,-0.787030980949516
0.8450909156745854,-0.3410320299480847,-0.6160700976068022,0.28436698948672007,-0.026365610563724756,-0.34675406822110183,-0.9189104298852656,-0.22145210009598154,-0.5447242474269187,-0.15643145270228492,-0.08427991949883235,-0.5919239946559954,-0.698907859465066,-0.6575322216116392,1.1219309902164443,-0.06649515088568825,-0.5299326825561963,-0.6116906578621156,0.9868144868197573,-0.671567852612987,-0.26663616935791795,0.2859524226985818,-0.07437912266480795,0.040939894686473785,-0.552175606305357,-0.3197203104394001,-0.9046774844893323,-0.32330065423608056,-0.6121839099979459,-0.20495171777389756,0.07536627029011905,-1.1190249020601035,-1.0022558126869507,-0.34666739047117145,-0.5402049351698226,1.094234921854687,-0.07822847900457117,-0.3434202221484445,0.9301020113663253,-0.42180259718984797,0.3300528001716838,-0.6512829647040757,-0.8969520468106721,0.6926076422951488,-0.44102464933109387,-2.039910062015143,-0.6355091285424129
0.9466651579232287,2.108075274383468,2.1770900789453687,1.1070373461158676,1.0354650689783151,1.9395903382499335,1.3301681042676565,1.3755768369188548,2.1362406274174304,2.197408901863933,1.4619621917381183,0.07542861835587691,2.0057229350525625,2.4120141169105462,0.6707154481345342,1.1773134353985133,0.6250113453349604,2.5705702510882,0.9790125267711765,2.00949968795291,1.5852449542333642,1.3493181297846435,2.138727817991005,1.731637078749171,0.7848075532730623,2.43747052801205,1.368173263531281,2.212501018264647,2.2507630189955887,1.0453268171955714,0.47699434563818743,2.078804220525914,1.1705966235886456,1.1389778696558313,1.5528031555589357,0.667631632229357,1.1611290488941277,0.6837784688154892,1.1505191818589082,1.3077000292069465,1.3987581444640065,0.9956059197799603,1.3744248422994156,1.762325058622124,1.2484150782123222,0.5871678869048828,1.8393477941069372
0.24834224246380315,0.282458657418373,0.11114507027771028,0.8040590050555159,0.8806998693114152,0.7031133403907779,0.36300494737051203,0.48121581754954734,0.31765887922993197,-0.1827742201529281,0.17277796297380899,2.8871872195091086,0.2715373966786385,-0.1027927271609473,0.6713799776515909,0.8523457017096207,0.807516351001467,-0.04239481552388216,0.5972737672512805,0.28854190315290257,0.8618948661625594,0.5956531952261657,0.05100892701114533,0.44872245632949104,0.6346971685898566,-0.0034241302429854196,0.27254602107200987,0.2291552368419458,-0.02947159617031859,0.4839683554779723,0.7095434706764675,0.19391049972911334,0.3797691459181824,0.20804198928238504,0.19832756302600996,0.6550063012279845,0.8569584720834982,0.8856650039892183,0.5990120240131017,0.6298626362656619,0.6204133153388071,0.7201680575666025,0.5617142552376151,0.20111585641518684,0.5493365702633219,0.1247826464213193,-0.736523696813815
0.216600291761102,-0.5922225227000385,-0.4690616672619506,-0.012299302801539303,0.4261458361780734,-0.9526741609825478,-1.4725689177721755,-0.2743900008956447,-0.9734210264142348,-0.49722804263463405,-1.4355215562540118,0.0827756196000446,-0.34004599055189433,-0.5809932962009513,0.8396388513705014,-0.2194254517097116,-0.19342544501651654,-0.8114390456749175,0.4033393317579603,-0.36028436646477063,-0.7505890563205284,0.16808544490332927,-0.7262128592516347,-0.4034698936333908,-0.555472148086636,-0.6697252974295822,-1.2062217390580772,-0.6405992013484584,-0.43960472986113097,-1.425524124029907,0.5395902755357089,-0.797627719136094,-1.273557481183153,-0.29680346860289325,-1.1883558362233664,0.7827214916734488,-0.4007712850308289,-0.4284328067779639,0.6579694390353391,-0.6995130922906285,-0.07002306161103125,-0.6749247145440558,-1.213961835198061,-0.34819849250947627,-0.32451156467292713,-0.663747276757086,-0.686016412678114
-2.4687687376874163,-1.7764062742449651,-1.9678028308979076,-1.658902425814251,-2.0018608952458905,-1.9727258824727274,-1.9904254010792084,-1.8660424323605151,-1.8641170544306485,-1.7708075083586887,-2.2064355492451972,-1.867853210726401,-1.986632150965734,-1.7095002888697741,-2.4932424884787103,-1.9996114893877617,-2.005678337937644,-1.6063574193250194,-2.1261675725643867,-2.1091132724625155,-2.1674498865557688,-2.3390849434151493,-1.9575722054550115,-2.266324972201171,-2.00524413003879,-1.6842364671393788,-2.122205595816819,-1.8467748179173238,-1.8045257381372275,-1.3058258995080216,-3.2500862177572896,-2.0201828655416634,-2.0197308806364,-1.847079219735133,-2.013025491916685,-2.4532172930888976,-1.9729295164946712,-2.0320726156270315,-2.172265021000642,-2.4460409467623943,-2.298077858500481,-2.003223805067974,-2.209049592876971,-1.446827190358802,-1.4313858689255097,-1.4227279786082823,-0.98906011749232
-0.31031608990373805,0.37665509220035553,0.5861293718427619,0.315927233347173,0.5743119105799895,1.4260048268033112,1.2071517378202137,1.1760257655451254,0.2094548607143888,-0.34975002958417634,1.1828336829925732,0.5392080718939444,0.6994576709161702,0.3305212688892036,0.8368478273988607,1.9767371331745105,2.063238043376202,0.33827852070614833,0.1839556456299816,0.579677590844923,1.0380760436303051,0.9623276280416356,-0.5554934801692145,0.4624483772944389,1.5630268809248196,-0.16005205193816438,0.9289353149777894,0.47646136368002284,0.4625078576525432,0.973245769582028,0.9761881441226158,1.2284998393814344,1.2006161719699686,1.4482197885385046,0.6951766743883186,0.8350833907738793,2.203730102028545,2.2129772061495894,0.1459219684091397,1.071073495056984,1.0503706477028292,1.704284586099746,0.8662613110804283,-0.18918644413654728,-0.6740508186474267,1.9725343403496796,-0.837538265085217
0.16581317063677942,0.15237786652896795,0.05749235847302047,1.0986212810864122,0.9906852903944918,1.2011424103581891,0.4902632574885575,0.543252420049152,-0.20740619721278158,-0.4939092687825833,0.45839783238785575,1.2647244447554746,0.6645254036314739,-0.24916198691046987,0.2925981529289274,0.742605239436297,0.7784318879470442,-0.3561188054500765,0.41615683755205946,0.5269575182178791,0.7574437452179632,0.7199281440520441,0.004896150735289615,0.44307097385757244,0.6346971685898566,-0.08797785719489962,0.2807714508202033,0.20148878534105674,-0.14538298581444814,0.9208231894994502,0.5958916426502405,0.59118450940155,0.07019255323579401,0.571856011497294,0.3231640231672934,0.355985303827053,0.8215453950969911,0.9003476610927624,0.3576115845519747,0.3676147119919687,0.7141010943891103,0.7373829239549372,-0.20184752742304068,0.09992637108695955,0.19979731628882308,0.3357328130021449,-0.787030980949516
0.38165843541514766,-0.5518526220791887,-1.1389631147715704,-0.9759387486740448,0.5067494376289572,0.05391265120818931,-0.7169939111646338,-0.7967381939423197,-0.4032177588695947,0.15636298285339567,-0.07519201456293083,-0.17712454941237843,-0.9591532507360547,-1.1316466488169694,1.062787863198345,-0.5209149564638339,-0.8502980431006714,-0.8254110831644136,0.4342685305219809,-0.9183112243731906,0.17256216883590741,-0.17920744408109726,-0.4713623667387827,-0.21267896774741074,-0.8605199964899186,-0.6659483156940569,-0.5689154421681053,-0.5831935693526368,-1.186009683952857,-0.5076921177507824,0.4988504664124619,-0.14505623081845176,-0.5686609607542243,-0.8202676440956397,-0.2061425678317487,1.0370886867958413,-0.42770150061779927,-0.6222438805447439,0.39150049239940177,0.1560680530778562,-0.12113862752200961,-0.7666225695059196,-0.6573516253550867,0.14329329337048569,0.6075931125924053,-1.8350034855387847,-0.686016412678114
0.14041961007461992,-0.677447868455166,-0.7580288609582704,-0.6098399198927873,0.46668331994869333,-0.3444486762566665,-0.7568681816682881,-0.2042886400710911,-0.687217046072588,-0.47731539952233537,-0.8853138259918626,-0.4204939656254242,-0.1647800571946385,-0.7041264359652379,0.09390382732879234,-0.42105408241281567,-0.5230978337384071,-1.0385493402379826,0.13751540724556602,-0.30816872779141263,-0.3083450962834685,-0.13978568511605904,-0.4834216811773528,-0.34254129232729164,-0.36898207017432344,-0.6217656012477792,-0.5993495322364182,-0.5877169926655021,-0.656681004577998,-0.564483246173574,0.44727002138517385,-0.42732568743823907,-0.7009345958094269,-0.3697802812942372,-0.7654099092646982,0.05364185089944376,-0.5208168163641139,-0.6743673132623244,0.1533496742387127,-0.1800579737567151,-0.33630304813256345,-0.4492951990809467,-0.5178041271446914,-0.767412074583561,0.43282348560515654,-0.23487311567320554,-0.28195813959250576
-0.3864967715902201,0.8207239990297032,1.4777112003618782,1.0355007933655063,-0.4391251836854979,0.09138352776480242,1.118070920737581,1.8666999400407294,1.283662583403543,0.30467068936686387,1.0296375712159482,-1.2148884751510243,1.1649973099218378,1.4005415448497798,-0.45832020134582885,0.788256766607536,1.3383078017446965,1.270717967053795,-0.3454630719523562,1.2455623298221752,0.025242877426604103,0.38883322093440154,0.8454250147277846,0.4604001051941198,0.9054845291948559,0.9747643778088828,0.8812278224382718,0.8473728763688638,1.5160135990847445,0.5058110971790465,-0.7242180521159383,-0.22406357676309763,0.8957301337221624,1.823804264413308,0.36061496120967895,-0.4746285778422011,0.6740709018361482,1.2967794028884478,-0.2923126755356763,-0.226195042204158,0.3191534057754648,0.8005041007121647,0.7021394106694594,0.04210380804225839,-0.6157942763183433,1.3099088907835768,1.8393477941069372
0.013451807263815277,-0.7985575703177151,-0.9335047889783159,-0.521471237083518,1.6977344259285514,-0.37877771311962805,-1.2234819854344547,-1.059359811190649,-0.8572104907109468,-1.1369217026172043,-1.4240967614774498,1.4330932232676434,-0.7159709284848979,-1.0816371517358827,1.0302259168625363,-0.5908445088042859,-0.9157380849731236,-1.0482521440501327,0.45330902825959113,-0.7356378517036873,-0.3520327833889687,-0.3020679385064092,-1.0464751483542207,-0.5854207768815272,-0.7133529526828541,-0.926712097354352,-0.9201412924159348,-0.8247815291081446,-1.0114986473219734,-0.9139671133907566,1.2778026108076037,-0.45046794395957873,-1.4120226480920026,-0.9262017270346872,-1.1374225604857224,1.0337662312691636,-0.49773258197255554,-0.7294272774006141,0.5108080172869203,-0.418819623750322,-0.18366694552263405,-0.582423499150736,-1.0707281766575796,-0.5505774631659308,-0.3827681070020105,-0.4944510652314182,-0.787030980949516
0.10867765937191877,0.6323311294657374,1.4145903629445955,-0.29002944877352754,-0.1563055294718741,0.4553580184248955,2.0428146409287113,0.7707199625477047,1.0573914454890039,-0.42131109076899825,0.47138055372485804,-0.32712582481413016,1.1314085913788603,1.193185093537955,-0.10611955730545608,0.35931341771410863,0.7420763091290148,0.682081202450008,-0.12254992770716092,1.2052667329097841,0.3053685655519106,0.3006585262125298,0.6654616708869225,0.4763553954877692,0.8171843029106172,0.828300263450491,0.7989735249563445,0.7366980957642215,1.4966950341440564,-0.43342679596713035,-0.10350422212654253,0.5658426094161292,0.77377571842304,0.7430626101866643,0.223294855054267,-0.06928900358760547,0.46722681280240325,0.9370543038516223,-0.06019686836151523,0.2203226624883962,0.4460067937037057,0.96117618700329,0.737245699527421,-0.5216661816435803,0.08328423163065637,1.9615883839384813,1.536304089292731
0.6990779424421593,0.38562618122721115,0.5804484964752062,0.6231136069222509,0.6748700098559449,0.5169314707128334,0.1865400906734886,0.5391166465491791,0.4505206499541099,-0.23981564573503272,0.42983584544645126,-0.7296802679841351,0.7780552723067375,0.6174660051898311,0.619546675321121,0.7815742585960705,0.40615076085042323,0.106704936389494,0.9771549172357988,0.8308534782654905,0.3997917828737225,0.9117943093825969,0.5645240973888085,0.671879516003132,0.6753152726806063,0.5167873242194423,0.054572132744902864,0.5544728592635728,0.785771844326727,0.7111328691691406,0.2820377483316588,0.0734946564815575,0.01296778913389811,0.5311944443085693,0.3343993045800093,0.6091564149598419,0.6427792642749999,0.2990928527026376,1.085062524235795,0.29471133622927614,0.7958195335347896,0.4785860992503027,0.0017689479531341546,-0.17473080337537175,0.08328423163065637,1.1828199538333954,-0.3324654237282068
-0.39284516173075995,0.07612360980069606,0.46051890538236995,1.1028293136011398,-0.44226762428787203,-0.7188577078388821,-0.326056382481998,0.922502849996739,-0.12107505536231111,-0.6442912089535836,-0.6492879520851645,-0.31671757305155784,0.49060301901593695,0.3606489415209804,0.14294610568762148,0.9256550245586747,0.9135292188348416,0.041243353336853125,0.012962687898562702,0.4874006739155492,-0.3493119881415388,0.35196873922889477,-0.3727485477879984,-0.04971487994871809,1.2005250186192589,-0.13588553574088016,-0.14530581013618024,0.021573072684131712,0.48040972783091473,1.08901230059772,-0.526289022384109,-0.6630388119560976,0.10171307903618247,0.7274400080562593,-0.12799494378330467,0.11092098417935706,0.8823565556066212,0.9388162227040476,0.004702711324380033,-0.3525227296197742,0.3710200950484039,1.0878776036214353,0.14149197760781954,0.09992637108695955,-0.44102464933109387,0.7287196405529939,-0.837538265085217
-0.7800969603037138,-0.7447310361565822,-0.9301593845952001,-0.23364181307618434,-0.07177387726802355,-0.6687930496771245,-0.8585051520159004,-0.6106283864435044,-0.6746851061265515,-0.9836358353256615,-0.7409459647243989,0.24532802212724802,-0.8266793448025512,-0.7837757081456033,-0.29870021134866304,-0.8003814404844857,-0.1790286358045774,-0.6248217856878926,-0.20437762774050117,-0.9271090963657291,-0.5006335008184198,-0.6821367618991828,-0.9831425439090667,-0.7380869893539016,-0.6968702437764628,-0.8919702077787777,-0.6358704403183941,-0.87620159578201,-0.8779429683653484,-1.4818783976186782,-0.23289245711024775,-0.8022879523611354,-0.6894896429890477,-0.3896830483918756,-0.4932664261567003,-0.24218958919587766,-0.6778330157659769,0.032162146560209236,-0.24969621333850003,-0.4112198490952633,-0.5191732170027058,-0.6177713581347836,-0.6641973516823895,-0.47829925936005413,-0.8488204456346767,-0.16887673107721476,-0.787030980949516
0.21025190162056212,1.0450012247010907,1.2634159573302042,1.1280775086895019,0.23649954582482632,1.113344298761348,1.6008041104520343,1.7260836410416243,0.8447545940898271,1.2961543776666986,1.6605978281942506,0.5897187054475951,1.0118327533658606,1.2785671617251773,-0.43572619776588023,1.0497606690933687,1.3906598352426587,0.8887509236488104,0.10361403322494182,1.1253471323668767,1.2486322191036405,0.7505394706314648,0.9776081113649582,0.9164388334689101,1.334034960761028,1.1233975649092276,1.415058213095979,1.1454191541024572,1.3604991513122042,1.4559703611757613,0.1543980030098952,0.8080250275441277,1.7766162565365937,1.8719561202946933,1.0185031061542422,-0.4035280295713134,1.1655238597446635,1.517019259441607,-0.004024843025367874,0.9391759402231649,0.664845774646153,1.397286135507773,1.5420573715961812,0.5335955939222198,0.8406192819087388,0.9889332647991743,-0.43347999199960885
-0.3864967715902201,-0.3948585641092175,-0.5263753876368432,0.0823814287798194,-0.2757182723620707,-0.2355453287676474,-0.1511186255063917,0.7562447552977968,-0.48647393397404726,-0.9180900517476802,-0.005085319343119556,-0.46794334866067017,0.022980879460605404,-0.6297220622592304,-0.11941014764660332,0.21539219005300692,0.42723699656488073,-0.629414446158977,-0.5739490448036803,-0.12213738871254377,0.02685211010306852,0.09119964445702256,-0.6803026498144195,-0.26017015470757027,0.35861179440780366,-0.5997016629591856,-0.2727999712331672,-0.4191618685405424,-0.5385157823574551,-0.138549783002634,-0.5380039031191189,-0.1254308947406333,0.10771698871244698,0.5590155165955923,0.04852381085647033,-0.17427859823059813,0.06325479775490074,0.17502440017769152,-0.5518181479563886,0.004768793403965686,-0.11127000133653803,0.1744567930563869,0.05793901012587208,0.05655944880343342,1.2484150782123222,-0.5887778936255883,1.0312312479357209
-0.08812243498482988,0.6502733075194487,0.5782392671656016,0.3832557535828065,0.4014776774494412,0.31391330370149717,1.0332320473255505,1.008526938796191,0.671570146224468,1.673664903337347,0.3805015043658429,2.3820808839726024,0.8962875615780184,0.49183239057149025,0.046722231617723105,1.2013094271587386,1.7382191687430195,0.37806001633596525,-0.33617502427547363,0.8459643271076366,0.45824566981604054,0.6546943515483125,0.4484845896603515,0.5712753220879563,1.4352858869002882,0.35922339843870776,1.0046092686611625,0.555233905435749,0.5050087005220573,0.025270779755420192,0.4822398146240123,0.4761423198637737,1.0739712022362637,1.064074982729232,0.6102878814922459,0.03702957326605868,1.1846702935308278,1.7225764588912218,-0.3665897338314076,0.5446127210592874,0.6620898543972328,1.4145010018961084,0.8337879938868138,0.5191399531610443,0.3163104009469898,0.7597095034701625,-0.5344945602710109
1.0355426198907924,-0.6325924233208885,-0.47556311351593034,-1.2263166833003065,0.2734232229027161,-0.8060968114271552,-0.9087297650758221,-0.9683727941912278,-0.20624583240296365,-1.0726204592337425,-0.7321177142152377,-0.9868253115299931,-0.5144386172270333,-0.8325044742038815,1.456189337296269,-0.5308176966823992,-0.9302803165003356,-0.9221156944921788,1.3273143146542932,-0.4461811472163493,-0.5090372714621789,0.05453642342741725,-0.2067491407343861,-0.16558119890408105,-0.9040814414568104,-0.4798104131656026,-1.1134388914984632,-0.5414239809736127,-0.6863028041537206,-0.6824340513593729,0.3432348864996276,-0.553269912167763,-0.5564655192243125,-1.144490140363633,-0.4370900190931224,1.4470796987877843,-0.6305702265602477,-1.1221883549204148,1.3311052798404062,-0.3846422983980747,-0.03079442818546921,-0.9651673618513813,-0.8451702707451791,-0.40602105555417745,0.724106197250572,-1.3800326840467543,1.435289521021329
-0.3484064307469791,-0.8478985599654204,-0.831880240736491,-1.30753171083454,0.8528892699804089,-0.5365946742150957,-0.8415373773334941,-0.7812290433174185,-0.971332369756562,-0.9662122726024008,-1.4199422906496098,1.3369699569897866,-0.9024554938355083,-0.8901983574218193,-0.215899833523324,-0.7053256580209242,-0.49852146245741874,-0.9041331647603265,-0.32066398465507867,-0.846920858510072,-0.5731204927116104,-0.7666775051163155,-1.002056193164069,-0.8537219409881771,-0.6281138009098027,-0.93048306259224,-1.032829679966175,-0.9031149885056902,-0.839048257618096,-1.041091870091007,-0.3603573534658163,-1.2654007200154969,-1.0803066384783893,-0.6477769959161006,-1.4312875876583047,-0.22119167026727876,-0.6013691500200236,-0.3463567535691527,-0.35303417069243653,-1.063073810530634,-0.5896882999600054,-0.5655529300901679,-0.5857347960848464,-0.47829925936005413,-0.20799848001476043,-0.8834444317223059,-0.736523696813815
-0.5959936462280485,-1.1349734088247965,-1.1291793849718916,-0.7613290904229624,-0.7808655991936269,-0.7193845130227322,-0.9884783060831305,-1.1668899221899647,-0.877516874882765,-1.0985483799528803,-0.8191019471731521,0.46573805945226976,-0.9890472102393042,-1.1057270924029916,-0.4822432639598909,-1.0811174957909695,-1.088063528570583,-1.1620983754460297,-0.4708517155902777,-0.9663301440271227,-0.9502352302595365,-0.9862768286191671,-0.9346228454000982,-0.9943586139469811,-1.0918665893546244,-1.0117584250503218,-1.0912302311783433,-1.037467010428059,-1.026631523192179,-0.7676207439935612,-0.7556908660308934,-0.7828399259465816,-0.9514102026160863,-1.1016884906912907,-0.7204687836138363,-0.458016300208816,-1.0853997607143016,-1.0979619706995665,-0.34198545827094645,-0.858282163046486,-1.0166505954652756,-1.100017148560004,-0.9689199389694926,-1.1432587343741198,-0.7323073609765101,-0.702985926366252,-0.28195813959250576
0.35626487485298636,-0.6011936117268941,-0.4118110677244755,-1.1063877566305842,0.25299735898728837,-0.026474682136214844,-0.7475359055929648,-0.4793175778193405,-0.6332600824160435,-1.084028744350163,-0.32316199209967156,-1.0618259492308701,-0.6172200959685443,-0.37754002514911433,0.6567603282763302,-0.5908150426272276,-1.0633417349743228,-0.6986277800189831,0.8777728070931502,-0.5449053596517058,-0.08996626196620837,-0.1926482794297627,-0.3154147214708737,-0.239979374925988,-0.7298356615892454,-0.4912702743684281,-0.7918245883441282,-0.47852100195496666,-0.30669300306919506,-0.5885102620447552,0.16051771682669272,-0.12546434939407936,-0.6849867107318491,-0.5088856427293494,-0.15870471297806066,0.6397230058052709,-0.5172588142272846,-0.8233962828632954,0.8905494778238481,-0.291640984368035,-0.167719083493956,-0.6839912108419115,-0.9934943411700655,-0.44938797783770357,0.3163104009469898,-0.8223201311177728,1.8898550782426382
0.597503700193516,1.036030135674235,0.4993382203939984,1.245902419101861,0.04009700817647612,1.5522357711310373,1.6780074852569815,1.0292058062960596,1.591159258005354,1.4766127058718996,1.561929146033034,-0.15875704630195922,0.26481965297004245,0.6625965269459345,-0.04631190077029818,0.3259114012914456,0.4003338682395387,1.0637248190612545,0.3650725753292026,0.31876360083719557,1.0564928175942883,0.2506952115656592,1.2496940774533445,0.8252485730635888,0.4522100342690969,1.005765008603653,1.473458764308148,0.9430780223604233,0.5758434386379149,0.7460812558908596,0.02763250251910428,1.2914740426620368,1.505502210217775,0.8928683840398616,1.571528624580129,-0.055999181480896276,0.32150523555032107,0.3717720053651807,0.41796169441725584,1.0455913516187079,0.34434846099230887,0.5996639928482579,1.4481480489011342,1.5310348064433184,0.724106197250572,-0.6116212648401873,0.22311470176450443
-1.4212843644982787,-0.8613551935057036,-0.6112729139630882,-0.48780697696570197,-2.8886576332357223,-1.0629267242559104,0.15345293004279673,-0.9849158881911222,-0.2831200010534164,-0.2989313049746665,0.23769156965881952,-0.33324832585093517,-0.8211036175244171,-0.18146620427631546,-1.7647852318804917,-1.1979866681854998,-0.827757584233493,-0.023312634693320667,-1.233864832246226,-0.7725754822067117,-1.3326514954582596,-1.3734573316995642,-0.9184422015818742,-1.200356711231433,-0.7728084383809085,-0.719762126748818,-0.04084285233413243,-0.8697003050085902,-0.5665277015214533,-0.6671441321686211,-1.3309439648097974,-0.6268534224224599,0.0645638879142965,-0.8919604072968133,-0.2435935058741334,-1.7843405464582807,-1.2578679147333889,-0.9540719310848365,-1.2384167055775568,-0.8827586359786969,-1.378777165232099,-0.8917172652611525,0.1755450778000417,-1.3456377050305748,-1.664412038241843,1.570731144213695,-0.9385528333566191
-0.0627288744226686,-0.27823440676009586,0.006995688539194597,-0.33210977392079905,0.15793853076548625,-0.1700786375426351,-0.2138993918312943,-0.04609530369709771,-0.3147399421209611,-0.1620318835776189,-0.8009261373013491,1.907587053620123,0.4797874516450981,-0.17292799745759324,0.06665811712944303,-0.15543964822733172,-0.14499981403090167,-0.5695804893173835,0.08178712118426655,0.45979819003056166,-0.22850927516775627,0.04232707822849925,-0.1126090845247933,-0.07884811597316047,0.022482266352468614,-0.2670532689030518,-0.07292202835208408,-0.2634426676202362,-0.016592552876526213,-0.7610679214832388,0.15002677885504057,-0.7084869586626245,-0.5583417409981448,-0.12367079567826902,-0.7878804720901292,0.07689903958618438,-0.07811787835163732,-0.009977079326961706,0.07443029979949847,-0.35523030405917816,0.06179908841305753,0.2840581090621187,-0.3334961106403951,-0.5216661816435803,-0.20799848001476043,0.37890103795484764,0.22311470176450443
-0.25952896877941545,-0.547367077565761,-0.26947357934850363,-0.2079728147363491,0.04952432998359729,-0.2661256265480387,-0.4022416908060015,-0.505166162194176,-0.4850234779617751,-0.8340835886176738,-0.13361426057944067,0.029509860579831085,-0.37067890186308994,-0.23909910030269063,0.5730296091271103,-0.049731842757147426,-0.099191784720185,-0.2066956267429614,-0.025025427099888475,-0.35853822393190066,-0.10054547678370651,-0.11522625298682292,-0.8461274870721307,-0.37648297200187497,-0.06993863715836836,-0.6188714151968292,-0.6865390875672612,-0.4848949880119673,-0.3759178607733283,0.15632722996186388,-0.11836638425304932,-0.2705529995581343,-0.2872276946793262,-0.47357428174966726,-0.14372433776110696,0.5639710197970339,-0.06972474955731016,-0.15900604892793269,0.014544421548563956,-0.0740448305635974,-0.052152810114601156,-0.12737719761908473,-0.3334961106403951,-0.8252346376282624,-1.3148727842673429,0.8705611248460069,-0.837538265085217
0.673684381879998,0.7803540984088532,0.2563229963374609,0.8040590050555159,0.1736507337773545,1.3823452279066406,0.956877061254724,0.853435432547178,0.8775348999671898,0.41875354053107167,0.6012077670948791,1.417786970675629,0.385739039724761,0.4186477606967294,0.1929187253703315,0.4167514157087195,0.6111962253841093,0.5591790208294378,0.13751540724556602,0.3926388618432443,0.6500125637613964,0.382499843021418,0.9858219496390953,0.6970286130031712,0.41688994375540095,0.7302438863323307,0.7742972357117666,0.7624955865887464,0.32792185523241457,0.30922642186938176,0.1849965720938802,1.3309923520452425,0.980160113544631,0.7109613729324078,0.9723136159019677,0.18986252749320218,0.45284872792102177,0.6213771761254269,0.10228419666039754,0.6646743076294265,0.44661471728802615,0.5422811048871418,0.7635754161708916,1.140732505891584,0.6658496549214886,-0.25989758647459554,0.22311470176450443
0.1467680002151598,-0.6146502452671773,-0.5449960346749417,-1.3693897888010276,-0.20265652835688389,-0.2076073140410497,-0.345399645619941,-0.7367694781927016,-0.6115032422319532,-0.5644332131386391,-0.5386751662939061,-0.5062089801407087,-0.2547978228898182,-0.3653425868366539,-0.1832049812841033,-0.8489892671054579,-0.9310074280766966,-0.5061888377446678,0.3650725753292026,-0.2762680469024363,-0.3144244197278899,-0.5588793757913237,-0.29288533649038373,-0.41337528755268144,-0.7251263161874194,-0.4415968791095964,-0.2563491117367821,-0.5271987895206942,-0.4754084702178731,-0.8964929200298979,-0.155958911984802,-0.4763743912219023,-0.3388237934597246,-0.6287302618119085,-0.5681683022414705,-0.18623943812663585,-0.7781574072787966,-0.8380789399668395,0.3469342574219625,-0.32682398022634673,-0.486264286971482,-0.7212900880166373,-0.30014513622533173,-0.5794887446882815,-0.2662550223438438,-0.4580426560963102,1.687825941699834
-0.8181873011469566,-0.6281068788074606,-0.5448697930001074,-0.519788024077628,-1.254274275941211,-1.1592932643681322,-0.6962932260520985,-0.23716803939588163,-0.8230957653022936,-0.40243556448546564,-0.4789546481436963,-0.2879418181785707,-0.38969011655841523,-0.6186223933948914,-1.043371988163081,-0.5854374653140639,-0.08857595570532037,-0.7025089015438434,-1.0546055120823825,-0.47714159751070256,-1.038999312669115,-0.8319675943126069,-0.611083255412192,-0.8168558533118262,-0.207333789256644,-0.6815358703071832,-0.8482510364167302,-0.7387668432592687,-0.6113467721838499,0.18122795550108906,-1.614374139010589,-1.4620764457934377,-0.9303965187491603,-0.14228951328573713,-0.9027300154201102,-1.077587806823547,-0.43640431124034085,0.1656274996314234,-0.9115048027534681,-1.3845077648643027,-0.6574136891359225,-0.08365143699271414,-0.9429412852146013,-0.4204766963153527,1.539697789857739,-0.6210528338129049,-0.5344945602710109
-1.408587584217197,-1.4579326137915947,-1.5618096046299461,-2.1903769324242837,-1.4651320403604795,-1.059434782057631,-1.445929511520798,-1.8135181089108492,-1.4315910715709323,-1.3206988046744546,-1.4856348606148404,-0.3898814604413929,-1.6963584453173235,-1.2821020504011666,-1.3101141363098832,-1.6920953095344176,-1.4888474294605387,-1.038872767031721,-1.8571857118418515,-1.6997100078326286,-1.487379217300324,-1.7479330786865162,-1.3525445836730456,-1.6176396959226873,-1.6672308638227242,-1.321260349946098,-1.6982669465949658,-1.3985124749039501,-1.478428361938409,-2.2808858890439616,-1.4297336307095174,-0.6959322635906393,-1.4506728166329552,-1.617662377491378,-1.4158078666007852,-1.3098938972488026,-1.6477873864439943,-1.4017461461718908,-1.737837076293482,-1.659823216975256,-1.7030179372240601,-1.5750326951021245,-1.770396513596746,-1.2878151419858732,-1.1401031572800935,-0.8433406032034082,-0.888045549220918
-2.208484741925267,-1.4399904357378837,-1.3489030200214527,-1.5524392031916556,-1.8865333251387801,-1.6265207453493975,-1.0636455479261895,-1.3145370361390247,-1.5077690213354942,-1.1796509159623443,-1.6331185750031838,-1.3679510010711786,-1.3855284439206097,-1.0934686668989693,-2.3095665299640706,-1.68430066381169,-1.3931595460114854,-1.092561614792286,-1.8156681387261837,-1.4432956928134508,-1.8784644785283713,-2.0293433557854597,-1.6408729517621685,-1.8815458176384678,-1.3574736700176147,-1.370043303554607,-1.3430928900680041,-1.4951359469517347,-1.1643728912192863,-0.9956589673527736,-2.1132182395626287,-1.4263050575961953,-0.8097554586917205,-1.1111048536192063,-1.1246892415513121,-2.273671796427272,-1.5783681562484864,-1.245082194877077,-1.8257625440510545,-1.7073403747940976,-1.903927225252944,-1.3275976822137916,-1.2088714233136568,-1.3456377050305748,-2.013951292216343,0.21915406829414924,-1.0395674016280212
0.38800682555568755,-0.5069971769449113,-0.3054524566763543,-1.3630777400289367,0.6096643673566917,0.07587250052557876,-0.5702226601618211,-0.44829927656953816,-0.4212034134217762,-1.2219652825759768,-0.5217976285558039,-1.2179497256694267,-0.07140341964516123,-0.6285023184279838,0.7617559919713853,-0.12949678405431703,0.07895055148815905,-0.8600177500944162,0.7946447803850466,-0.19735583628233858,-0.05296881071008422,0.12110022529287495,-0.5252155018895146,-0.20857617881475812,-0.06758396445745496,-0.5254634092219991,-0.16340175558220416,-0.4221694817298168,-0.46768104424159745,-1.0581292086178435,0.14652979953115736,-0.21230426607679317,-0.2253123761428489,-0.5131658076965844,-0.46954749872985674,0.7540154759229601,-0.23121839727869253,-0.13331139899673122,0.7712419529363296,-0.31392045404084445,0.004140913793490732,-0.07401111181524625,-0.5581763593313468,-0.3915654147930019,0.7823627395796554,-0.629672541996851,1.081738532071422
0.8450909156745854,-0.42625737570321187,-0.8889414777617143,0.16065083355374332,0.5958376287062488,-0.48477124639565683,-0.8948161898362491,-0.45305541609450706,-0.5853950340110446,-0.01683552755044591,-0.672397196065028,-1.0694790755268773,-0.9263034840010225,-0.8859902412040204,1.5533435526900483,-0.1466507295015749,-0.6131142468918478,-0.3017831041020345,0.8766582413719242,-0.8175722320922145,-0.04225251310903525,0.24654192307205594,-0.47066491099761054,-0.05293809837731599,-0.9797841687911644,-0.6342934534530787,-0.8954650031713562,-0.520591957438492,-0.8532796004577357,0.20918666487846366,1.0039891297474928,-0.217743156360793,-0.8243899885276157,-0.5820764636690546,-0.29203005240895114,1.492929585055929,-0.11878552975488227,-0.5388463881966136,1.051823540648456,0.1356173565406902,0.2661627333421814,-0.9581666495201251,-0.5501019128940159,0.4902286716386937,-0.20799848001476043,-1.8472044298494128,-0.686016412678114
0.8323941353935038,0.026782620152991057,-0.19593780375736905,0.32434329837662695,0.4784674722075948,0.2552876484454477,0.04316239460715758,0.08211367480208731,0.09602920055466455,0.18643937088759485,0.3986773142376459,-0.22151268192922194,-0.14899335947943915,-0.2634939769276106,0.7451427540449527,0.07908586443457624,-0.1689944960508009,-0.2102533214740827,0.3687877943999551,-0.07814802874985081,0.2416846724110826,0.3875876566115145,0.23866734039304024,0.3300694257132511,-0.22122635819203032,0.0019264789839498397,-0.19877110349943283,0.06832948790314763,-0.19303544600147893,1.0256683496646057,0.5032216905673166,0.9095306279312755,0.2568766197321433,-0.09905984711667175,0.8537189787677482,0.7852465578737241,-0.03856040708727438,-0.4519250581436337,0.39707127177158186,0.5085323576724876,0.33301406349797463,-0.31501924125193453,0.03336460792529916,0.2878497009822391,0.37456694327607315,-0.9057735735399067,-0.5344945602710109
0.10867765937191877,-0.7133322245625878,-0.5453116388620278,0.08869347755191029,-0.09345671742440112,-0.51308000646324,-0.9095781538099423,-0.5113698224441368,-0.8194986343918573,-1.2821180586443774,-0.541271710561307,-0.5873321188783907,-0.2356522533203213,-0.6547268107997738,-0.34535018344608576,-0.6818949959148338,-0.6976046120649475,-1.0611892157996667,-0.02966945093832977,-0.18828932697705136,-0.6557009495588484,-0.4475948887736324,-0.4003198707887928,-0.5072055084165704,-0.7839931337102453,-0.6618483232416282,-1.0106210196460543,-0.6788747082862884,-0.4963369155702856,-0.2149993789563914,-0.4269748095858049,-0.6098793676302449,-1.0180160755871457,-0.6051893544921204,-0.8003641181042577,-0.30186089045499664,-0.6667637685316085,-0.545894063606315,-0.10197771365286448,-0.7417172154666625,-0.4870208140986365,-0.7430955854418613,-1.0180687433706377,-0.8975128414341391,0.19979731628882308,-0.2788137054424577,0.7281875431215147
0.6419424311772969,0.01781153112613543,-0.01825264642771879,-0.7108327002462369,0.3700532714257047,0.23278695681548509,-0.196931617148888,-0.5113698224441368,0.12619868560993708,0.8647137769002439,-0.008980135744220335,-0.6485571292464533,-0.030761070208158277,-0.21256967197308943,0.27266226741720745,-0.3177561892806245,-0.2904221293030191,-0.24615369557903935,0.5508335288668649,-0.05397067060241661,0.28763720550568095,-0.045988358224772014,0.3775038518928737,0.21232812597093348,-0.3895854563073121,-0.031971158095038255,-0.1963034745749749,-0.043845397273183866,-0.10352609510962314,-0.9139671133907566,0.38607288321720507,0.5105587945964495,-0.22062182170826755,-0.4446831682208366,0.16087662498362526,0.36927512593376033,-0.25219913245973863,-0.13477966470708533,0.5386619141478206,0.2509569332885086,0.10354317453640866,-0.31272392573348956,-0.30716639399692447,0.12883765260931013,0.43282348560515654,-0.7722375739161976,0.12210013349310239
-2.2783170334712093,-1.4085916241438894,-1.2446905174455185,-1.5671673169932006,-2.6993255869427117,-1.3195832372592602,-0.8306780015367542,-1.397459294813497,-1.2470930668098459,-0.9844655287886734,-0.6853799174020303,0.10757174879910834,-1.2654823638480088,-1.131341712859158,-2.676519729283115,-1.6776876117890052,-1.211672496551883,-0.964161177678163,-2.867168016226122,-1.3058205480140124,-1.8983861830509,-1.9652481638887516,-1.5518258870037573,-1.8580128572834365,-1.1012852801582764,-1.3300195557719736,-1.005685761797139,-1.4552721599865361,-1.290973886797264,-1.7898610556038195,-1.771563359619171,-1.3435482813665778,-1.2215861380479882,-1.4120004508157726,-1.093729799436274,-2.6521659300263174,-1.6772614170484395,-1.1016326349754533,-2.8739046829266965,-1.5272077681186464,-2.079240228499332,-1.1436281434104527,-1.1725364143456674,-1.4901941126423282,-1.198359699609177,0.5857312095493186,-1.090074685763722
-2.2211815222063476,-1.830232808406098,-1.8339235347358518,-2.4256059499975287,-2.8179527196823155,-1.8715850671676812,-1.4483049999763349,-2.181188373058509,-1.7254534596573792,-1.4013864939524117,-1.3176384465140325,-0.2123289303740145,-2.0121595770583967,-1.7284063182540876,-2.5422847668375397,-2.0910980759187745,-2.3983185891723613,-1.4024044831936198,-2.4338805920995243,-2.140610997382367,-2.112294926600203,-2.430652921281066,-1.6852153268060048,-2.1458403616854675,-1.9177680391998708,-1.604197933648718,-1.7566674978071342,-1.7858672965773623,-1.781987412373091,-2.3883521782132444,-1.6360554108186685,-1.604820761117257,-1.7816383375370362,-2.266963403020811,-1.7054284541285627,-2.54916980869933,-2.106947040500641,-2.2799158675348536,-2.4630597042284315,-1.8455411629228493,-2.423061543671612,-2.0278984468912538,-2.066869123002228,-1.8515851316717116,-2.2469774615326763,-0.012945420742243646,-0.98906011749232
-0.5579033053848056,-0.13918252684383586,0.5684555373659227,0.05923724994882051,-0.35820733817437755,0.20930366617489282,0.3867598319258806,0.48018187417455344,0.19117911495975304,0.36793481592156035,0.20263822204891435,-0.24447206081724596,0.19932165181123687,0.5705058676868593,-1.0537386486291753,-0.27419465595360176,0.2890857970563688,0.14163503011323558,-0.6830836050070579,0.3060033284816045,-0.10193120492177363,-0.30040718607589306,-0.050636806979777044,-0.19250223861285815,0.13079721059446747,0.06425864794354316,0.17219577814405876,0.005917195198932235,0.6595572200475639,0.8771377060973033,-0.6429132828356365,-0.015595085645406606,0.4726421237228983,0.6210779086204886,-0.08005774308905177,-1.072670572644064,-0.1989835239604496,0.2689934056403728,-0.7416888782248525,-0.27356985896675656,-0.2957207715259142,0.20544355255539004,0.35458715097564425,-0.5794887446882815,-0.44102464933109387,0.9226417593083809,1.9908696465140403
-2.9575947785090144,-1.9334003322149362,-2.165939139550758,-1.8638336092814614,-3.293246860791323,-1.8837684691860337,-1.9590350179167575,-2.409689858932055,-1.8452611262711032,-1.7498577484176254,-2.187480776093174,-1.3159097422583255,-2.4095141174218195,-1.935762769565912,-2.9197375325260886,-2.3222286640381644,-2.6026369421296858,-1.6433574445286863,-3.2670184687159396,-2.507972522566993,-2.48912357833898,-2.8227593849604506,-2.1486651972270248,-2.563600443902528,-2.4976061917997048,-1.8037592064526762,-2.1259892935009876,-1.9808503772532078,-2.1306875095525144,-2.200504599584009,-2.5601321971549935,-1.647935445745918,-2.110915258844667,-2.4916720638006087,-1.800304163835938,-2.9418840519525533,-2.3346696112815875,-2.596327128116225,-3.2146506878583643,-2.1625285064343194,-2.784640982212547,-2.4640083953957372,-2.266974969492607,-1.8226738501493611,-1.8974382075581766,-0.7095142453105551,-0.98906011749232
0.7943037945502628,0.0806091543141242,0.06064840034388442,-0.14274831075808017,1.0928146099716336,0.6030781554010536,0.040617228404796576,0.23306940755112598,0.2335324305181158,0.2839283527915547,-0.021962857081222628,0.7596181092189661,-0.2255756377574277,-0.5693447426125516,0.84415765208649,0.20362676649896216,-0.0868308879220549,-0.10384590633416774,0.29541221775257925,-0.26552255439246575,0.7263021128678632,0.4889005919595429,0.0018905858530235697,0.3527565371170984,-0.030497869418074957,-0.14283139424760927,0.00933226912984313,0.0023603364231347427,-0.4705788289827008,-0.12762841215209614,0.8057104020832746,0.5238570193412739,0.1452414241891006,0.1759407520281286,-0.12624723334132723,0.8344188996685427,0.2050823973018077,-0.16414497891417257,0.23226904867792694,0.5848395413018598,0.4693780781675886,0.0315734020332078,-0.3949321161418274,0.4902286716386937,0.6658496549214886,-0.9404650101068489,-0.18094357132110372
-0.430935502574001,0.15237786652896795,0.6246330826673042,0.938716045526783,-0.7651533961817597,-0.31252659411302053,0.4520857644531436,0.4574351199246983,0.34840854669011306,0.023612028771409325,0.4077652191735474,1.0917637904657012,0.4965818109165869,0.6924802508114619,-0.8550443230290403,0.09671926667711384,0.6228300106058785,0.23251795915371037,-0.052425167746693827,0.5816923706905426,-0.2954712348717525,0.05156677289488476,0.31148847199938523,0.059839576124333604,0.5087221790910094,0.37157664686882447,0.2840616227194797,0.26728472702009093,0.5529831367914334,0.8225308518446186,-1.156969243446573,0.07899376514176039,0.5852154301528578,0.48197254718537624,0.2732294391107802,-0.873323241043443,0.0342064753240115,0.5986190576149347,-0.07412381679196542,-0.3392169352318466,-0.019500558930089933,0.39308559618823985,0.516076079722266,-0.2903759294647746,-0.9070769879637601,1.2534605804053338,-0.787030980949516
-0.08812243498482988,-0.5563381665926166,-0.7125818580178269,-0.20376478222162284,-0.06438914185244606,-0.6872436168136937,-0.860371607230965,-0.12467500019659669,-0.8537293962814922,-0.13299261237218432,-0.6620110189954265,-0.1618182968203617,-0.49159828861780847,-0.6775970076356368,0.11649783090874097,-0.4304327456251272,-0.7703157697010061,-0.7542571885419783,0.14587465015476114,-0.41831002601861317,-0.20867697246058703,-0.287881171981326,-0.6742297618673759,-0.428084753809704,-0.49083638244657246,-0.685653598893272,-0.6906518024413574,-0.6540175312906515,-0.7230080775410279,-0.45308526349809763,0.06522503025085573,-0.5866451108119286,-0.7600355816851557,-0.2114141775065701,-0.429599831484646,0.06493819969014668,-0.44994683949087966,-0.7441099345041583,0.1301380935212966,-0.15983626065785247,-0.3052381529737786,-0.3701068136946058,-0.4669000083006478,-0.17473080337537175,-0.5575377339892605,-0.6842969563659289,-0.686016412678114
0.41340038611784885,0.421510537334633,0.6653460228014513,-0.2731973187146195,-0.058889870798291666,0.20596778381947822,0.5241988068533688,0.6156284562986917,1.025771504421459,0.9507944736877816,0.5791371408219753,-0.6807002596896846,0.5348729500555807,0.3963874357764889,0.8846939526269866,0.3516501069519842,-0.003213056640586966,1.0446426382306921,0.4152280327843707,0.6424715627000649,0.2250559347542827,0.5769697303828646,0.637110547901606,0.5412881189607127,0.08841310197803297,0.6559269794229066,0.5217765424422495,0.5508397163785361,0.5745555343085359,-0.6278271971066881,-0.031816145986922874,0.1429381533722996,0.48577567613972694,0.5665058052882516,0.9073986566284999,0.8995390279914134,0.2311904118084783,-0.13551379756226187,0.33718539352064864,0.3511681312543322,0.4876563139361623,-0.03441691912207619,0.6529906062683135,0.1143820118481351,0.08328423163065637,0.3447736304399235,1.9908696465140403
0.7752586241286432,0.23311766777066736,-0.27073599609684906,0.8250991676291517,0.6921534331689997,0.4431787449738148,-0.09512496905445202,0.10899620255191529,0.1610096299044813,0.19058783820265757,0.3805015043658429,0.4075742996026119,-0.07778527616832685,-0.4138274041286835,0.5650552549224224,0.2211591418487277,0.13857370074972772,-0.12648578189585238,0.28612417007569535,-0.030464905736854953,0.501009538162829,0.47011157081769106,0.15657424698551486,0.4026519459023281,-0.0363845511703572,-0.03872404997442067,0.12448828560454112,0.07314301519614977,-0.39652433004339627,0.9863514146026728,0.42978512476575403,0.3860238471433424,-0.11742962414747142,0.18664116444621356,0.39806589925206365,0.5819122796410905,0.3023483677402953,0.3057000483992326,0.3576115845519747,0.6889651183143641,0.5061912285514499,-0.04876264111235524,0.11410907229861002,0.7070632830563238,0.7823627395796554,-1.3196792035934526,-0.43347999199960885
1.245039494528619,2.054248740222335,2.1278558257598883,1.0986212810864122,0.8492754632876799,0.9048764229515617,1.3725875409736719,1.3187099512942169,1.9218632288035264,0.5120940551199673,0.8219140298239144,1.295336949939506,2.075251582436526,2.559298184533504,1.3492000850500439,1.5438747827323116,0.8511430455831029,2.0340052002762867,1.2474371046330985,1.9406613765609095,0.799611601462358,1.4531925646441448,1.9375567142754166,1.574444684513651,1.55301952194594,2.3056199223680434,1.4981350535527258,2.0901531983911963,2.4690628028253667,0.2218554550650865,1.1554083344716661,0.9543347725589646,1.2709744884886933,1.1389778696558313,0.884928093803069,1.3593668728835115,1.6219602335734147,1.091222203438833,1.2442939679572698,0.7827245531874373,1.534325103767511,1.6956771529055783,1.5885732043329799,0.9961760982798307,0.724106197250572,1.3634918658473762,-0.0799290030497017
-0.6785227180550705,-0.8792973715594148,-0.930348747107452,0.8461393302027874,-0.3762763716380261,-0.5866097895695948,-0.6805131955974609,-0.2735628461956489,-0.7672822179500403,-1.1472928709048595,-0.6321507599203211,-0.8781509181266846,-0.7999427248423414,-0.8254909471742172,-0.6842602371453131,-0.6570802653777706,-0.6685201490105246,-0.9156471586174114,-0.6659007168048239,-0.7725754822067117,-0.7684962399369643,-0.7107819264909507,-1.003285592717281,-0.8505096508406023,-0.7015795891782897,-0.963954844447837,-0.5911241024882259,-0.8884899785743469,-0.8440710845026742,0.8552949643962291,-0.7591878453547766,-0.5024481117514565,-0.839775007073043,-0.2841769819495528,-0.850298702160771,-0.6473962652294056,-0.6455827000924185,-0.6853793060899828,-0.6404863862969179,-0.6767354289209686,-0.7077646222719556,-0.6168532319274062,-0.8162075824373612,-0.854145919150613,-1.023590072621927,0.24153453003679964,-0.888045549220918
0.6038520903340558,-0.6909045019954491,-0.7435110683522951,-0.7718491717097811,0.18386366573506946,-0.25208849782475923,-0.7136003562281528,-1.1431092245651155,-0.5453624480723185,-0.12676991139959098,-0.31796890356487084,0.12900050242793004,-0.9887113230538747,-0.623928279060811,0.3949356985557519,-0.9095380515066656,-1.1353257810340216,-0.7600788708292677,0.1723455860338777,-0.9267061403966053,-0.08422964548066367,-0.46981097107506464,-0.11682099257213245,-0.2729905895306085,-1.2778857327267539,-0.5348842417724284,-0.8749014288008745,-0.5791318892656967,-0.592929740273727,-0.6802497771892659,0.5311975251583873,0.4228156022706906,-0.4739117611756755,-1.255774429511723,-0.2648157040981518,0.4217699232552585,-1.0061366550467399,-1.2844317159145748,0.1301380935212966,0.14427850037599477,-0.5632409221594606,-1.3490588823112486,-0.8153299252159124,-0.20364208489772284,-0.6740508186474267,-1.500079426387319,-0.5850018444067119
0.7752586241286432,-0.5069971769449113,-0.04444779395589055,-0.43310255427424865,0.7149361275362077,-0.5608145012569332,-0.7195390773669949,-0.9476939266913591,-0.8923115262079462,-0.6681448960151909,-0.4984287301492002,-0.7847827773153906,0.10124259366574226,-0.1622552389341907,1.38707826752231,-0.23967923898351684,-0.7950375632972664,-0.48743008370784435,0.8991353167499817,-0.05531385716616268,-0.16175591969959785,0.2159601522562294,-0.5546782721600522,-0.13040462347389334,-0.264787803158922,-0.5266920908488694,-0.6692656850960564,-0.48984694852673605,-0.035267165652525294,-0.745778002292487,0.3956895763578858,-0.5049363016015102,-0.6812342671841839,-1.0471163873590545,-0.6942531269841666,1.4523956276304684,-0.27540231472332033,-0.7954992343665622,0.7754200374654647,-0.09599939130367835,0.253821884580472,-0.24042148690248363,-0.7679364352576649,-0.8396902783894377,0.02502768930157301,0.2598372882436143,0.12210013349310239
0.26738741288542456,-0.37691638605550654,-0.40960183841487086,0.10973364012554605,-0.3291397626024214,-0.6894111146312589,-0.9604814778571606,-0.24254454494584662,-0.6338402648209529,-0.06869136898872177,-0.9177706293343679,-0.5873321188783907,0.1472591380696215,-0.5022588318940205,0.26601697224663473,-0.24790030238281863,-0.3413199396482604,-0.7377624220613221,0.643714005635696,0.13743341473143847,-0.7935287482375232,-0.0041176931333804555,-0.18733648536468447,-0.23782338119844076,-0.23064504899568308,-0.41248329773003006,-0.8707887139267784,-0.42254888299076865,-0.402963851690292,-0.19315663725531876,-0.3482927747984176,-0.6778759507594431,-1.0743027288021247,-0.16647244535061045,-0.7504295340477445,0.2762463711868054,-0.2505922927850413,-0.2669235786389805,0.48759643656950413,-0.7779213536849777,-0.018244183522494153,-0.2782941929568201,-1.0005155989416576,-0.434932337076528,0.3163104009469898,-0.388058185165984,0.6776802589858136
-0.3611032110280588,-0.4890549988912003,-0.5626698691517809,-0.83707367568805,0.07309263450139909,-0.4383446817135914,-0.5787065475030243,-0.21772990394600508,-0.5079406829556833,-0.5374681755907352,-0.19722959513075128,0.7871693638845928,-0.18929982173101167,-0.776091322008753,-0.056944373043216735,-0.16912247801710653,0.0193274022265914,-0.85743033574451,0.1779184146400078,-0.23832302647660214,-0.1341307587536235,-0.15289577739593518,-0.5415361309214333,-0.33149280021299077,0.0925337792046312,-0.5542611244756067,-0.5154501488048527,-0.4885472019243143,-0.7201102927999246,-0.49240219856003054,-0.10175573246460093,-0.4181256577405616,-0.385729337805541,-0.18894331142859103,-0.3859070704351966,-0.07526942353562432,-0.2548973710303665,-0.1267042033001362,0.17006201235525295,-0.19415283269555508,-0.25338227123122725,-0.16295458815497624,-0.31945359509721094,-0.261464647942424,0.3163104009469898,-0.45455421964741244,-0.5344945602710109
1.0799813508745733,0.34525628060636115,-0.09399765132845804,-0.5635515622307895,1.1242390159953701,0.8167727973766256,0.24423052459366915,-0.26322341244571534,0.3524698235244762,0.024649145600175372,0.2766397336698264,-0.17406329889397595,0.21779544700987388,0.18994579233809958,0.28595285775835466,-0.37523628181389,-0.5230978337384071,0.2357522270910936,0.7923227684658254,0.21802460855621952,0.6190199344368947,0.07061616623982586,0.7418771287154836,0.43303256714640087,-0.37781209280274763,0.44151153799907084,0.3218985995611669,0.32081059409300466,0.11541764088484358,-0.8702816299886083,1.216605472639635,0.8612890176619992,0.2296714040115699,-0.2092740950229534,0.223294855054267,0.29618110434686634,-0.4269481640949866,-0.5679180492616307,0.7800623536089476,0.6492024536899755,0.02458065563964948,-0.4160131240634994,0.3510765220898476,0.6781520015339733,0.5493365702633219,-0.8063206851314317,1.1322458162071227
0.3753100452746078,2.4714043799711156,2.8411212885751813,1.077581118512778,0.26006785034262925,1.539684926625517,2.3736862472356304,1.4117648550436253,2.8327496045107767,1.092879479228658,1.263326555281986,0.9279868877311349,2.659695285084332,2.989257885047729,0.5052475983872644,1.9566538287822575,2.3126373140678824,3.1013136196128226,0.5554775527053062,2.6794139866214017,0.9730511232590905,1.2733950027811105,1.9975033234340294,1.496526040819319,2.2535346504675675,2.759461260550333,2.2548745903864567,2.526224577907032,3.071158076810151,0.5276538388801207,0.0538598474482334,0.9955676329312829,1.5148833190869377,1.0854758075654034,0.772575279675914,0.5221080801609038,1.9047640163201167,2.1850801576528562,0.5015233849999543,0.658485566053646,1.2471149837084676,2.3670569420506373,1.9922955261995328,0.8227084091457266,-0.09148539535659371,2.131060899105889,0.07159284935740137
0.9847554987664697,0.3407707360929336,-0.18426044883517165,0.49687263148043787,0.533460182749132,0.5243835346379866,-0.012831261844782123,0.5959835321738169,-0.04321457662351319,0.5183167560925607,0.37790496009844204,0.5958412064844,0.1126627579703547,-0.09394958438441298,0.4248395268233299,0.3573497074858572,0.031688299024721506,-0.12454522113342224,0.7468113348490986,0.03669442245046242,0.3546140655122367,0.3920210211506031,0.5488128157576777,0.4636957625140704,0.4369046617131619,0.22688238556540938,-0.06880931347798797,0.27787430757267306,-0.13636765550879357,0.4118873078644288,0.33449243818991703,0.5057120516784457,0.32160627092936966,0.32681656712313495,0.5865689540654014,0.41180255667522714,0.20191254085263263,-0.12743833615531275,0.7387457399319476,0.4731327558590237,0.3623429990881996,0.3982500561047405,0.2992947460243546,0.7359745645786744,1.2484150782123222,-1.0422711068630943,-0.5344945602710109
0.04519375796651644,0.856608355137125,1.103404634477392,0.20651838796426938,-0.43676835323371765,-0.09704841107613787,0.8822188526521366,0.6487146442984804,1.2607453784096347,0.3637863486064991,0.45709956025415577,0.4351255542682385,1.108904149955065,0.661376783114688,-0.5599932174555967,0.4031317277269261,1.0939983120875392,0.8230952845199265,0.09804120461881306,1.1105720801656669,0.002296411484424604,0.3041770694975207,1.062484440197705,0.5505271999741981,1.0985676906697246,1.0400637455251287,1.0111896124597166,0.8226900309993417,0.6560154831417706,0.6237619023648453,-0.6367935690188403,-0.05845886037322214,1.0158083272474523,0.8211756208386894,0.9123921150341512,-0.5490515816397665,0.40411140246316163,1.0926904691491872,0.0781441527142843,0.10586188704433824,0.29969309637071084,0.9961797486595708,0.9592929765540256,0.591418156966921,0.6658496549214886,0.4046904762559612,0.4251438383073085
0.5467165790691934,1.0494867692145182,1.08951805024559,0.7009622084447017,0.5020357767253966,0.5370541075943815,1.2665389492086339,0.9475242796715788,0.907124202617553,-0.023058228523039247,0.6622265573787889,0.4917586888586963,1.4861054591927019,0.7995127720033004,0.07263888278295902,1.2681071458232658,1.483003005440453,0.6167489901148631,0.044634930476734884,1.4524130606391126,0.9686257333988126,0.9680558165096017,0.7513343650642013,0.8819054654360782,1.7549327060492328,0.9811528328782548,1.0967340818409204,1.0216353980550892,0.8904140710887886,1.2615699600362034,0.31088782775370094,0.440488022953593,1.265345823167195,1.0405340754094436,0.7700785504730879,0.025068733370022852,1.2196973116344534,1.3980897369029017,0.0776799210999364,0.8032557033650886,0.8641501444124313,1.6032907032881805,1.1304361347365866,0.4613173901163431,0.6658496549214886,1.2042848138225588,0.7786948272572157
-2.640175271482003,-1.9647991438089303,-2.2609991207011855,-2.4357052280328726,-2.3234896908988296,-1.9905464302436577,-1.9639556725746552,-2.2064165914083484,-2.128158066904769,-1.6816154610848544,-2.2220148148495995,-1.4037676321364938,-2.2922223122697427,-2.075240476668895,-2.7586555775913983,-2.239388716692255,-2.3606542095168828,-1.7563627662608636,-2.7518104640792336,-2.353707545720725,-2.382797999332354,-2.6545462750089204,-2.2191238724916653,-2.5082724305024406,-2.381991762184875,-1.8272270568618272,-2.195082903385807,-1.9939895522285909,-2.0979747395862827,-2.0803695202281034,-2.369022277104737,-1.9610434019123202,-2.030988211279395,-2.1447646932062736,-1.9583471223748026,-2.6857891799562887,-2.1725695380933647,-2.221478892262749,-2.9049153547651634,-2.3100804830840755,-2.575080266108131,-2.246068186919418,-2.0617787111178236,-1.866040772432887,-2.013951292216343,-0.5837484533694848,-0.98906011749232
-0.2658773589199553,0.3228285580392224,0.40345766835714586,1.7807433517236748,-0.3384099623794242,-0.4088617571139786,0.05758500308720287,1.2362012699697418,0.2569137814359519,0.6253472128211617,0.009974637407802845,-0.10059328645230131,0.11588727495048065,0.7075440871273503,0.05243718546441678,1.0552695813671353,1.2016108253889055,0.6065933887914793,0.21042658150909815,0.2078163906717472,-0.09781872141525284,0.3754866825457739,-0.03979289357304958,0.16906524705689135,0.9036007910341248,0.13011002931801305,0.23240592390082943,0.27577959080596653,0.5160846777547192,1.9548585816282888,-0.17239471480705662,-0.45032743441510503,0.1655046193464927,1.4927335041977405,0.20282167559109632,0.048857514941028676,1.0835696106427,1.101793716553385,0.1903025107408388,-0.18701411928789238,0.5628645669644176,0.8079638761471104,0.4209380369171909,0.1866602156540118,-1.198359699609177,0.6721935080952828,-0.888045549220918
0.4641875072421714,-0.2378645061392462,0.13323736337375972,-0.6266720499516953,0.016528703658674322,-0.7526607652314474,-0.7144487449622728,-0.17016850869630692,-0.4481818952500484,-1.2821180586443774,-1.099528728052397,-0.7097821396145158,0.4461987331021207,0.0344284538542306,0.5185381887284117,0.005172064010437906,-0.0868308879220549,-0.6148602404407518,0.6112058387666044,0.45979819003056166,-0.5889475940906906,0.22796542194461794,-0.24090141566369128,-0.09291437483282612,0.26383621819605413,-0.2874059523167821,-0.2538814828123242,-0.2820021426681117,0.18303261817725242,-0.9139671133907566,0.12379943392591145,-0.7565780229913931,-0.9898727489796555,-0.10226997084209755,-0.9751351623020544,0.5420428133209667,0.04398106887762392,-0.05402505063759308,0.5897273917261359,-0.5002015754718337,0.25991462983666364,0.35865586341156963,-0.6143464215040848,-0.434932337076528,0.08328423163065637,0.4763818356292525,0.02108556522170035
-1.8212329433523122,-1.6014700382212825,-1.5450194618769495,-1.4278814407557339,-1.1389467058340994,-1.6265207453493975,-1.6656621936579568,-1.9342826951100807,-1.8069110693066133,-1.3733843395757424,-1.6707684668804899,-0.9690700585232552,-1.84038687042961,-1.3887076612520695,-1.8031950379664041,-1.878964332148954,-1.866800026852772,-1.0702451660243404,-2.0253922552702055,-1.8484679197675367,-1.7109940179371177,-2.0686623732865757,-1.710578177200159,-1.9194191805885432,-1.9971205092206399,-1.5087923251145985,-1.7431777930200985,-1.6493364210030965,-1.4579506831012796,-0.8497494527896001,-1.4320066672700429,-1.69016525479093,-1.7347327931912198,-1.7432852192797028,-1.67696574121635,-1.8202230661463927,-1.7636459526820683,-1.7978842348255062,-2.1203639265165,-1.842301356707928,-1.9322551133409875,-1.8373872588603481,-1.8472792861956808,-1.3022707827470485,-1.3731293265964264,-1.1089234530472658,-0.9385528333566191
-0.018290143438885884,-0.09881262622298584,0.10767342421976021,0.8734915415485126,-0.06753158245481902,0.7570365575245283,0.3570662262316693,-0.20635652682107752,0.20162239824811679,0.398011203955761,0.12863671042800232,2.1785077244987954,0.15565631770536584,0.005764473819949068,0.1909251368191595,0.052372670204176915,0.12403146922251577,-0.22092640566744848,0.03813329710291602,0.18881030079473632,0.010357475169306877,0.07365618763805779,0.058580480187153894,0.034671744928253964,0.24676484111443428,-0.08843442162498151,0.28981942354321527,-0.014241105032588672,0.1637140532365643,1.3139925401187813,-0.171695318942279,-0.0012764939704759282,0.208094853612494,-0.10441005332571424,0.44425538950433824,0.16461186549045717,0.02258923315642856,0.022324766300834777,0.09160686953038528,-0.05473595684716262,0.002492765409332193,0.20601738143500067,-0.14392215080740506,-0.5361218224047556,0.2580538586179065,0.8354641742679003,-0.686016412678114
-0.06907726456320847,0.4125394483077774,0.4087598187001978,0.9955244844755994,0.024384805164609002,0.4393185345749128,0.7040572184868735,1.3083705175442835,-0.06497141680760354,-0.20040520624194205,0.4869598193292602,2.492285902635113,1.3050622662460531,0.3046017124752257,-0.32142712083202374,1.0575481587445252,1.8152929958372408,-0.027840609805657043,0.5805552814328903,1.1864621210173352,0.4021460306781798,0.8276237169190457,0.4276679649415368,0.5674332507168532,1.458832613909419,0.39146587194893007,0.5374048589638154,0.536913379141814,0.3733204828430329,0.6652631115968852,-0.030067656324981262,0.4023120815399122,0.9792220026577155,1.347635911808499,0.5441245576173656,-0.3629940721458529,0.9155559500906372,1.6117223977594657,0.609689351143114,0.3399200934403514,0.6284108878258698,1.3341649587505455,0.7697190167210343,0.20111585641518684,0.6658496549214886,0.9181952222955243,-0.23145085545680477
-0.3484064307469791,-0.5383959885389057,-0.28209774683195943,-0.7739531879671442,-0.73765704091099,-0.7773578546498764,-0.452296626119099,-0.504132218819182,-0.40408803247695835,-0.3819006512759076,-0.36989978891287906,-0.4602902223646629,-0.025050988055852538,-0.7102251551214678,-0.7367580689928398,-0.6205085301943938,-0.35149950171730865,-0.6352361284462674,-0.24050813320357742,-0.0989674204879184,-0.5969043556576537,-0.5375781147439892,-0.26668339825649595,-0.4681322202101646,-0.18649493585356372,-0.405867030484495,-0.47843571493798526,-0.5006622402966561,-0.5600881798745566,-0.5448247786426084,-0.7854151902839069,-0.7544787434876501,-0.48985964625325323,-0.38904102364679044,-0.11875704573284993,-0.76966262861112,-0.5690679163100206,-0.2852769000184104,-0.1033704084959095,-0.5473288425714012,-0.5622885085440245,-0.16123310151614267,-0.4967403538299145,-0.8830572006729638,-0.03322885302751035,0.3472686375114817,-0.787030980949516
-0.8753228124118173,-0.2647777732198128,0.33427723054780484,0.174958144103815,-0.5318271814555198,-0.046911090130401095,-0.04761519994371485,-0.014043059072301457,0.35305000592938557,0.08998750581240249,0.24677947459472105,-0.14498141896914482,0.024660315387753703,0.3814455738437256,-0.37458948219660704,-0.1614465388933857,-0.026480627084126292,0.29073478202661174,-0.34499866956851244,0.09915259766466708,-0.3058269451508526,-0.31785212368287785,-0.34657790036658315,-0.36248540519435396,0.13786122869720685,-0.15442882016203838,0.005219554255746418,-0.19288502696947754,0.31246700327986426,0.04492924728638744,-0.5380039031191189,-0.5836174646750563,-0.052699972950244395,-0.16647244535061045,-0.4171161854705175,-0.36565203656719586,-0.29051912849410744,-0.23315346730082992,-0.3071680871948223,-0.3092634260050694,-0.42090574695051997,0.07747971240210062,0.007912548503277385,-0.8396902783894377,-0.7323073609765101,1.6480278068278265,-0.837538265085217
1.041891010031332,1.2782495393993338,1.0642697152786775,1.0986212810864122,1.548468497315807,2.042750848664223,1.4828780764093121,1.380746553793823,1.3126717036489968,1.1965911621052097,1.0556030138899528,1.0963556662433058,0.8257512526377659,0.6625965269459345,0.6248629114575802,1.2639040061385747,1.0183787081460378,1.0055079961883522,0.5229693858362146,0.8157426294233435,1.710765102997597,1.2032352496783918,1.1496458217834076,1.333585370765676,0.9466913014608332,1.0151093814966083,2.0821405656744085,1.2307700784549396,0.6273596118130834,0.8771377060973033,1.601273198266866,2.3295719390945173,1.4492155570027947,1.374386942853713,1.2469538282127908,0.6483613901746308,1.2391358980887448,1.0031262608175693,0.5293772818608534,1.7865384367790127,1.1734211358758204,1.012820786168295,1.3077228934692902,1.5021235249209677,1.3066716205414057,-0.3542481392869162,0.07159284935740137
-0.4753742335577837,0.13443568847525733,0.803896260932387,-0.7823692529965982,-0.8170036661209239,-0.39127901481788974,0.25865313307371446,0.1389805604267251,0.7896372656234647,0.22999827769574674,-0.22059849353735503,-0.43580021821743875,0.5167350420423731,1.145920020077172,-0.787926841806253,-0.3787890608763634,-0.3064185839829519,1.2280256302803336,-0.7745708746243565,0.5249427383722595,-0.5174708427110576,-0.3289918317231596,0.3552256168546007,-0.102487549009016,0.12078985161558699,0.4766754598151627,0.2149680128346606,0.23947984229743488,1.0510801361788464,-0.14073405717274098,-0.6997391968487507,-0.28104521524516707,0.23060951489848605,0.4102797839842027,-0.18991382801338152,-0.7716561019271263,-0.23337197980374152,0.3174461740820675,-0.8656387192558539,-0.519154596547661,-0.2490997873150128,0.12109070725254843,0.14658238949222388,-0.7963233561059115,0.43282348560515654,1.5502016128954712,1.8393477941069372
1.2196459339664594,-0.05844272560213615,-0.8261993653689355,-0.7318728628198726,1.1242390159953701,0.7637207079371724,-0.12057663107806085,-0.28390227994558404,0.02756767677539401,-0.02720669583810049,0.30260517634383005,2.213712105460431,-0.568180566895797,-0.7096152832058444,1.0634523927154016,-0.2841437001646874,-0.4358444445751365,-0.1652969971444533,0.86662714988089,-0.6281829266039799,0.8408854395531609,0.2190986928664413,0.4129530486549372,0.37495655942391803,-0.7957664972148106,-0.1528212871995681,0.0422339881226139,-0.09813500289860015,-0.7571375422695773,-0.5863259878746483,0.9281046784192122,0.35704375359565826,-0.14557295075496096,-0.03806749633358312,0.03604016484234181,1.02712132021581,-0.1774706535624585,-0.3550195212602443,0.9518280509178263,0.4114000586406151,0.17372457499298072,-0.7775253182185314,-0.061422371991195865,0.7648858461010255,0.7823627395796554,-2.001170573276766,-0.029421718914000673
-0.6404323772118293,-0.30514767384066244,-0.0027880412604842724,0.2233505180231774,-0.3739195411862458,-0.13239307548790144,0.013468788912946858,-0.04919713382207809,0.07978409321721035,-0.0655800185024251,0.22860366472291802,0.0922654962070938,-0.35757930163132917,0.35156184997819745,-0.5726192782796854,-0.2728034314510572,-0.12900335935096882,0.2102015103857647,-0.6450026095318361,-0.29608004871769505,-0.26817388058209474,-0.37542956599846916,-0.3352308636329889,-0.37279233538209144,-0.03932789204649916,-0.2656456591433212,0.17713103599297458,-0.26779781716272066,0.2017072309532515,0.8531106902261222,-0.7382059694114735,-0.0749645500171918,-0.050823751176412114,0.07642691653993192,0.013569602016910822,-0.5457291261130888,-0.34683990249462965,-0.3535512555498902,-0.47475569997456724,-0.3093717289826458,-0.4458711421466212,-0.2702605886422638,-0.09828397529205525,-0.7240451523000349,-1.2566162419382603,1.3602747227495924,-0.888045549220918
1.3402653466367225,1.1840531046173508,0.7707578212883133,0.5094967290246196,1.3041437404812584,1.5273281247817594,0.7295088805104823,0.478113987424567,0.7432226732307389,1.3697896725090513,1.374977958780204,0.13971487924234197,0.9150972439620858,1.021506149290077,1.2169587111556395,0.907060183053259,0.4577756827720255,1.163016844738926,1.6189590117084232,0.9315924705464665,1.3696971774024764,1.2797424548672345,1.264800128895855,1.333271572982014,0.7288840766263784,1.2427488967117117,0.724122114247791,1.2295535712775993,0.8672317931599627,0.2109340842145486,1.3416224834684856,1.6005281311971085,1.004550996604456,0.3193262784304743,1.7550382209878155,1.209856374183046,0.6899973958586011,0.30129525126816925,1.6351769872385564,1.5905874066358667,1.1499350214015658,0.5428549337667532,1.0163406959482117,1.3575671173092143,1.4231847051995723,-0.06491795191875192,1.7888405099712361
1.1434652522799755,1.1571398375367845,0.4535756132664689,0.004532827257368711,1.4416255168351035,2.0144701628540864,1.656797766903974,0.6352733804235664,0.911185479451917,1.2546697045160788,1.6229479363169437,-0.2949826943708966,0.6447080596911172,0.7681043683487151,0.8069439991312807,0.9111665052990449,0.9660266746480756,1.043995784643215,1.109973999015228,0.5867293203045916,2.0262194084923237,0.798131287104251,0.9139436596191052,1.1729864752169719,0.9113712109471381,0.9656465636550828,1.5458425460922436,1.1168525501125441,0.435139890653235,0.833452222695155,1.691320415856877,1.7090717543029794,1.616199294873901,1.1807094780863652,1.4179797786063497,0.8118262020871406,1.1826648741446146,1.043503567852315,1.0734567338770868,1.8702566384453818,1.0746200440107303,1.197593685403089,1.3612599839776809,1.5599460879656692,1.539697789857739,-0.3755226772144156,1.687825941699834
0.6927295523016195,1.4038447857753107,0.8969994961228783,0.8671794927764231,0.45647038799097944,0.7577342853934208,1.3810714283148755,1.6702506987919803,1.138616982176274,1.5492108838854846,1.2243783912709798,-0.03630702556583628,0.7753681748232998,0.830311303742263,0.38563228531695054,1.2274922302020865,1.4255611909079662,1.270717967053795,0.7783906969505001,0.7317934691891969,0.9860143864861656,1.0636898229956537,1.1743902669100053,1.1398425600570705,1.2115919803135495,1.1545354470563491,1.3171755990924858,1.1869987053034645,0.530766787109642,0.9863514146026728,0.5346945044822717,0.8969600418989037,1.6180755166477345,1.94150880101225,1.384273934368203,0.429079325413947,1.3040355265083319,1.4362646453721157,0.7289968760306325,1.1183090651341272,1.0488643481550126,1.2251374716244243,1.4744777655446049,1.6900468548162473,1.539697789857739,-0.40687706784016936,0.6271729748501126
-2.164046010941485,-1.6508110278689878,-1.3538895661774175,-2.057403104958908,-1.5067693783419298,-1.5165902103232158,-1.3218950785924095,-1.9764675848098123,-1.6102872522829277,-0.8766053785970597,-1.2799885546367267,-1.3189709927767281,-1.6295840728538844,-1.3777299667708554,-1.8445287739273686,-1.8359651818583604,-1.5868620699539457,-1.2135232356504266,-2.0577146611857584,-1.6644513605342866,-1.6544086289358058,-2.1152788495607626,-1.8974411451912958,-2.0135394692544435,-1.7535296183111864,-1.5312290982411547,-1.4268277649046062,-1.6649035845565507,-1.3698580269717409,-1.9056275866195114,-1.8388802116039362,-1.757666709049126,-1.5949542710406868,-1.9106396694985612,-1.485716284279904,-1.8295259416210885,-1.823928316862389,-1.6390178849651607,-2.2490489300138545,-1.7168462818544963,-2.068946055804836,-1.7616418467516741,-1.7052743477652283,-1.8515851316717116,-1.8974382075581766,1.082983723404451,-1.0395674016280212
0.5022778480854124,0.36768400317349986,0.3446921687216559,0.8461393302027874,0.7392900422046033,0.14538518767671282,0.15939165118163887,0.8120776975474421,0.1116941254872102,-0.45242459563196347,-0.03494557841822492,-0.44957584555025315,0.8794932023065296,0.4216971202748443,0.6182176162870076,0.9462375701793739,1.054734286964067,-0.18470260476875378,0.8619831260424488,0.7418673684172948,0.26960783940825445,0.8316770787833541,0.41562923656380385,0.6179703057164362,0.9996714372313769,0.21087599497613532,0.4288291862876721,0.3756386757836401,0.5339865479330899,0.6587102890865644,0.5346945044822717,0.22485605416675578,0.3891502547873451,0.7216617853504929,0.14839297896949674,0.6350715680679216,0.9656392646266528,1.1205875176459215,0.8264855150437799,0.45069856764681987,0.8745929206497609,1.1103716957021919,0.20187479444351233,0.20111585641518684,-0.14974193768567706,0.6920307055589195,-0.029421718914000673
-1.8783684546171746,-1.6373543943287046,-1.7130471310817552,-1.4931059447340043,-1.59475771520839,-1.4226075049535885,-1.5597832796397426,-1.6447785501119232,-1.8577930662171394,-0.9309503004243729,-1.5791104542412555,-0.846926162838974,-1.9059520490255017,-1.506412940967311,-1.8842676390473954,-1.8074309778857505,-1.7570061788223235,-1.3139149124268086,-2.3271609242921376,-1.9167017972058507,-1.6538900984067229,-2.0514088444342944,-1.656015234671753,-1.9248586544086148,-1.9897032902127636,-1.5200894901938151,-1.6849417504028936,-1.62801160212229,-1.651780284672852,-1.8711160547318142,-1.7365935663803316,-1.2758168263659402,-1.7829516927787186,-1.905717479786242,-1.5586207770024132,-1.8502580641075528,-1.8709548797678899,-1.8362059698657556,-2.284237686381458,-1.9523093325882122,-2.0403371719267063,-2.025947428700576,-1.8621994589603144,-1.4612828311199775,-1.3148727842673429,-0.9573972742671588,-0.98906011749232
0.8006521846908027,0.2645164793646617,-0.45694246647783276,0.12235773766972631,0.8107805659086025,1.1741746089404066,0.800773534176588,0.18757589905141572,0.5091190728499269,0.1916249550314236,1.0114617613441452,0.39226804701059514,0.12139582479152948,-0.5510485851438613,0.5098993050066651,0.24974343832233759,0.3843374135596058,-0.41951045702279227,0.5234337882200596,-0.06673094295800676,0.9941648519864076,0.5062681216142568,0.45973281330192617,0.6223072720995839,0.21262208695119542,0.141807542177513,0.5300019721904429,0.29532497065625213,-0.5855242903797959,0.8705848835869809,0.9254819439262991,1.4242179257044807,1.1039907506175868,0.3043457010451544,1.125862461875746,0.46894879173407084,0.2506769947725333,0.27927126561285354,0.5251991973317184,1.2274011072611961,0.46585212137852805,0.18076891073210966,0.7311020989772772,1.2419219912198114,1.0153889088959889,-1.7731162655298922,-0.686016412678114
-1.4593747053415198,-1.0497480630696692,-0.8852804691915124,-0.04343874341052048,-1.7248547561466576,-0.8156049018535411,-0.6777983516482756,-0.4131452018197615,-1.0913140910917587,-0.5532323513879711,-0.7824906730028057,0.1014492477623034,-1.0164556045703739,-0.8548867735072464,-1.4872777055573607,-0.9121988472950417,-0.4687098878266349,-0.8042589708539261,-1.6604648620454676,-1.0359743673573711,-1.1762817602740991,-1.2237067220730382,-1.0563004634707118,-1.1895477045898368,-0.6265832636542095,-1.0192167512776793,-0.995650737504344,-1.0130481080765048,-0.9445276221942535,-0.053363090368445706,-1.5007223109843608,-0.9396184683910395,-0.5044941760891478,-0.4592357291094325,-0.8198386058862978,-1.4570122279700617,-0.8494318069169094,-0.27925701060595787,-1.5265188454421261,-1.2385648610242501,-1.1647002523668297,-0.4961196356572177,-0.8795744338259813,-0.854145919150613,-0.2662550223438438,-0.31378525203958374,-0.888045549220918
-0.3864967715902201,-0.3993441086226453,0.12692527963203093,-0.83707367568805,-1.3032963493382388,-1.103754126004296,-0.29025437790212144,-0.24254454494584662,-0.030450563715513586,-0.8257866539875491,-0.9567187933453738,0.13206175294633252,-0.10129737914841162,-0.23391518901989453,-0.5380637433927048,-0.6235309180698156,-0.704875727828554,-0.013286404087431924,-0.6148164545819671,-0.04053880496495294,-1.0822966118475468,-0.6366814049090426,0.03709274988503842,-0.4871911423143598,-0.10702473219774836,-0.19505584717651311,-0.286783201805095,-0.38722260946214193,-0.06488896522824694,-1.0450235635972003,-1.213795157459686,-1.18149394007367,-0.5208173055214919,-0.0594683211697546,-1.0001024543303114,-0.46798366678884745,-0.5367975673106475,-0.325654207053156,-0.5801362764316369,-1.134702305528716,-0.5715897393841306,-0.054500929908466535,-0.544133843788162,-0.9842466860011911,0.3163104009469898,1.041830304227257,0.6271729748501126
0.8577876959556651,-0.45317064278377844,-0.5427868053653371,-0.8412817082027777,1.065318254700865,-0.04781524636287099,-0.9401201482382732,-1.0055947556909908,-0.6628493850664067,-0.10602757482428034,-0.21280886073515345,-0.7648846489457712,-0.6279684859022968,-0.6016679541405714,0.44610447136916515,-0.7064866253970262,-0.9048314113277154,-0.7283830450429104,0.2294670792467084,-0.6171016374530721,0.10709023938789687,-0.2620339530097826,-0.2255483314911322,-0.21428230269179227,-0.795177829039582,-0.4750921629090891,-0.7465847247290684,-0.4977838613630344,-0.5237048825695938,-0.21281510478628446,0.6527175566633534,-0.09812771569693499,-0.9016903256095209,-0.9144312733747931,-0.17368508819501435,0.4005062078845242,-0.6923166929688379,-0.8013722972079796,0.35946851100936766,0.028518089201022712,-0.36648307674083747,-0.854992216966038,-0.7705694069220115,-0.0012631142412677413,0.6658496549214886,-1.4155677263261797,-0.5344945602710109
0.3054777537286656,2.081162007302901,2.9957673402475247,0.3201352658619007,-0.11702502194220404,0.21123583565797965,0.9653609485959266,1.6599112650420453,2.577469346350783,0.9787966280644501,0.8089313084869121,1.004518150691212,2.7604614407132644,3.190515617203322,0.3723416949758033,1.0885171108329348,1.5200856958348432,3.1659989783604914,0.8108988638195919,2.8641021391365244,0.0748608849509266,1.139408874488658,1.9728000504291066,1.2937908160117486,1.3410989788637673,2.681917380064395,1.3829790370780273,2.148681059379939,2.9037305139908534,-0.08394292874994928,0.47349736631430295,0.1522176378719114,0.7643946095538761,1.1817795193281726,0.6727061115628876,0.38256494804046953,0.8626763171596936,1.0545155606799732,0.7939893020393979,0.15425784616694033,1.166328694058746,1.2308757604205371,1.0356491548200903,1.0106317390410062,0.4910800279342399,1.7455249704142426,1.334274952749927
0.3054777537286656,0.2555453903378061,1.136858678308552,0.8250991676291517,0.605736316603725,0.2554527911363097,0.49874714482976,1.111921276295533,0.1581087178799361,-0.5353939419332046,-0.710047087942334,-0.9087634233107158,0.9030053052866135,1.010223518851051,0.22614520122319678,0.6312230901554331,0.46577391011199193,-0.0391605475864989,0.8852032452346565,0.97356705066354,-0.043894526451131254,0.6668685113143817,0.1135493798352745,0.33041600833998225,0.4404366707645316,0.23830433029874995,0.2560951615756242,0.30465406848616866,1.2874105806199334,0.15632722996186388,0.3511030899783654,-0.16480702184669282,0.3610069281798556,1.0212733330568888,-0.5631748438358193,0.28953619329351266,0.5739251408118398,0.6801078045396035,0.8172008827568139,-0.01763445110035928,0.6309506574670306,0.4332536177610214,0.39495938316229906,-0.04463003652479387,-0.49928119166017726,0.9884507437329552,2.4959424878710506
-0.13256116596861078,0.35422736963321677,0.4267492573641231,0.06765331497827451,0.5428875045562531,1.1443746103743384,1.2622970055380327,0.750041095047836,0.5004163367762904,-0.52502277364555,0.44541511105085346,2.0453433269482604,0.6746020191943676,0.1625015561350638,0.15969224951746622,0.6941544254445081,1.0111075923824322,0.18400394009295876,-0.020381403261447183,0.6814239730487088,0.9739451414126817,0.47954126682146636,0.6921412057322388,0.6030610080349923,0.8348443481674648,0.27201238503031216,1.3583027478334493,0.4383374826275571,0.2248895088820774,-0.3023703457606882,0.12379943392591145,0.6565047202550603,0.7081079563388969,0.6681597232600649,0.2607457930966517,0.20979726065326504,0.6712745834412203,0.9957849322657978,-0.046269919931066356,0.20902820911259676,0.48065843800998204,0.9324847430227319,0.5090548219506726,0.05655944880343342,0.19979731628882308,0.8731404387082911,0.2736219859002055
0.5848069199124362,-0.3544886634883678,-0.08137348384500134,-0.9422744885562273,0.943548681358887,0.29851374777860523,-0.5702226601618211,-0.490690954944268,-0.584524760403681,0.20095900649031215,-0.32056544783227076,-0.03630702556583628,-0.38008374305512366,-0.8346390259085628,0.43879464668153384,-0.37814080498107794,-0.581266759847254,-0.7862764411220737,0.4997492666440067,-0.3964832443577348,0.348877449026692,-0.05288470306335428,-0.30303014727107247,-0.09923716599616095,-0.37192541105046456,-0.4896981510014276,0.034008558374421065,-0.41645512885270913,-0.6830830433302718,-1.001338080195052,0.5871491943405299,-0.040397529344008726,-0.7834883538580639,-0.540986879983606,-0.45082202970866353,0.46894879173407084,-0.3680376653719983,-0.45045679243327963,0.45974253970860507,-0.00958908705184508,-0.035401138013321024,-0.4389662792479454,-0.5529104160026524,0.04210380804225839,0.37456694327607315,-1.2543404328120054,-0.736523696813815
-0.31031608990373805,-0.8882684605862701,-0.7659820864728483,-0.829499217161541,-0.23392381235050205,-0.9468561839834758,-1.0955449643291126,-0.7828833527174086,-0.9961061584461799,-1.113690285652857,-1.182098835755731,-0.6099853727145751,-0.65316002480953,-0.7735298599631363,-0.2213489755631935,-0.8330779524392924,-0.8340107437901939,-1.118371072932606,-0.18004294282706737,-0.6355704527045848,-0.7478950816177063,-0.7173700469377677,-0.8220039175403899,-0.7894580283138436,-0.8263772423266798,-0.8734840174133236,-0.8620697583936939,-0.8987029848653196,-0.6825034863820512,-0.6819971965253524,-0.4673649207766644,-1.058308887887113,-1.054414777999499,-0.6766681094449313,-1.0929807806754264,-0.28936845767468994,-0.7090887602850409,-0.5899420349169474,-0.19686665562566205,-0.9516702734250112,-0.6242048501364335,-0.7211753222407153,-0.8607925692869722,-0.8396902783894377,-1.023590072621927,-0.34692411588814626,-0.686016412678114
0.1467680002151598,0.5874756843314599,0.43306134110585187,-0.20586879847898595,-0.3181412204941137,0.4395786343130203,-0.07815719437204571,0.4005682343000605,1.0266417780288228,1.4932065751321475,0.26106046806542327,-0.1801857999307809,0.1170292913809416,0.7821314224080447,0.26734603128075,0.17972127799684506,0.13566525444428493,1.1251759098715401,-0.34174785288160237,0.22608372793869697,0.01984896789993545,0.35243740919445565,0.8549851813806894,0.48474831531347023,0.09194511102940264,0.7206469458823093,-0.07950237215063813,0.5974737629117308,0.8250529263727931,-0.2980017974204728,0.27766652417680415,0.5383847026002427,0.0551827790451331,0.4990932070543128,0.40555608686054095,0.21245522507460612,0.0889767533786895,-0.002635750775190158,-0.25703107284520427,0.3483058382755339,0.19538016400778088,0.06485547705065511,-0.08950740307756483,0.6203294384892721,0.7823627395796554,0.20223119077556168,2.344420635463947
1.4481879790259073,0.7534408313282869,0.6258954994156497,0.44216820878898605,0.9906852903944918,0.9926167346066015,0.5182600857145273,0.3623123294253035,0.5848328766905617,0.033983197059063906,0.7764745051444069,-0.5046783548815086,0.2953853868441518,0.3622346085016,1.0933562209829797,0.7050484920483958,0.40178809139225957,0.36900406611129155,0.6627545033733062,0.34697051867586803,0.8787620086603168,0.8209103363312825,0.9911413877594887,0.9839553148123032,0.6605985682998998,0.6655894119565845,0.38523440862225056,0.7466029142538673,0.44640905353530297,0.8924276252880551,1.3529876662711078,1.0069003967861494,0.5551958817715347,0.4755522997345247,0.9947841787273988,1.096892886276028,0.8084799104174079,0.4517924865794954,0.6059754982283269,0.9702279510796423,1.0213321644917799,0.6782785493549874,0.516076079722266,1.0250873798021813,1.364928162870489,-0.5174251087004555,0.6776802589858136
0.18485834105840082,0.5695335062777487,0.6224238533576996,0.6988581921873386,0.2914922563663646,0.24356251739423798,0.5411665815357751,0.9878480712963222,0.3524698235244762,-0.379826417618377,0.4194496683768488,0.1626742581303638,0.9399528956838884,0.2753278605253209,0.7378329293573215,1.4138026582886716,1.3019522229266671,0.08050736609668806,0.8526950783655661,0.913123655294954,0.5977125017762993,1.120408740749707,0.13660576797320234,0.6702074890066059,1.1468384810384413,0.19533337607973775,0.5028580540214058,0.4585101422208175,0.3150428119386231,0.8116094809940807,0.23745126195213845,-0.027308396183222436,0.48296134347897784,0.9356700337122046,0.18584391701188144,0.8011943444017725,1.4526160262985117,1.3775340169579402,0.8311278311872629,0.4067585024587798,1.1517385280350503,1.1448014284788628,0.25453422773045487,0.5625068754445705,1.4231847051995723,0.48817403355297884,-0.5344945602710109
-1.1229100278928867,-0.3903730195957897,0.14390478489728029,0.7224231742698106,-1.004921614142865,-0.7024854614668125,-0.07561202816968471,-0.13687553202152,-0.3801264991542137,-0.15643145270228492,-0.6082625526602375,0.06042849081570196,-0.1655190090025837,0.24526117508510664,-1.3397521527706389,-0.5220439319905582,-0.07272492334065932,0.0900807991913428,-0.9772360749339463,-0.13644232561644196,-0.6175353145820314,-0.770128492370235,-0.6229844689035307,-0.6941696625248799,-0.22652437176908483,-0.4079404659827545,-0.06930283926287954,-0.4597794771240418,0.021786996138974755,1.140124316178233,-0.8238819628466298,-0.48664747892886334,0.06925444234887787,-0.09392364915599047,-0.28778561276414766,-1.306438543501059,-0.44372231821596153,0.07136484102667197,-1.0043511256231326,-0.7118905754421893,-0.651747841330054,-0.13644369391694117,0.2440023410730661,-0.767412074583561,-1.2566162419382603,1.1396389634915016,-0.888045549220918
0.6482908213178386,0.058181431746985444,-0.61726939351773,-0.037547497889902824,1.0370362892795026,1.459780635651884,0.6412764521619715,0.1596594279265938,-0.016816277200150335,0.3503038298325479,0.8686518266371219,0.17185800968557338,-0.09122076358551802,-0.8032306222539776,0.6248629114575802,0.3105363710477437,0.2614555571546668,-0.4072202388607344,0.5350438478161634,-0.1402704073231192,1.0237568528702825,0.5149518864416145,-0.07768689092016695,0.4151507770266879,0.20320339614754349,-0.16371678838964351,0.3605581193776726,0.10058465293980955,-0.7867593418452989,0.062403440647246185,0.8188240745478398,1.5152020375828301,0.8159907083342738,0.09568765889248669,0.6951766743883186,0.5952021017477979,0.22399928256301557,0.14052015598436338,0.45556445517947003,1.1226875997989925,0.47522765399005157,0.08780863223510112,0.12464095895599815,0.7070632830563238,1.4231847051995723,-1.1567753549599165,-0.5850018444067119
0.9149232072205276,0.31834301352579486,0.5750832252947377,0.3201352658619007,1.147807320513172,-0.0974571392360215,-0.15451218044287285,0.5329129862992183,-0.33214541426823324,-0.8465289905628598,-0.6970643666053317,0.22389926849842634,0.7854447903861925,0.21434066896301956,1.5552042353378082,1.3300976681734042,1.1056320973093083,-0.5081293985070979,1.8000759414076428,0.7385094020079291,0.39536639301344473,1.1768461750409602,0.019923975146617593,0.6345969047015019,1.1527251627907236,0.03110179213614948,0.15739000459731248,0.2892177546165623,0.424514679935856,0.0034280380543475373,0.7532557122250164,-0.3143075044339519,-0.22062182170826755,0.4862527121526096,-0.47578932173692057,1.5653591155374862,1.370249841934489,1.1352701747494645,1.6853140015881758,0.17777506415490615,1.3266178791246237,1.1620162948671968,0.19309822222902254,0.15774893413166072,1.0153889088959889,0.6167130530698026,1.2332603844785248
-1.9989878672874395,-1.68669538397641,-1.6486638769161273,-1.632391820971471,-3.1408384915762033,-1.7139604973070681,-1.280324030620515,-2.0002482824346606,-1.6471288349946538,-1.7187442435546594,-1.3643762433272402,0.8147206185502216,-1.8633615539130064,-1.6088714227919771,-1.901013782877239,-1.8502036595583802,-1.736647054684227,-1.474205231403532,-2.025206494316667,-1.8803686006565121,-2.0467037947317137,-1.98125049874889,-1.4445601584042151,-1.8566015478484599,-1.8477165263477082,-1.558191781715381,-1.571595328472798,-1.6808642394946642,-1.6171356582125507,-0.9860481610043001,-2.3109724203282638,-1.487394927521446,-1.753495010929546,-1.890308885904198,-1.5693567125745633,-1.8740468456785606,-1.8138135741308863,-1.7425306175451456,-2.0313243028844914,-1.7975165282947936,-2.048519823371662,-1.9337905106350228,-1.8632526476260534,-1.6202948794929062,-2.013951292216343,-0.3247266809069958,-0.9385528333566191
1.6640332438042758,1.4890701315304378,0.7584492579919436,0.5536810704292543,1.6521690371941353,1.469028626340163,1.0060836078337014,0.5866780417988758,1.6625216938091696,1.7327805625769823,1.2178870306024792,0.5897187054475951,0.41764832234059013,0.7879252056064633,1.016935326521391,0.37358557104505263,0.002603835970297607,1.3865047592121216,1.4355200700899808,0.48498293810080567,1.7835828816076167,0.9090991052262939,2.02848534499437,1.5440546961715578,0.16258529205679378,1.7926229379631107,1.2867415090241723,1.547988347760595,0.9383885073581648,0.7264227883598924,1.7490205747009613,2.081618593247067,1.259717157845697,0.6949107543052788,1.6564174174762007,1.0198119180571215,0.30819142110283043,-0.04594958923064396,1.4513412679566218,1.917043524758281,0.8346455864534025,0.08034885680015627,1.5069510827382195,1.3720227580703899,0.8988758242378221,0.10097847563674281,0.07159284935740137
-0.17065150681185182,-0.20646569454525213,0.06159521290514369,-0.29844551380298306,-0.16259041067662117,-0.16310548742098233,0.17296587092756402,-0.21772990394600508,0.01828475829684899,-0.4016058710224522,-0.21021231646775262,-0.19549205252279764,0.20771883144698122,0.36650371191096154,-0.5008500904374955,-0.21466876884170824,0.21273908153850732,-0.027840609805657043,-0.23447090221360362,0.2455599331130194,-0.20416218078495016,-0.19934758584438503,-0.03305631102460675,-0.1624463434334699,0.1690606419843046,-0.04472362621213067,0.1434067740253847,-0.10855989952123661,0.2361586717641454,-0.32202881329165395,-0.19355143971655345,0.004243523848130864,0.14336520241526765,-0.4083017659993452,0.04477871705223169,-0.5271233751636974,-0.4186468547106422,-0.06723944203078312,-0.24356835602910326,-0.1204294486740713,-0.3120468971181698,-0.10614552907347147,0.15974724781395983,-0.7385007930612104,-0.3827681070020105,0.8342961001284445,-0.686016412678114
0.09598087909083722,1.7492317133092476,1.8111154635999644,2.927432211986807,0.18873444866874836,0.3042243820286172,1.4034688908956512,2.31770604021286,1.8145875021358389,1.7207500073633024,0.9517412431939355,-0.9993764386554469,1.5007501404774395,1.6583344035836276,0.1658059210743924,2.0397627602301727,1.693574517954479,1.7572165501950123,-0.03310602857877709,1.5429438350356162,0.5812893882948253,1.0984882160842142,1.2525580102370486,1.1880250388510873,1.743277076179713,1.6785327826570566,1.3012182653809916,1.6990271147220188,1.7800983818239533,2.9342871195044427,0.908521594205462,0.9388737044688495,1.829713332736058,2.233202043529263,1.3405811733187534,0.1655421530379255,1.9801381526139568,1.5813292975551296,0.06718828661566437,0.975339851621237,1.3419253949778165,1.8997307024953067,1.7964024343721094,1.0106317390410062,0.08328423163065637,1.378502384495999,-0.5850018444067119
0.01980019740435515,0.7354986532745756,1.4429947397823728,0.4674164038773481,0.20350391949990448,0.8127515728541332,1.36495204236659,0.6445788707985075,0.7899273568259199,0.2600746657299474,1.278905820886389,-1.1674390921157762,1.1915323975707897,1.5877722229460443,0.16966019227332618,0.7829212838330277,0.6519144736603014,0.828593540013478,0.45238022349190365,1.1297124886990522,0.8921424803590682,0.5436772738202812,0.2755863818988973,0.5144326489380747,1.1491931537393547,0.682534000146177,1.4413795882901963,0.7319552434547791,1.615826184611634,0.2109340842145486,0.4079290039914796,0.6892693714738347,1.577736748510332,0.7494828576375159,1.047215491986738,0.18986252749320218,0.7316061962141682,0.6911197973672608,0.36550352199589564,0.8061025244899471,0.4955255469998682,1.1103716957021919,1.3112335223550855,0.6203294384892721,1.0153889088959889,0.32216179158267166,0.32412927003590647
-1.110213247611807,-1.2112276655530683,-1.1519028864421132,-0.8749459683205938,-1.0621140331060652,-1.074127527263633,-0.975752475071326,-0.897030701316682,-1.5006327777551123,-1.0943999126378186,-0.6542213861932249,0.22389926849842634,-0.9759476100075434,-1.1218886981670013,-0.7108414178276039,-0.9239322789997084,-0.7426855297993042,-1.3031124575159483,-0.5855591043997841,-1.0828515784321182,-1.0138595221901252,-0.9983313579135459,-1.3441248847905347,-1.1843780031927342,-0.7704537656799951,-1.2267084573579732,-1.1068585476999093,-1.1992516954930008,-1.1792481862236168,-0.7304880831017352,-1.2828604991063937,-1.1209619264946329,-1.0152017429263966,-0.7774659944232974,-0.8215863163282762,-0.7457409488190465,-0.9665082324201174,-0.8542298627807378,-0.653484871498671,-1.0713914792084827,-1.0335238522834194,-0.906636816131043,-1.2322171054042015,-1.4179159088364515,-1.2566162419382603,0.6926017072279661,-0.98906011749232
-0.6023420363685883,-1.0048926179353916,-1.1061402793145838,-1.144260049263128,-0.4485525054926191,-0.2582276773575586,-0.46417406839678327,-1.3716107104386615,-0.605991509385317,0.3720832832366231,-0.22449330993845487,0.24532802212724802,-1.232229532490461,-1.1350009443528963,-0.9201682157006555,-1.3738260797816795,-1.3621845928585241,-0.7995369396653467,-1.078290033658434,-1.2819789865075146,-0.5135669634403752,-1.1916893855969348,0.09585360193941504,-0.6310291771397156,-1.5580917841354052,-0.7571549729239839,-0.5639801843191895,-0.8426284208297139,-1.0713861986381066,-1.0821562244890264,-0.5677282273721325,0.20840472833463644,-0.6943678196010126,-1.4087903270903468,-0.15620798377523462,-0.9610360669477158,-1.4062772965322372,-1.3923492456256226,-1.106574927102633,-0.46042343899350535,-1.3097305554662584,-1.5642447121654346,-0.6582292825765362,-0.5361218224047556,0.3163104009469898,-1.471104643138217,1.9908696465140403
-0.9642002743793808,-1.2874819222813398,-1.6404581680518808,-0.3573579690091611,-0.46190787805270705,-0.7229226951744528,-1.308320858846485,-1.066597414815603,-1.102337556785032,-0.7822277471793979,-0.41404104145868575,-1.090907829155699,-1.5963312414963364,-1.4429862617425178,-0.28687158594504314,-1.1742369294764055,-1.2451196290644697,-1.1578938271274315,-0.9547589995558887,-1.6768758362489404,-0.755071067330533,-1.066935914884298,-1.4025481254471768,-1.1885073322364426,-1.38737801331921,-1.2989734878856714,-1.3914584169873776,-1.2650961000179044,-1.5772106240017951,-0.6016159070654,-0.3386760816577369,-0.7660205989265547,-1.3641789928592702,-1.159470717748953,-0.9039783800215228,-0.25667549529218875,-1.2041493862839674,-1.330682085790738,-0.9881958654438117,-0.7629445990715888,-1.1416531938145849,-1.4219351500218669,-1.5174557023751358,-0.9119684821953145,-0.9653335302928434,-1.140921187352617,-0.837538265085217
0.7244715030043206,1.3679604296678889,1.0974081549227503,-0.05858766046353859,-0.14452137721297262,1.1209862767809922,1.4396102509691762,0.4667406102996394,1.4185549925449032,1.7898219881590856,1.7644595988902672,-0.9286615516803352,1.0041073481009761,1.5783192082538884,0.2779785035536667,0.41926866912028227,0.5762948697188008,1.8596781584513198,0.09525479031574802,0.8043255436314994,0.7229197441867757,0.5328612717622185,1.448024304773366,0.9656816677587634,0.5352122469762811,1.5903742962144853,1.5639384915382675,1.3448049497065477,1.3205741171014482,-0.2892647007400434,-0.171695318942279,1.120612763849443,1.4604728876457909,0.4520113924147365,1.784998971421723,0.2975100865575378,0.3754637465485609,0.6690958117119451,0.0920711011447345,0.8586758841762013,0.5885513648139127,0.3925117673086284,1.6464985809486155,0.8805309721904279,1.0736454512250722,0.4393953213606117,1.586811373428432
0.3626132649935281,2.7809069513976303,3.222371146575567,1.845547052450472,1.0857441186162928,1.271637696519953,2.4161056839416455,2.6411235279108016,2.665076889492053,0.8730107115303678,1.8553386482492822,-0.32100332377732305,3.177969212202474,3.4064102753338683,-0.10944220489074337,2.394799043825646,2.8034376281112787,3.0832017191634753,-0.3900457008013955,3.128709892194555,2.476044642471839,1.3159060427503704,1.7658030914965241,1.717959554457325,2.3353595268242944,3.1636489451066643,1.9743874359730837,2.882478099005535,3.37059583339082,2.181149385651415,0.4254139006108994,0.9574502371611329,2.4483036515686836,2.637035608187813,1.9922274952562529,-0.11048745211840078,2.2466285477334145,2.657127583531793,0.13292348320738664,2.263721355979559,1.1622826248697677,2.0726827268101116,2.3249276131287155,0.6347850792504471,-0.7905639033055933,2.83845922917533,-0.28195813959250576
1.2958266156529414,0.98668914602653,0.5823421215977248,0.6041774606059799,0.9647601554249097,0.2623351127779882,0.11697221447562371,0.6807668889232766,0.7069612729239216,1.2546697045160788,0.7570004231389038,0.1488986307975494,0.4787797900888088,0.8900787514733177,0.4414527647497626,0.29430892639628015,-0.2889679061502982,0.9624922326211529,1.0732862106915402,0.584714540458972,0.7636869719905433,0.8400301005419231,1.551246931024436,1.1173958708357303,0.04838366606251184,1.173793566603041,0.2396443020792397,0.9413304431637614,0.8102420265849328,1.139250606510189,0.9062485576449377,0.3503151864213114,0.370388037049019,0.7259419503177277,0.7501047168504831,0.45765244294336976,0.33925768374856624,-0.21406601306622242,1.1161660423971334,0.9356793012328486,0.728691260412806,-0.03556457688129828,0.4265550431344641,1.1985550689362858,1.2484150782123222,-0.5710023830288632,1.687825941699834
-1.2879681715469324,-1.2381409326336348,-1.1007118872966974,-0.3119112178501097,-1.5452642757210062,-1.5092066806147708,-1.4391424016478358,-0.7303590292677425,-1.4021178054015506,-1.2084827638020255,-1.143669980598205,-1.650198298867942,-1.4179079685960398,-1.1143262864132764,-1.1560761942559998,-1.085478489995617,-1.0511262604914655,-1.0785895773027896,-1.052747902547005,-1.3523619624478234,-1.3916268929901723,-1.2504955032276444,-1.5087960791989157,-1.4157815437263666,-1.1852293619458263,-1.2854176919902964,-1.4518330713391123,-1.3107130998829173,-1.1108604663335795,-0.1734981697243515,-1.5416369690738028,-1.4796200660605723,-1.3883822537417116,-0.8746257391795147,-1.186358452861106,-1.1104136674271157,-1.0531072915843422,-0.8527615970703836,-1.089026972080267,-1.462770590831621,-1.1803022734230946,-1.1109198972726169,-1.1433981945935596,-0.9553354044788406,-1.6061554959127597,-0.625610658805664,-0.787030980949516
0.5213230185070339,0.372169547686928,0.4242244238674323,-0.2395330585968035,0.7188641782891745,1.4123186262981138,1.9087692209377038,0.16276125805157418,1.0515896214399125,0.35652653080513974,1.1334993419119648,-0.26283956392766517,0.042462336215531776,0.1801878416881307,-0.18054686321587463,-0.21297867311471388,-0.08973933422749666,0.24610188449072043,0.1895284742361117,0.1360902281676924,1.1537917933101522,-0.027241559602340974,0.6553086256818994,0.47474425462837133,0.020127593651555212,0.4379918868812412,1.0227052141071864,0.38749995731024783,0.17981285735380453,0.3791231953128183,0.39131835220303113,0.5541502080367176,1.0927334199745906,0.3214663609140925,1.0447187627839118,-0.14238302517449947,-0.09184905375359519,-0.020254939299442498,0.14220811549435255,0.8466233099573691,0.11252693417136943,0.06715079256909931,1.6622964109346974,0.8082527683845512,0.8406192819087388,-1.0409224321844772,0.1726074176288034
0.7054263325826992,-0.3275753964078012,-0.8749917726924946,0.5019222704981106,0.20664636010227747,-0.9124875128747075,-0.8674980725975757,-0.5219160448690685,-0.596476517944808,0.3646160420695111,-0.5906060516419144,-0.7140678903402788,-0.7454618233656325,-0.7552946896860087,0.44304763559070015,-0.40684633372601375,-0.6862616714737229,-0.911377924940066,0.7853567327081628,-0.7321455666379474,-0.3606570785106138,-0.1398405743913052,-0.08628033615614657,-0.10612229527728159,-0.7578562667301104,-0.43823722922580954,-0.6195840894169724,-0.4722066969951946,-0.7646073873799768,0.6525943214102624,-0.08899175793242456,-0.5446227206182824,-0.44820752287416804,-0.5403448552385208,-0.14297531900025925,0.4498114479004124,-0.3366867625553158,-0.5965492306135414,0.8048523218151477,0.005845634438151335,-0.02278199534412305,-0.751588252860107,-0.21606557441051488,0.44686174935516754,-0.09148539535659371,-1.7850201728066877,-0.686016412678114
0.1721615607773211,0.09855133236783482,0.6981688582584389,-0.20586879847898595,0.36219716991977113,-0.46019305971464874,-0.2563188285373094,0.23306940755112598,0.5294254570217443,-0.037577864125756553,-0.6840816452683303,1.4024807180836143,0.29504949965872235,0.6168561332742086,0.571700550092995,0.3426229331374411,0.23309820567660386,0.051398954660236904,0.1932436933068642,0.3120476680184633,-0.21062891209592818,0.3725775509577434,0.42917486459483706,0.2943058454738251,0.43454998901224934,0.2218247672390415,-0.23743062331593853,0.19175583046222608,0.7980069354558303,-0.3023703457606882,-0.12098911874596235,-0.41672056229582555,-0.40824399909153297,0.4862527121526096,-0.7629131800618721,0.5819122796410905,0.4071477034069074,0.2763347341921454,0.046576402938598084,-0.37271349901075795,0.46991845468698423,0.4045621737804633,-0.263283532924473,-0.44938797783770357,-0.44102464933109387,1.2349173999762355,1.7888405099712361
0.40705199597730896,0.39459727025406677,0.5504660987019975,-0.24374109111152975,0.884627920064382,1.3946896440485832,0.7040572184868735,0.24237489792606712,0.23585316013775248,-0.10810180848181096,0.3610274223603399,-0.005694520381804998,0.9711904039288577,0.14969424590698008,0.4613886502614825,0.5509424907597412,0.7369865280944902,0.05980805129743448,0.4105840089459294,0.8758502281509923,0.9234480160373275,0.6791060048595796,0.04372557868686041,0.5211566641332557,0.8460290434968015,0.29111413831028404,0.7438631456434531,0.4753195700567315,0.4657276184759911,0.33980626025088534,1.0067867132065995,1.0649107658616863,0.968902782901636,0.2668942575818555,0.223294855054267,0.4250923787819344,0.6996926908308646,0.9554076252310522,0.41192668343072786,0.9824507156918088,0.6838129904769571,0.9680621335586242,0.7074053539981537,-0.01571875500244329,1.190158535883239,0.8958107730320669,-0.48398727613530984
0.06423892838813605,0.30937192449893924,0.9348719985732484,0.23597461556735916,-0.06831719260541283,0.4438558300063492,0.6684248916538206,0.03145044942740879,0.6852044327398312,-0.5260598904743146,0.6674196459135896,-1.2669297339638772,0.8852032844588353,0.6696100539755989,-0.19516651259113527,0.29653783221805713,0.4083320955795051,0.5727629461664479,-0.083540127464253,0.9379726067242616,0.2636030174766319,0.30574633980262694,0.3233501602539154,0.3118972555549256,0.9678833557690506,0.4881820115465279,0.5390499449134548,0.4460711207492354,0.9139183250999598,0.6084719831740936,0.039871930152698035,0.0780361256868658,0.6180493111949288,0.11601844248684906,0.3656084196153302,-0.2075031534973683,0.3406182804601281,0.420958906662053,0.011294800248126019,0.29113733796926305,0.27898316626485425,0.8791186572188943,0.5336292241512456,-0.5216661816435803,0.08328423163065637,1.5941501843595982,-0.5850018444067119
0.6165488706151374,-0.4441995537569228,-0.20515344602029237,-0.4478306680757935,0.07827766149531573,-1.1618645360648554,-1.1754631830832454,-0.6511589667432468,-0.8251844219599662,-0.377129913863587,-1.2342893755304796,-0.5414133611023448,-0.5486991101408707,-0.5418395192179541,0.5524291940983337,-0.5183189862649864,-0.9443862810817312,-0.776314895874933,0.2349470273760692,-0.535771691018231,-0.5583155520881372,0.07528034721840957,-0.32588973266739407,-0.18992753560382775,-0.6550748033352568,-0.5257384759733549,-0.8401901152635014,-0.5758894107659761,-0.398198605671589,-0.1887880889151033,0.6411775248945373,-0.7060748781491606,-0.9515978247934692,-0.4326987063125798,-0.7986164076622794,0.5504154012481912,-0.4014553396352001,-0.9377741816999031,0.3322645384085567,-0.12711947831749,-0.050324986537743664,-0.6204109709809953,-0.5446604381210315,0.3601279047881158,-0.09148539535659371,-1.875630360133751,-0.5850018444067119
-1.1736971490172092,-0.5383959885389057,-0.18287179041199197,0.5612555289557634,-1.217664842923558,-0.7624281296824871,-0.18386643064343564,0.039721996427357444,-0.3697992523468323,0.48326220728028685,-0.40599175422974476,-0.6929452617632988,-0.5238434584190671,0.20110644839400027,-1.1558103824491766,-0.4894160341337591,-0.30031084674152275,-0.03269201171173239,-1.0979806947334265,-0.5465171835282014,-0.9199816559420032,-0.8439545675759136,-0.7232377617394083,-0.8188704038592747,-0.17684077777982019,-0.5865375034568894,-0.35521877731005846,-0.6077295453753708,0.07678051100346736,0.4118873078644288,-1.1667607855534474,-0.7344452606377894,-0.05176186206332825,-0.040207578817201335,-0.27929673347454065,-1.1161282909329993,-0.5095167685219254,-0.21465331935036386,-1.1192020270129084,-0.9261138650878261,-0.7251390783118394,-0.2967714828802997,-0.25713993237432975,-0.5794887446882815,-1.0818466149510102,0.5870912635211855,-0.98906011749232
0.06423892838813605,-0.587736978186611,-0.846461154179883,1.0005741234932721,0.1185009012056979,-0.9118104278421727,-0.911105253531359,-0.5754743116937278,-0.8279692975035299,0.09434339649321784,-1.0353940846476068,-0.09906266119309899,-0.73404165906102,-0.6601546708488185,0.2175063175014521,-0.4714121999510584,-0.7128739551685204,-0.6560001286042689,0.2743283495260542,-0.6807686805746496,-0.2364481563716479,-0.28467648275735624,-0.67212833677709,-0.4068948169060143,-0.8780623081117208,-0.6957086078977845,-0.46626207891066035,-0.6850136046678158,-0.7163753702447253,0.6228881926968028,0.19583720799791993,-0.7914603537733053,-0.7303912776585996,-0.5189440304023493,-0.5589304041910149,0.24594557678350984,-0.41492900332825183,-0.6599783093008514,0.18491742401439892,-0.16165884505192032,-0.2069558225673088,-0.801052302282589,-0.21255494552471885,0.013192526519907292,-1.023590072621927,-1.1532853782812078,-0.787030980949516
1.4227944184637462,0.6861576636268706,0.7606584873015483,-0.5719676272602435,1.4054874499078065,1.6030377914074947,0.6319441760866482,-0.10296218932173552,0.6213843681998332,0.5826179994760232,1.1192183484412626,-0.19090017674519283,0.40421283492339893,0.5720305474759172,1.271450131554338,0.2169286407139106,-0.27224433989400443,0.8088645055954394,0.9948022078218779,0.49069148099672727,1.293839737070246,0.8484253448199115,0.9368312420581654,1.044256008314478,-0.29422121192033485,0.8258334994191917,0.5752418358055026,0.847551695295522,0.5030768440279884,-0.4006626834155198,1.9037619097828253,1.9952303143858754,0.6987268474697328,0.1588200921591905,1.4167314140049363,1.2802924313485988,0.3624692132312371,0.027463696287075692,1.0010366020387487,1.7089935048344849,0.8342403040638551,0.023539797718651497,0.8136018777934857,0.6492407200116227,1.7727239591740724,-0.12128724041287857,1.9403623623783393
1.0990265212961947,1.7806305249032415,1.171575138888058,0.42533607873007806,1.4541952792445976,1.9833407656265787,1.2198775688320176,0.8637748662971131,1.6027629061035347,2.586327712651002,1.4450846540000162,0.36165554182656384,1.0810255135643942,1.3090607575063278,0.8574482424276373,0.7993697248124293,0.313080479076268,1.6782357271641084,0.7691026492736176,1.0978118078100767,1.8640892163385223,1.052782338812182,1.7085985456414587,1.5157754272499167,0.9761247102222462,1.694920343440395,1.4405570453153766,1.5916208389602489,1.1554003868585636,0.4839683554779723,1.6275005431959952,1.7586682780368226,1.2709744884886933,0.8607671467856052,1.871136128919208,0.8543536328286054,0.8436863937314544,0.29101739129568843,0.7522084567480486,1.89623388120972,1.0718303502293482,0.9783910533916255,1.3779354711852123,2.253816844502085,2.4718024671230716,-0.5136486825431604,1.081738532071422
1.1879039832637583,0.94631924540568,0.5435228065860964,1.2248622565282252,1.0142535949122935,0.5513059218157819,0.9738448359371303,1.2049761800449414,0.9703640847526425,0.5224652234076234,0.8608621938349212,1.0198244032832289,0.5503237605853505,0.39120352449369367,0.6447987969692983,0.855460697570083,0.4148760997667506,0.5430076811425205,1.1592006517027087,0.486661921305489,1.114454994552131,0.946100106411258,1.0789944609893285,1.088058119837857,0.5993770780761615,0.8375913652706158,1.2349213016105585,0.859300121213461,0.4502727665234408,0.9426659312005244,1.2603177141881838,0.6301591806662568,1.1114956377129173,1.3957877676898844,0.8100262177182987,0.6682961233346918,0.9731517618070552,0.5993531904701113,1.049316689930975,1.1775662657222246,1.0100923328883407,0.6627851696054863,1.070755443678052,1.2130107096974607,0.43282348560515654,-0.5324606968347316,0.12210013349310239
-0.20239345751455298,-0.19749460551839648,0.1714254700112159,-0.654024261297422,0.029098466068168467,0.2657907235842778,0.4817793701473537,-0.21152624369604434,-0.18071780658696446,0.05783688412067122,0.13902288749760378,-0.29957457014850136,0.5452854528039037,0.12499443332424798,0.14640165917631898,0.04606901304060554,0.1582057133114633,-0.10740360106528996,0.1862776575492016,0.45039588408433723,0.30928734512515244,0.218289427910893,-0.2920989489663937,0.07348743793911681,0.24617617293920654,-0.20823542395400466,0.3005124822158654,-0.11451230369217644,0.22360160455269845,-0.0686530095591975,0.20073297905135717,0.010144088349686602,0.6311828636117573,-0.16219228038337707,0.15463480197656057,0.131387310223687,0.13664354798834244,0.3027635169785244,0.02522174867857621,0.44704721011710996,0.2523493585651179,0.38734730739212775,0.4721932186498145,-0.3915654147930019,0.08328423163065637,0.648212785280573,1.687825941699834
1.5243686607123894,0.7130709307074369,-0.13976025845598755,1.121765459917411,1.6081748687609048,1.295443015407726,0.9874190556830549,0.6797329455482842,0.597016707193652,1.031689586331492,1.3035729914266927,-0.4648820981422677,-0.039830024214762526,-0.13511593868896704,1.434259863233379,0.7666896297276978,0.15166170912421775,0.08794618235267057,1.1304077039043707,-0.05229168739773329,1.6675095246663334,1.11896613800286,0.7431452300630695,1.1197891643797782,0.07663973847346763,0.42366917555265987,0.7874579233088747,0.6171106388200984,-0.06199118048714358,0.757002626741396,1.5461957739156935,1.6497315627529598,1.4079386779784764,0.4434510624802682,1.6713977926931554,1.4457507165771148,0.680174805795225,0.14125428883954094,1.1806942367915494,1.7484157886722058,1.0325112037367878,0.10100669646615808,1.1400903641725257,1.646679932532721,0.8988758242378221,-1.4133751775869048,0.8797093955286177
-1.0022906152226219,-1.1260023197979412,-1.0840479862185344,-0.8686339195485029,-2.1321150582142763,-1.3251939601813005,-1.0130815793726198,-1.1679238655649578,-1.0008056359259436,-0.9253498695490389,-0.5166045400210023,-0.3041664459261062,-1.1264250690800819,-1.006622906114252,-0.7367580689928398,-0.9967810875958779,-0.7535922034447134,-0.9916524551459229,-1.185566984326434,-1.1644501621797092,-1.349354734627859,-0.9422809633836408,-1.3293440931092557,-1.1814554686105703,-0.7633897475772565,-1.1758530710008106,-1.0723117427574997,-1.1686234012683812,-1.0607609879207285,-0.46619090851874245,-0.7312120107637059,-0.8507570542738452,-1.0067587449441493,-0.9786337478833067,-0.7554229924533957,-0.7364380733443499,-0.9560157780248224,-0.6354582719379329,-1.323835322617648,-0.8772661278301922,-1.0315852515200858,-0.8435156393738146,-1.2137863037537717,-0.9553354044788406,-1.023590072621927,-0.3052711499510533,-0.888045549220918
