Height (cm),Weight (kg),Abdomen Circumference,Ankle Circumference Left,Arm Length Left,Arm Volume Left,Bicep Circumference Left,Calf Circumference Left,Chest,Collar Circumference,Forearm Circumference Left,Head Circumference,Hip Circumference,Horizontal Waist,Inseam Left,Leg Volume Left,MidThigh Circumference Left,Narrow Waist,Outside Leg Length Left,Seat Circumference,Surface Area Arm Left,Surface Area Leg Left,Surface Area Torso,Surface Area Total,Thigh Circumference Left,Torso Volume,Upper Arm Circumference Left,Volume,Waist Circumference,Ankle Circumference Right,Arm Length Right,Arm Volume Right,Bicep Circumference Right,Calf Circumference Right,Forearm Circumference Right,Inseam Right,Leg Volume Right,MidThigh Circumference Right,Outside Leg Length Right,1  Surface Area Arm Right,1  Surface Area Leg Right,1  Thigh Circumference Right,Upper Arm Circumference Right,ALM_scaled,BMD_scaled,BFP_scaled,Age_scaled
-1.0197637248744353,-1.1666425807331617,-0.7523014890925295,-1.2643008940713807,-0.9694719765946626,-1.0809168980063633,-1.001432421652373,-1.165886426075978,-1.233985983387612,-1.114058403026446,-1.3588073403792096,-0.8848678326984354,-1.0632193033741406,-1.2473570874497686,-0.923002949590915,-1.196586688889908,-1.0366489424365313,-1.2070481350253968,-1.0225803114510104,-1.0688725474200285,-1.0634504788596986,-1.2295431968383763,-1.1834642498676782,-1.2234263915181103,-1.178969583825988,-1.1777161562746803,-1.2116813964281854,-1.1981459758989528,-1.2508881172112558,-1.4288926766582386,-0.7107143250003857,-0.9555218683742855,-0.9946365462518313,-1.356684122318709,-1.4018957937550833,-0.87413569475022,-1.2008690679057863,-0.9409837064089144,-1.1217937343303201,-1.3792485190467645,-1.1447913434338546,-1.155430053267541,-0.9799528723534416,-0.9894821032881822,-0.9772610736421421,-1.0423061183304718,-0.7952472913023941
0.5432020492616046,-0.5629044528390253,-0.8112498173091091,0.016374390398159126,0.39015836027698814,-0.6807777707572518,-0.9452487902863566,-0.44852413023404936,-0.6899430873544459,-0.44126395649994404,-0.8944521350515839,-1.268446548038114,-0.8048020428825713,-0.8419441251676202,1.3574847072423561,-0.1598317487425455,-0.4944889078701495,-0.47757289976725237,0.6965889732174474,-0.7062304269029551,-0.2850244820707366,0.13198393502421762,-0.6455322365048626,-0.23039043494458755,-0.8448280165907556,-0.7434469041703472,-0.9149081521045004,-0.627818039213942,-0.7712200062326907,0.06043034779993986,0.7271129836867042,-0.4877230842233006,-0.8926270117698936,-0.568261137011474,-0.5689490735765398,1.300357877957774,-0.13970958428706937,-0.43254025990444334,0.8599200258818616,-0.1548383937021097,0.14313309434982424,-0.8251956313581397,-0.6338163111855436,0.015182872929142596,-0.3588811852358148,-1.5764020271081371,-0.6924316784427179
-0.3283402039741052,0.5284683168157591,0.894235181614247,2.0816649751389584,-0.08832317232304811,0.18797359794501808,0.573516772886679,1.6456425307825149,0.7689893683192928,0.1698561035937856,0.714778835135532,-2.231039521894342,0.8618056983474727,0.9419060895827933,-0.3420093365184837,1.2236198183769649,1.314896961479159,0.7292920809207255,-0.059882961142335905,0.9102714138971219,0.33387933287154503,0.709878532991384,0.27745450838258817,0.4614403116283682,1.2391601790605655,0.49063443446545724,0.44097727416590593,0.6040120309682111,0.9453839130515579,2.2808465611132567,-0.1558987795512651,0.1252547334116639,0.7159075689034239,1.4994149400616168,0.43702844527376006,-0.3308877320933723,1.1083710718828945,1.2860181072632573,-0.07611406910336044,0.29666216384561134,0.6098305611532979,1.0850768536034237,0.5697495211221878,0.2059420456286347,-0.8741977589077541,1.3914793816855595,-0.7952472913023941
0.7233207815969843,-0.41584003706994077,-0.5301525287492886,-0.5674904624101049,0.8771567803846401,-0.012829343893367954,-0.9786878416623772,-0.8473251802752552,-0.40506427710538373,-0.21724908784595398,-0.21850650365102603,-0.01598182637290743,-0.31411311929850766,-0.5769408629583638,0.5791086652249096,-0.2695431298118831,-0.35720494646682444,-0.5969488267994201,0.7482517167093903,-0.21890033318972324,0.1684890089639634,0.10113954236027436,-0.1623715867269622,-0.0017143357394678056,-0.4577046418925076,-0.4430934003030484,-0.5793140665252494,-0.38434891229950113,-0.48542514679078896,-0.42084606364072635,0.3447531393577768,-0.14973806022263939,-0.9850888558323397,-0.8811393824972079,-0.23932429151121778,0.5976770877439502,-0.3025011243935761,-0.40089324527419573,0.7234381272592778,-0.05193802148505822,0.1142557026302433,-0.44484404032737057,-0.811416783759929,-0.213728134310248,-0.30734952786862085,-1.049942641998632,-0.5896160655830416
0.9383012040617921,0.6136108733136502,0.4524180522955974,0.8152486009565101,0.6153672053554406,-0.28917688657559826,-0.19015885989000397,0.4586468059836429,0.5032705488480435,0.7116159114682887,-0.09269598004009286,0.0897575533309961,0.47595239048463295,0.7005164319151383,0.463185651400061,0.21190253927499766,-0.32441863454631503,0.6027934852112208,0.6788857596320701,0.5736456134871356,0.23019578281326342,0.5506093283882861,1.0650020829195639,0.7466061541613574,0.030373563412787487,0.7679177127849425,0.20136878509766917,0.5641090762677711,0.7542628054641531,0.5309319142083505,0.5207447448811796,-0.33242922256490365,-0.10234625038108659,0.5058661086488375,-0.14381306759741153,0.5050708927736518,0.25429156764166655,-0.2231401895316131,0.6787109132912023,0.3910212559080206,0.7010616613552547,0.0018993274319212001,0.2778456302127307,0.5493085564877204,0.9809419063112277,-0.03597181468355291,1.8779586430491895
0.9847834575676973,0.6677925001759447,0.7013831859958789,-0.08719032642387214,1.136153933280195,1.0689017728700605,0.3581210815906917,-0.0034237908494847494,0.595541030751722,0.1773545092391073,0.9320879213725979,0.9611958895114451,0.5699625893650787,1.0184982260936075,1.053453105578482,0.29737139111517674,-0.07189427464792252,0.9794402048688003,1.865767074286342,0.5276411450050917,1.0722089669741526,0.6752111235255612,0.7593254861061651,0.8132378325927799,0.07155690114664415,0.7694995383600046,1.0161798488133937,0.6865576301288103,0.8958453219649025,-0.20335382132301222,1.0623810102819722,0.6449308002757276,0.7041823350549264,-0.2442491059505545,0.9901050674723126,1.0588309099946962,0.10239075348552285,-0.17364816224642282,1.8727145395056262,1.2434016239226202,0.6319029903908481,-0.03420659010712898,0.7971272887779751,0.5111567219478222,0.15643538843612506,0.4477022857327879,2.083589868768542
0.02027669732017874,-0.7099688686081097,-0.22979957385820132,-1.0421620811777474,0.16159860863816178,-0.9257855478229896,-0.8001956079660522,-0.9155751287096893,-0.38918165317114406,-0.834930252879341,-1.2593026535232894,0.39968332142864577,-0.5369521092373418,-0.6847781670710621,0.05588857579924057,-0.824778907862801,-0.9452658177219204,-0.6308527297035441,-0.38926486775488683,-0.5050798543676754,-0.526012124101557,-0.5331262342860318,-0.3185520885023933,-0.5161682108028943,-0.7654666117144326,-0.5759648444330038,-0.4954155451304366,-0.6812823606159762,-0.5820559787869816,-1.903384926411929,-0.2909060385829162,-0.7687887082256091,-1.1994931319191713,-1.1358954931158696,-1.2210908256949942,0.10461167128046668,-0.9132396482910381,-1.0944786980736858,-0.3010280593428239,-0.7317728793928848,-0.6731308951355152,-0.6932743087677002,-0.5133675477786934,-0.773288374228758,-0.3588811852358148,-0.09993902872110288,-0.07553800128466012
-0.15984203501520095,-0.39261933984324343,-0.38041904976228647,0.4962992919031522,-0.10368149405809439,-0.49992257644412413,-0.24287808503237818,-0.22385267836069717,-0.47741845280580947,-0.4975019988398573,-0.7446232387512907,-0.2566300698369658,-0.17610488121138818,-0.20089282810382664,0.005759704956063736,-0.27582912765115897,-0.24070890198331188,-0.4257198717962393,0.27886122188556,-0.1560804382970013,-0.5663066995864123,-0.18480973320266772,-0.4417611907525844,-0.3620112339342107,-0.1811084411664737,-0.45490282312164876,-0.275004175364403,-0.42402404756502665,-0.2762622066471339,0.13186357968043597,-0.0016047692293773579,-0.3996987301198091,-0.2112234218314307,-0.07912940462364437,-0.7546406623950102,0.02326839191466281,-0.20382291480234782,-0.1394916927115739,0.29959452822847016,-0.4746190403752345,-0.20998358147811477,-0.10049058797732563,-0.3290071956253521,-0.5316600888094015,-0.6680711294389787,0.24827535158795144,-0.743839484872556
0.6013048661439853,-0.27651585370975573,-0.4808320336983435,-0.010267257769826428,0.05688277862648202,-0.4772252726398306,-0.21275281352244999,-0.08550818829089861,-0.16732912837541358,-0.2725498294802029,-0.298567745948892,-0.14724450462602923,-0.2742300046219543,-0.5935312174372402,0.39425845399069176,-0.16406502427746608,-0.1360717362795582,-0.6479471345291526,0.3341837643398651,-0.19098037990406944,-0.3287121476983625,0.10678057673581702,-0.007042282813230898,-0.026676138713132378,-0.45380892075552076,-0.3388351814419592,-0.3034443521084072,-0.32692260204101514,-0.45362259448824505,-0.44678550538503986,0.35198567109161555,-0.3869878161313617,-0.2865999251432074,-0.13574187365001303,-0.39925006178549793,0.37367021072120093,-0.19697533720021193,-0.1394916927115739,0.3081139975557233,-0.17488363254506084,0.020022944929569065,-0.3322151333771992,-0.14464684347201073,0.0024655947491767287,0.10490373106893107,-1.3090468700857703,-0.33257703343385087
-0.44454583773886647,-0.36165841020764655,-0.01450232300706704,0.28429181000298015,-0.4073574010919653,-0.23194400880098093,-0.2451374803956229,-0.1408459843188175,-0.25480961258463897,-0.7974382246527312,0.006808706815827405,-0.7598036698072651,0.06540953544107006,0.10575222384741012,-0.17846389539261492,-0.15254851331073294,-0.04747893598371373,-0.0254258921299006,-0.13180226633293174,0.0850464309881916,-0.31132940688240374,-0.1739445830056532,-0.46042316740110406,-0.31917590116195266,0.14167988161239872,-0.32967093005790776,-0.26505011350400143,-0.30005513572702514,-0.009610037341186817,0.45510893064804625,-0.5094892198722568,-0.3064173750848205,-0.4147399807732281,-0.20084621303033873,-0.12271175068622121,-0.20824709551108395,-0.1858326357819049,-0.09557623188105378,-0.08335561803152446,-0.38736149985419704,-0.1555438816218723,0.06656664242723495,-0.37048827485985386,-0.607963757889198,-0.4104128426030088,1.234849608081024,-0.8466550977322322
1.025455429385363,-0.1642824837807174,-0.49772504158405667,-0.3678657183908271,1.5597643709541091,0.1960683867563308,-0.3178900110920998,-0.3313924619749536,-0.6105299676832476,1.833752316290703,-0.12357674492641232,0.4839102066410637,-0.2330174527895167,-0.47607150772679385,0.9767559331884185,-0.16226600922421067,-0.6134962443305522,-0.5266338416167498,1.2218977917220128,-0.19580291728977287,0.851822415671803,0.5118384296387529,0.21319336157820484,0.40022869206142575,-0.5276050097218634,-0.23919170407452076,-0.16835351257438677,-0.20579840726006213,-0.32194779620482716,-0.558125570718328,1.1440282574106382,-0.32168431183461205,-0.40787234380482174,-0.24387168949037824,-0.35216080720473764,0.9930054254617543,-0.11455666215571829,-0.3762169387122843,1.1319466815010306,0.4762509705787678,0.31968962403638507,-0.5030446238231527,-0.01528732971108244,0.689198616467348,0.15643538843612506,-2.1008815083568737,-0.5382082591532035
-0.15984203501520095,0.3930142496600234,0.5498777131747109,0.8715337731423962,0.21046599597694485,0.8919222568428985,0.8868195965899331,0.504761636006909,0.6620967881904415,0.1398624810124989,0.38767147374710625,0.7096090895262929,0.6532106779359783,0.5401430052859971,0.3441295831475132,1.0651446527013393,1.5241712928866664,0.7338505888742218,0.18523845773212202,0.662481828486943,0.48800282402219625,0.7135234118656154,-0.10546650614923223,0.37125793427854203,1.2269164840586082,0.13776628008635255,0.7986124967217604,0.40179700174729654,0.5707865421802446,0.8900934152834731,0.4886001593974526,0.7403864864428374,0.7854214552909524,0.4398182281180732,0.36706092077876207,0.37367021072120093,1.0549965126464707,1.4498297468691665,0.23995824293770432,0.561347531158115,0.667127260315547,1.1928557119289462,0.8462900493521995,0.2822457147084317,-0.8226661015405601,1.503830316901141,-0.743839484872556
-0.5084589363094848,-0.8376827033549464,-0.9625190242857222,-0.5637381175977119,-0.6146947445150911,-0.909572188741833,-0.9146716397037794,-0.4304471168649292,-0.9458298062949757,-0.19287926949865752,-0.9402014163646503,-0.9512284089264034,-0.6743272820121348,-0.9546479332607887,-0.17909050627815584,-0.3821985313866676,-0.20303952232996111,-0.7730211965031905,-0.45139633851125993,-0.6586395974387722,-0.7212778112569717,-0.4527114889325456,-0.8988759012548025,-0.6925357471487193,-0.2796145327731294,-0.8752769820635955,-0.9533023907089061,-0.8209585147275242,-1.0288206798832986,-0.4128646969501668,-0.8100410941451012,-1.0796816391619541,-0.7556092790831523,-0.4348444183393304,-1.1244690061542835,-0.13128383888036313,-0.4532613167749816,-0.28587656214664176,-0.5719471839494495,-0.7414404212372914,-0.45627018199028335,-0.4518496661185293,-0.8759429070135982,-0.6969847051489609,-0.46194449997020276,-0.5331211548982129,-0.7952472913023941
0.7581824717264124,0.10275553432630406,-0.06736680572634464,-0.6294041518145799,0.8597041420493601,0.4217488325826158,0.06590594794438648,-0.27919047438861605,0.1251128361280488,-0.4037719282733343,-0.05838401905529246,-0.20193728723149879,0.2733714905402378,0.13367932055351966,0.16241242634099468,-0.37211278858484426,-0.40812836710931816,-0.004057886097889653,0.6193076369889726,0.2722370268806443,0.2937021202279072,-0.02593849631027387,0.40775573399307324,0.19441957501292506,-0.2757188116361434,0.19045208874980596,0.13737838742366004,0.10427887544661421,0.14879113662725446,-0.925667506818537,0.922552063427762,0.452041769977116,0.04840675624246744,-0.23953140019835734,-0.1104951987902693,0.17344059997460748,-0.423753258349598,-0.46014426385505625,0.6105551586731832,0.3055807139258888,-0.07243774991041674,-0.31604830462837097,0.15493872877716905,0.1805074892687025,0.3110303605377059,-0.3548749971281626,1.1582493530314553
-1.3102778092863385,-1.4336805988401833,-1.4442060148731,-1.8391601193299025,-1.5280960244303032,-1.4412836342255904,-1.6792510306257598,-1.4001497625941708,-1.6991199700332054,-1.553464973842306,-1.9992972787621415,-0.9191419764645288,-1.583598990106305,-1.2970728497048025,-1.1327922740696155,-1.4961977519475598,-1.5472783110708497,-1.488536001153754,-1.4047314124045918,-1.5475728373904223,-1.7841626464639109,-1.5863294615171801,-1.463967564036717,-1.6002834282708442,-1.5753313829348037,-1.3601253177499333,-1.7718106774013507,-1.429693723694345,-1.3365103734104131,-1.8826333730164762,-1.3735356776748282,-1.4217683913384862,-1.479391214216903,-1.4046160127610352,-1.7877167145417852,-1.0980174282662538,-1.4535977693857833,-1.454446062722587,-1.2097146577875646,-1.7438327434326624,-1.504280212650635,-1.5222015081492946,-1.518899635148377,-1.4473041177669634,-1.1318560457437241,-0.3017061827396966,-0.7952472913023941
0.4037552887438907,2.277760841226974,2.239178501746021,2.222377905603675,-0.08971938338987022,0.8255789820867433,1.6851392916030328,2.1280036528258783,1.6957278696250935,2.22067004758931,1.6229020691999034,1.2747678431161251,2.242204611874826,2.5724614289483863,-0.4078034795001554,1.4812792733424593,1.586953592308919,2.243856348469662,0.10012685395626886,2.267879142412044,0.7206420559477069,0.9979124013246843,2.2211290609572063,1.4627482857266063,1.7055336523169362,2.5352806828127,1.5309470478798717,2.231571643620334,2.390259486412338,2.007484751961634,-0.02571320834217207,0.9132767692599122,1.756940831309409,2.543914993598128,1.5998220666430067,-0.4147338815935081,1.6666813871563624,1.658950988919264,0.19310116163781513,0.771203927292799,1.0967620926619746,1.7317500035565596,1.7834551727983523,1.0579996836863659,0.20796704580331904,1.906801054439238,0.1815010308645306
0.3805141619909381,0.389144133455574,0.23269081685904955,1.066655703386803,0.24746558924773845,0.54676586171853,0.5795418271886645,1.1125550957135577,0.23477857281684708,0.6328826521924091,0.8977759603877984,1.746948866276662,0.649095753405858,0.11598294244271751,0.23948556526238007,0.9806433285136601,1.0365621007071746,0.12813884455348434,0.14651267801410778,0.7199080960403904,0.5124664562583091,0.6833410353299557,0.23337819557761355,0.5094369553648375,0.8952236558237672,0.2568495912974499,0.45590836695650777,0.45009843109166187,0.16713876295564517,1.3051244831925053,0.2981434904063734,0.7548674589408508,0.645556165812433,1.043684564399345,0.9479024336499337,0.2572867494747432,0.9542255602375109,0.9793069522564471,0.19991673709961813,0.6443607850157543,0.6877832447494868,0.8296409593719352,0.5927945651413553,0.3712666619681946,0.5171569900064819,0.18040831808235097,-0.5896160655830416
0.6419768379616511,1.5308284137682033,1.5333342911366798,2.2036161815417126,0.475746098673201,1.2350047688923909,1.3010420798514473,1.4823960325001517,1.3831174937765645,0.6741238832416804,1.2454704983671032,2.69678019085828,1.4002277464809354,0.9880825762156663,0.5634433930864164,1.6366309861116288,1.942719955701681,1.2210411264040713,-0.09137425453940075,1.3858624363425227,0.9618878962292068,1.2736471723128748,1.5127035464806362,1.336240214234689,1.327092170438259,1.5086582029703162,1.1256745292778099,1.5262254939385567,1.3230392216442697,1.6084164174337197,0.5287808912521108,0.6774510727693799,1.1958046399884035,1.4399718475839283,1.1444778596120704,0.5801569968036233,1.7225776245490783,2.1887248021128447,-0.07526212217063477,0.8032441305360989,1.343464585478183,1.462302857742753,1.1842840282999927,1.2996279691057224,0.10490373106893107,1.2563259649996246,0.027277611575016167
-1.3974320346099094,-1.4723817608846792,-1.469899925468503,-1.098447253363635,-1.1780659099779287,-1.0583182173095091,-1.238518308435509,-1.4541963433814387,-1.4114680032241957,-1.3073298085346168,-0.9058894553798507,-1.3322547944111585,-1.3488583722957375,-1.3171471786242432,-1.116500391045583,-1.415693978375828,-1.5542541221177666,-1.42317839337051,-1.1293102625859306,-1.3740884003836547,-1.1865953960550666,-1.211610645455071,-1.42845330031119,-1.3815666667586453,-1.4193912311371488,-1.330477962110275,-1.2696993569859545,-1.3525081087092292,-1.4162613891844855,-0.6263662559226012,-1.4907026917630115,-0.9917833015696375,-1.22713118313349,-1.4802880130262819,-1.0467273122709524,-1.0936374055311726,-1.4194660572974747,-1.5998550330280878,-1.0430738377465074,-1.2767059984503522,-1.435208336601854,-1.4008425136747562,-1.2846083542868385,-1.612628734106523,-1.3379826752124995,-0.01344631138633535,-0.8466550977322322
-2.483954710310428,-1.7278094303783522,-1.8216407015503966,-1.2297793217973694,-1.9815853789342173,-1.6165319999625942,-1.80939220354865,-1.7271961371191744,-1.677438927837259,-0.722454168199513,-1.8654806309214216,-1.8244898378603664,-1.9043731838620075,-1.638723549606469,-2.6448043408769686,-1.8922844177883422,-1.1057094718010092,-1.5795921975248304,-2.546844023472765,-2.0755772266857098,-2.1641365811913946,-2.217035006389627,-1.7819686475367384,-2.0657624396879255,-1.7727887914209142,-1.6327358588384324,-2.0311850893066703,-1.7181126207293627,-1.7073770602616203,-1.284829007893661,-2.4526294123635295,-1.4130754373248398,-1.3334958044734413,-1.5982306568312177,-1.343256344654514,-2.6360311258135165,-1.8859803631652323,-1.2060100271670706,-2.6822197363098703,-1.9072738425399105,-2.176008968890542,-1.9003975220135536,-1.6425747047179102,-1.8542570195258798,-1.4410459899468875,-0.5988551738239509,-1.0008785170217467
-0.17146259839167807,-0.7022286361992107,-0.7714980889626581,0.765342414951691,-0.03401056182365647,-1.042518935388665,-0.9597089206111221,-0.5577240477291434,-0.9007534069387528,-0.34078532085263114,-1.214239611429919,-0.11260574230923355,-0.6236187504948033,-0.6371638497166859,0.09787150513040306,-0.4614286867394712,-0.5901970354338495,-0.7896027691840308,0.14464022273103974,-0.5769737340782349,-0.4549789164701304,-0.34487234644806003,-0.820535655700983,-0.5398007919682186,-0.748659357666291,-0.796760981853261,-0.5439060464789641,-0.770879859529195,-0.6411964943188281,0.4383480605978746,-0.015748386842217212,-0.98739239099529,-0.8087078380827818,-0.5125922091355439,-0.8063944186087697,0.126136354435725,-0.41267480105823245,-0.5475569430319973,0.06445717479630465,-0.42134075955351963,-0.2790446081624425,-0.6776463743104991,-0.3383788468598136,-0.40448730700974006,-1.08032438837653,-0.762054716555899,-0.7952472913023941
0.30498050004384425,-0.5009825935678319,-0.05555351349857308,-0.9671151849298989,0.6991398693647837,-0.01726388645482327,-0.6571005682938923,-0.48209572649098753,-0.6891867719290059,-0.24443080831024624,-0.5845007541555579,-0.03785893941509526,-0.2900566374301102,-0.7953805302635731,0.3065329300151301,-0.37481013840393634,-0.46393485548465324,-0.9043632069132841,0.3512060850950347,-0.30837109258238676,0.05728119675203718,-0.13680093000655666,-0.49991445643003324,-0.27086264607072436,-0.2701534957261624,-0.6179247059898898,-0.11147315908637832,-0.537209506150404,-0.6095774182795671,-1.0453880071769117,0.3439495247206832,-0.3332669045756033,-0.856111283498855,-0.5320291568345976,-0.7102168373188206,0.33612715870621346,-0.36945350674614463,-0.3486129347616714,0.31663346688297517,-0.285013162307744,-0.1259612812128338,-0.337604076293475,-0.6362744492142546,-0.3790527506498074,0.15643538843612506,-0.880647673023785,-0.743839484872556
0.6710282464028414,1.6237112026749938,2.2185052403474206,1.8283817003024687,0.692158814030672,1.0738504146085928,1.5043876625434636,1.6668553525932164,1.0957176321093682,0.8897030455446829,0.7765403649081717,2.5509327705770337,2.0744423041083753,2.3567868207229896,0.0182919226668575,1.1971193337050428,1.1125984411185683,1.2951168806483757,0.6107964766113878,2.1219339320552177,1.0315231820185695,1.148382097657758,1.7119124578111338,1.3173800033607044,1.494051647737676,1.9572682884584103,1.5167269595078692,1.714817818954492,2.4667079294473,1.7680437512448863,0.7216484041544708,0.3093808814592144,0.9445496289491473,1.609809254663037,0.6224979149668493,0.04203991792215656,1.1242032098725512,0.9549094740172696,0.6233343626640624,0.43096748332823837,1.173491209044832,1.4946365152404095,0.8616534120316449,0.7527850073671788,0.6202203047408698,1.9695430743111793,0.027277611575016167
0.22944683809674876,0.4781568061579145,0.5026245442636255,0.19611170691175672,0.014996446621809526,0.023304483981202325,0.8115064178151123,0.44020087397433616,0.6091547084096424,0.9928061231678578,0.3533595127623058,2.1133905097332923,0.22905691867740213,0.7198718454738275,-0.0631674924533073,0.003131572479891364,-0.0663136258103891,0.8990965021884394,0.5171737124579486,0.2817551927734803,0.2511906910755992,0.004761869944081014,0.7030641686171158,0.3100782487878981,0.20846367253216563,0.6124934891276178,0.6848517897457425,0.4257170663232053,0.7145096150859727,-0.207344504668292,-0.10607467205148853,-0.2553624775805071,0.5425416112863377,0.4775598741356532,0.17825966420495934,-0.039303361443647315,-0.017418772829599635,-0.20222806532660356,0.48276311876439726,0.12180032735717979,0.01104208213220428,0.20129021533413827,0.6312029718399681,0.2822457147084317,0.10490373106893107,0.6418216362406857,0.2843166437242069
0.8918189505558886,0.28852111213988485,-0.14474386981824658,-0.46617715247550784,0.4911044204082473,0.5651475302540262,0.47560964047941123,0.33874824792315106,0.24738382990751356,-0.016666736833594688,0.8646077314358251,0.37962930113997445,0.3623171669220738,-0.068723004088776,0.7940361989650353,0.4080526453585969,0.29782371083867354,0.058051784768489025,0.5393027294396708,0.26462249416637473,0.5422766179276881,0.577336334483384,0.3890579927285157,0.5466524365901303,0.3498226966456722,0.21283430858060395,0.3848079250964969,0.3067504211520859,0.010878145392183462,-0.2532373631390015,0.5713724670180487,0.46278595228826763,0.556779395245229,0.3718832652864303,1.2544268266756375,0.7803866075502167,0.5606725784158814,0.47114233407471096,0.6940459580802572,0.7317986383688971,0.6391539823003989,0.6372556972608776,0.257105090595479,0.8163713982670094,1.4962584799831675,-1.250953647062046,0.13009322443469246
0.13067204939670232,-0.7912413089015512,-0.8634645689558587,0.13119614165736815,0.061350654040313195,-0.8175197584038403,-0.6458035914776693,-0.749377281305838,-0.8268361793590842,-0.5192473752112906,-0.6339099779736701,-0.6923492379271903,-0.9443929442505058,-0.9012269918388054,0.2783354401658432,-0.5538039268773183,-0.6394462614250831,-1.0897805179217206,0.196983859053189,-0.8861237622775667,-0.39625315878776773,-0.2190968624115957,-0.6835600374455251,-0.524303757916076,-0.9166205918295044,-0.8216349509992037,-0.3687145577358976,-0.8184178692658682,-0.7727489750933902,-0.18779015627642295,-0.5003280130093956,-1.1309907549460363,-0.866161483940425,-0.8645330582494727,-1.3006094725813726,0.29232693135539706,-0.6625036688323365,-0.6997972072444681,0.20230218851124807,-0.642382099365865,-0.49262278581811403,-1.0759970346816308,-0.5763573347644184,-0.23916269067018017,-0.7711344441733662,-1.8197567060844142,-0.6924316784427179
-0.5898028799448181,-1.0621494432130225,-0.995773441906898,-0.10670251944831269,-0.8397639684868616,-1.2599542096511591,-1.315187124428276,-0.962058877373142,-1.371937916987866,-1.003081999475683,-1.125714752089135,-0.3663802535986046,-0.8855811767353985,-1.0013774317096245,-0.052640429576239545,-0.8415634603023007,-0.897690786381947,-1.150579617751469,-0.6403440988936538,-0.9085231793453751,-0.9816720510989774,-0.6924472378609994,-1.2289690014372017,-0.9738907899100359,-1.063099706580193,-1.1061254782002279,-1.425124922891938,-1.0992951035677059,-0.947846489020667,0.1506197914032482,-0.7587704802985569,-1.35313236947743,-1.2782197020448052,-0.9239761507271607,-1.0864866357141418,-0.15193251748860448,-0.7738960604320245,-0.9080819643263651,-0.6704322493724878,-1.2013407827175415,-0.5937340405821125,-1.0379510976927218,-1.017746744544877,-0.8623093214885208,-0.7196027868061722,-1.0817779857156469,-0.8466550977322322
0.8220955702970307,1.828827361510822,1.8552465043434505,-0.06655242995571382,1.0132873593998228,1.0127880225557473,1.7679837882553362,0.569322398039482,1.7814436178416257,1.939479835889741,1.4284676236193703,0.03506477072552911,1.8940186900953981,2.0830459718215253,0.4443873248338704,0.6337641417783932,1.0358645196024827,2.1298936496322702,0.7512306228415448,1.715825520627524,1.3961304087359063,1.0017025699980615,1.6892376912431737,1.317339062237245,0.9041281612797358,2.1327026736465267,2.3770423060140007,1.774794652706688,2.1547982818646547,0.13186357968043597,1.3565039674580714,1.161667695910944,1.8909435038636784,0.09070800245546293,1.155583815881117,0.35489868471370717,0.6125198970298058,1.1012943434523375,0.7468666679092212,1.3042363994313266,0.8034676069440004,0.8264075936221694,1.8679536675353,1.0961515182262644,1.3416635078815855,1.1289776710126493,1.5695118044701606
0.16553373952613037,1.588880156834947,1.8895050518039875,1.2692823232559958,0.42827492240123904,1.1408861494808118,1.8003684551285084,1.2711901109935932,1.8273267536516515,2.2103597398269925,1.2134460014479564,-0.08708244376001528,1.6857402023400665,1.9868219158440406,-0.22483310092255504,0.8731715296346965,1.423719613811063,2.121631353966559,-0.1415901007671544,1.7615127169131393,0.8751567565690852,0.7683987373083286,1.5624342450811848,1.002534575727325,1.2875784274773967,1.9167672971610357,1.1228305116034099,1.64776901703673,2.0480762553878487,1.337049949954738,-0.526365127251214,0.8490702641876093,1.0291388159990307,1.283344016610974,0.8601653791244604,-0.20386707277600266,0.7468766787957584,1.1786692030108734,-0.2878228818855826,0.3809237373101326,0.49143988527018145,1.055437667563905,1.055231781792653,1.0452824055064,0.8778785915768397,1.4308593082037693,2.0321820623387037
0.6129254295204607,0.05631413987290942,0.12873384525466097,-1.0102671502724128,0.5211229583449283,0.11683556147612188,-0.0779422235155209,-0.41476807465701854,0.264022769267194,0.15673389371447236,0.06857023658846714,-0.22381440027368402,-0.06183659233650245,0.15441726365211547,0.7840104247963999,-0.2818962101427986,-0.40812836710931816,0.3606227501817634,0.5410049615151876,0.04221468447042722,0.38742286909834706,0.09422880147914964,0.30691739907452037,0.23560225110150804,-0.33749381823692765,0.2151179587444292,-0.026863633272965114,0.09261752673656878,0.15429542452577194,-0.8777793066751883,0.33671699298684443,-0.19692869419063694,0.1212707094438515,-0.4018204780739489,0.2493377843268618,0.7979066984905436,-0.29138919860494156,-0.411349307376701,0.5619941835078451,0.23530032005844354,0.15208382002370838,-0.3268261904609226,0.12421200341827947,0.015182872929142596,1.2901318505143915,-0.31705646082068994,1.6723274173298368
0.3630833169262249,1.3063616739101271,1.5392409372505653,0.8058677389255282,0.6781967033624479,1.0038909592463292,1.6384451207626445,1.0369267744754005,1.3962269611508578,0.05456811679696328,1.0441736605896115,-0.0889055365135318,1.4983528698915016,1.5062546477725804,0.3591682444004671,1.4352405938939814,1.9217925225609305,1.4503910578143215,0.4503611034939042,1.4185414725745948,1.1806000709968456,1.0253026869376227,0.7878692261659269,0.9949686561118858,1.7756566327826924,1.236769453108106,1.803261740203713,1.31013182968218,1.5123255665988353,1.215334107923724,0.40663146641395015,1.3405710787265646,1.3733581811228115,1.0701037166116507,0.9401282642616006,0.3473900743107097,1.4910371747078695,2.008183463142927,0.44740732105629927,1.0315063057633622,1.0943692050575764,1.7295944263900496,1.3071909297355533,0.9944132927865352,0.5171569900064819,1.445535071741439,-0.6924316784427179
-1.0023328798097204,-1.170512696937611,-0.6766373523736542,-1.2654265975150985,-1.373535459333064,-1.2032732016054046,-0.8468897788064409,-0.8639265190836316,-0.8860808876852165,-0.21349988502329248,-0.8830148147233171,-2.952984252286512,-0.9072953169481885,-0.7395263368513548,-1.7606563813804184,-1.3299690737629664,-1.158028054652886,-0.9063575541429391,-1.2842133814579828,-0.9822572377952161,-1.367099445848392,-1.5041990331442123,-1.0947300916009557,-1.346927746903113,-1.068219797217375,-1.0333161823766506,-0.9717885055925093,-1.1475143461236406,-0.9438100112284209,-0.6143942058867647,-1.669105141197694,-1.4189355693040409,-0.8602988670161756,-0.6829957409049155,-0.9789809790297642,-1.7863067152076653,-1.2799389697465389,-1.1906744694167304,-1.3834266373702413,-1.4069196036659775,-1.42544390859398,-1.0381666554093723,-1.0864209757219965,-1.4981732304868278,-1.4410459899468875,1.2958094102296362,-0.8980629041620705
-0.7408702038390075,-0.4661515477277856,-0.0526001904416304,-0.08156180920528328,-0.2537741837415014,-0.28031129872600113,0.08624050621358832,-0.21555200895650894,-0.12068967713994773,-0.42626714520930065,0.041120667800626995,-0.07796697999243789,-0.1004535763884036,0.19506363212536323,-0.5412715981201163,-0.22617052656140663,0.18551315298331134,-0.09066953721430714,0.030760896878947522,-0.052966974457938465,-0.1446872126684964,-0.36437529105170113,-0.4482167039474055,-0.3798724813957665,0.05152176387071416,-0.3857469867251435,0.18074965695826659,-0.3613522289807867,-0.01633750032826343,-0.331055688371945,-0.27965543366361184,-0.10941641874238169,0.054269373166716775,-0.352756338251096,-0.09605745564050838,-0.5411288233772934,-0.39826911350389643,-0.11997371012023142,-0.0531115019197793,-0.06478184321808617,-0.47969275435978675,-0.05037341885595723,0.11883482648047311,-0.9131784342083854,-0.7711344441733662,2.031323753076225,-0.8466550977322322
0.5780637393910326,-0.3732687588209955,-0.3302125577942575,-0.2166462224514109,0.008015391287697939,-0.16649253873975528,-0.039532502340362465,-0.1869608143420837,-0.3362395733903442,-0.2163117871402883,-0.11557062069662564,0.2902977562177092,-0.29638729055337304,-0.6571275762729344,0.5383789576648289,-0.11602092387653241,-0.08026524790422312,-0.8559290599073929,0.31716144358469417,-0.2956802047252711,-0.30197950053203415,0.12541557271325487,-0.06186943919916473,-0.03257166049139609,-0.4092863934756764,-0.4094746423761061,-0.1612434683883856,-0.33836823483368267,-0.530071037523207,0.012143079322061311,0.1992988900439138,-0.25889531040824165,-0.2782247581085654,-0.1263064621456187,-0.29929645536407284,0.5488711201244683,-0.09614668048561657,-0.09766744430155483,0.23995824293770432,-0.25519219392112324,0.09108628209798053,-0.2837146471307137,-0.5210492291184161,-0.1501417434104173,0.001840416334543092,-1.060583308639664,-0.43539264629352714
-2.9371566819929966,-1.863263497534088,-2.0062233926093245,-1.7888786988438439,-3.065743272321808,-1.8658561117517924,-1.8899773048377084,-2.193878216954628,-1.7848357182497372,-2.0074934356665435,-2.2291874173603006,-1.5619644813541227,-2.202546945967664,-1.7938433639839655,-2.8603584855026334,-2.1802304201790794,-2.4032103265275544,-1.6593660867110045,-3.1004950060346896,-2.3033786637209315,-2.426455571629376,-2.623221066167671,-2.103145628940916,-2.4250794803278546,-2.279789070820143,-1.758652166888735,-1.9785707623302622,-1.8983759687181936,-1.9844262178203225,-2.1408305854560377,-2.5490631688147096,-1.7333249121111334,-2.0411974189006794,-2.252104674085782,-1.9107707100028284,-2.8756809411758444,-2.182163099656716,-2.386150903136454,-3.054946519377162,-2.215081717161253,-2.5791894342452686,-2.239362031447323,-2.136506814862071,-2.0195816358654395,-1.8532992488844393,-0.24126799392784856,-1.0008785170217467
-1.3160880909745762,-1.425940366431284,-1.5413112769853812,-0.7933816201161286,-1.4348291251665672,-1.8226598901480404,-1.875215921797843,-1.6058219044979376,-1.5660588761841296,-1.3348864492811743,-2.095828262332711,-1.1433823851469436,-1.6057562760377229,-1.3883751005202203,-1.0490770597615076,-1.4489210280241447,-1.5433718568845758,-1.5523551125026938,-0.9637681932418957,-1.5782213315653562,-1.684375542734068,-1.5124780249164258,-1.488658739656887,-1.5659436515573941,-1.6237496313516349,-1.4130828250177496,-1.6918937807506989,-1.5047436144447965,-1.4179126755540408,-0.6399345792965513,-1.7631280537375944,-1.8941977359607924,-1.8849168020342624,-1.5614325519640777,-1.8803403898256388,-1.0477097385661724,-1.4056243331568874,-1.4505424662043187,-1.0688026351148103,-1.7359572337350235,-1.4313242641276107,-1.5410628083562614,-1.503997173349315,-1.2692622232474373,-1.1833877031109181,-1.1485375658946995,-0.9494707105919086
1.0835582462677438,0.6290913381314488,0.5971308820857963,1.2092448062577166,1.3344159047689736,0.7498979875836743,0.5705042457356857,0.7814506161465061,0.49570739459364394,0.055505417502627656,0.9023508885191049,-0.20193728723149879,0.4981096764160517,0.20004073846902562,1.0897965369397848,0.9504486473503722,0.42896895852071115,0.17828243204193725,1.4619125143699194,0.376936851701846,0.9899245749646243,0.9436498198175011,0.42417169275441935,0.7658894233110958,0.7427339998903001,0.33216625067314653,0.3791198897476962,0.48529565530485586,0.2833403963687876,0.6706058312931212,1.3243593819743442,0.333054503500735,0.5760422794249057,0.6851389272323392,0.7779813027335106,1.1120169003492593,0.9092354366099953,0.5784912383270938,1.4667618260620494,0.9616420184315445,0.8918899272375207,0.7401845069617515,0.29320899289217495,1.0961515182262644,0.9294102489440337,-0.3233027634160885,0.1815010308645306
0.9324909223735544,0.532338433020209,-0.23452489074930977,-0.4868150489436675,0.8792510969848737,1.102388164846349,0.8559411932922568,0.1672010802366009,0.8597472193720921,0.27858298545095334,1.27406379918777,0.8791567156032434,0.44999671267925756,-0.1436561051517016,0.9112124345609639,0.8234581997080349,1.0079612754148146,-0.0425202969555092,0.7550606450114583,0.3531414369697546,1.045750166437333,0.819515478816609,0.6126798309664098,0.7868076079910105,0.9915036210664311,0.4288181055222187,0.6699206969551407,0.5774969331889437,-0.17015176771460683,-0.023773070785450944,0.7288809358883096,0.9433568376354383,1.1087029028281286,0.05579697988920284,1.3099566080208738,0.8961443512630901,0.743043189424675,1.0504081745534801,0.8478223794371623,1.040258413229389,0.7251171133178611,0.7304844097124542,0.9323248803570926,1.1470206309461293,0.9294102489440337,-1.275356015695344,-0.2811692270040127
0.8569572604264605,-0.12558132173622147,-0.5617530854585769,0.21674960337991503,0.8024594883096413,-0.12105596385140659,-0.4017888922472499,-0.15652502652672817,-0.33271010140495794,0.25889967063198277,-0.04351550262854635,0.3249365185345049,-0.24542553291111074,-0.6325185504626003,1.0252556157291932,0.13677548300932307,-0.10398300546374087,-0.5114768026713763,0.703142566708188,-0.1424377338506029,0.28448261703444644,0.5136867685618028,-0.16521487370196689,0.20841461571572603,-0.16886474616451652,-0.3324978142154387,-0.4605763286190312,-0.20610333781476378,-0.5719647843063662,-0.2472513381210826,0.888800248669849,0.3719083804144185,-0.07303316575983992,-0.3301113506405475,0.30708875692590704,1.0588309099946962,0.05591762920316247,-0.08302895735804745,0.7830744125500448,0.5764660686192391,0.3267706425695019,-0.16677458584752153,-0.07704804768245199,0.16779021108873618,0.8778785915768397,-1.129942638765848,-0.17835361414433643
0.13067204939670232,0.9812719127363613,0.9019138215622989,0.9953611519513474,0.22233379004493534,1.1790309095106162,1.3439705917530946,1.1180888753163498,1.1816854854677137,1.2561876214597876,1.513103794048543,0.5090688866395797,0.7209486663548859,1.0693753131621617,-0.0944980367302935,0.3856450958469493,0.42896895852071115,1.397968216349122,0.45078666151278307,0.8030334115044966,0.952616231772983,0.37439806981519114,0.9777543020953724,0.7752963287781269,0.4895121259861838,1.0466081766074018,1.3133796957882384,0.9884410266815278,1.0083774301123667,0.9319955904089043,0.5569074035503723,1.713809403833179,1.6195880919412822,1.2871181812127324,1.5887161103739602,-0.12189807587661626,0.4054768484079239,0.5039046619958928,0.3498593972592596,1.2529582040241936,0.43435414597229904,0.36996412861358097,1.6367350592096517,0.8672405109868738,1.1355368784128097,0.5452644377609251,2.2378132880580566
0.6361665562734133,1.6237112026749938,2.0578444660497297,0.8602767387052198,0.780818216773894,1.372877774728549,1.029914636262092,1.1826496373489215,1.6753073531382137,1.5598730500953217,0.985843326915451,0.09522683159154305,1.958274819296511,2.1485778720130875,0.5252201290684942,1.0696969191713872,0.6933521971988625,2.0526839211699373,0.7903819605784379,1.964884194823414,1.1393144315194823,1.1219077694742183,1.6211454387688229,1.3295913757847575,0.8234310805850176,1.9231305067658246,1.0417760078829976,1.7502219742739498,2.176815433458724,0.8242471400863676,0.2426940804469452,1.5124160800781135,0.8884360098170466,0.9493304493553965,1.0722891438632625,0.5232167012475613,1.0400299392413528,0.7283614617963307,0.9504819848305536,0.895911056020291,1.1537815302881982,1.0096316527755582,1.0506227729888193,1.134303352766163,0.9294102489440337,1.2804507204155844,1.8779586430491895
0.7814235984793649,0.691013197402642,0.24539010600390315,0.35183401662604397,1.0412115807362712,1.0286446597589318,0.42138415176154037,0.5176737884134237,0.7173078142475606,0.8831419406050257,1.1116538505263849,-0.510039962575632,0.3876397794151235,0.4798647173460785,1.0879167042831657,0.7647439307111416,0.5224448265493981,0.6036482054525012,1.0721013690765109,0.40136681082679354,1.1667121347860463,0.756800821167794,0.46284754853768667,0.8007303193756986,0.45834635689029335,0.4515523257475362,0.5909992064905287,0.6122119688809387,0.4438821267422076,0.7504194981987039,1.1925665814910653,1.2495988123645485,0.6731942170267511,0.6709858099757476,1.0100957887565978,1.0851110464051856,0.8609350093158287,0.5722176010655906,1.1230012387074153,1.3696206063962248,0.8999365392069721,0.6841395006324794,0.8217086690650879,0.9944132927865352,0.8778785915768397,-0.19886357309188657,0.23290883729436876
-1.7634797809689082,-1.2208242075954558,-0.8808891749918215,-0.5813741382159565,-1.2855741621232526,-1.1195442817534238,-0.7349743951470574,-0.740338774621278,-1.4782254447763654,-1.760608429794322,-0.8418404615415572,-0.2941857805593873,-1.0090289126390144,-0.8134640166455486,-1.5786885802196828,-1.0306062450727238,-0.6475382022395066,-1.1212342228008412,-1.6968344365633188,-1.0597351081629052,-1.1918428190890813,-1.2082677166851523,-1.4956271174456905,-1.4028737921114318,-0.8595204505931041,-1.2758747577893184,-0.97633893387155,-1.2406934320502303,-0.9032617570426773,-0.5445572473443794,-1.4641834087389372,-1.079782161003238,-0.9621408981574209,-0.7699902349754366,-1.1022570936161886,-1.527134512797545,-1.0027959612473312,-0.4505246867207524,-1.5447001917351293,-1.5564405521347084,-1.2953684671947756,-0.7362780732395832,-1.076434789980357,-1.3074140577873357,-1.1833877031109181,0.5239356583483967,-1.0008785170217467
-1.5310685134393855,-0.9383057246706356,-0.5514164547592771,-0.561861945191516,-2.706218922615042,-1.1705282315715677,-0.014679153344671743,-0.9229535015134117,-0.4272495295849566,-0.6962097484408866,-0.09269598004009286,-0.391538933597118,-0.7056640149722828,-0.2031048753676764,-1.771308766434594,-1.1361781714704133,-0.7004148499751366,-0.2322681905197671,-1.237401999381264,-0.6637159525816183,-1.4143445095964933,-1.3222330351353733,-1.0344989017317112,-1.23340347036453,-0.6491515091958387,-0.8176416778991533,-0.17617456117898792,-0.9315741232347386,-0.49888007276494306,-0.7401007312630569,-1.4191809890617197,-0.8440307632649591,-0.09899618356722932,-0.8415106541787493,-0.5258579632526367,-1.785680997674082,-1.1896394253336544,-0.8268035082495608,-1.2415774730714884,-1.067792777129756,-1.3246955047966944,-0.762791672387662,0.0013051019827178293,-1.599911455926557,-1.6471726194156633,2.434709407415626,-0.9494707105919086
0.729131063285222,0.8574281941939743,0.38744494504285426,1.0591510137620181,0.39895448999796856,0.5953884525954323,1.1353530865468413,1.1042544263093694,0.8637809016411052,0.35544164331550154,0.9938494511452377,0.7643018721317624,0.8557915778803735,0.49866711908880557,0.5258467399540334,1.06279913111952,1.1056226300716516,0.6056425526821562,0.35971724547262074,0.6593091065226644,0.7262493916947906,0.8008867997869603,0.677814349694435,0.804728902433641,1.1935245885987251,0.6337114418111647,1.0190238664877935,0.7659000919388709,0.5738444799016429,0.6306989978403292,0.49663630576838497,0.9941312937709519,1.2293053081269714,1.1191678564345038,0.9112527779620772,0.536356769452807,1.1670967437286268,1.2337377967507328,0.3677502828464903,0.8520672973830312,0.941736729475245,1.2090225406777753,0.9922419948069287,1.363214360005553,1.0840052210456157,-0.727260541831529,-0.024130194854821978
-2.6582631609575698,-1.8168221030806928,-1.9220536854864532,-1.342349666169143,-2.114225430282345,-1.9713303776121456,-1.8169235214261323,-1.865540627188973,-1.8110546529983236,-1.865961029111094,-2.0256031155171543,-0.8035578958916407,-2.0119942869574676,-1.7161452038412264,-2.8014570622618997,-2.050196658284331,-2.0683713962755426,-1.6223282095888523,-2.938357400841689,-2.113649890257056,-2.3113617453415642,-2.420693403105761,-1.9424802443143458,-2.3071240095267664,-2.0955771141997865,-1.724022019883877,-1.938754514888656,-1.8754368747167884,-1.8235786936747629,-1.9831985933175116,-2.79818370631359,-2.0719305492188522,-1.9281326639330143,-1.937905470989433,-1.9540839394521128,-2.742403106522644,-2.09213861243403,-2.0843192437774802,-2.933544081463815,-2.4303197578233835,-2.4818404979766497,-2.0943994669994948,-2.1418839917998764,-2.032298914045406,-1.9048309062516333,-0.26737487065400967,-1.1036941298814231
0.10162064095551199,0.389144133455574,0.2979592564174859,-0.09657118845485271,0.18044745804026385,0.37161891690761656,0.30314246108507226,0.027011996965870776,0.7334425433236134,0.5100962597502651,0.5249193176863054,-0.3733080060619632,0.2724218925717484,0.3131316548333682,-0.17909050627815584,-0.05467967070800132,0.17504943641293558,0.5315667984378509,-0.2543629757701601,0.3363260105590766,0.4099174136651355,0.07312387891622774,0.41123920759515403,0.22931915335448758,0.08825284887658567,0.4071445109060444,0.2994873948644848,0.32435459697238944,0.3136139798106328,-0.7201473145366623,0.011253064964113003,0.6060623549792497,0.3415376024549323,-0.04044421745562574,0.7668753464644632,-0.18071552403342764,-0.15370672535750274,0.16721946229523604,-0.22605672926300194,0.41410129841747945,-0.1194456351162223,0.0854279426342011,0.23636455097822837,0.09148654200893962,0.7748152768424518,0.6258607956908484,1.5181039980403224
0.28754965497912943,0.03309344264621154,0.7306210842596134,1.2842917025055651,0.8247988653788002,0.22060315795951146,-0.004888440103944853,1.0267815118702819,-0.28430591417679824,-0.13476662574741416,0.312185159580546,1.065112176461832,0.5908537446718444,-0.1500157410352715,0.740774273694159,1.0811684743078018,0.9249491239565035,-0.35876678622927183,1.1265727954930569,0.5292275059872315,0.5630237601918969,0.7595613273515709,-0.2758705957228931,0.3476512824914091,1.0037473160683883,-0.1801093899420674,0.005131565564039956,0.1011032638375693,-0.07229776062985506,1.0537114324399182,0.9836267758468429,0.15123744412615753,0.2217727138595542,0.9295160851961665,-0.2282183352421704,0.7109319613224917,1.0045475617057915,0.8524400654127219,1.1677284526754907,0.5773953732154727,0.7644761965841661,0.9250252489900226,0.03356816360955272,0.0024655947491767287,0.25949870317051305,0.9572573563103886,-0.743839484872556
0.5548226126380801,-0.586125150065723,-0.4873293444236177,-0.877058909432481,0.8073462270435202,-0.3106361556269303,-0.9854660277521108,-0.9413994335227185,-0.7572551602186054,-0.5218718171871538,-0.489570995430945,-0.9056510900885139,-0.5236577376784904,-0.5841300165658767,0.3134256497560679,-0.6797357624457275,-0.7743584470724559,-0.8533648991835515,0.10353131810730232,-0.5168189256355074,-0.15432400596406534,-0.3245469352422957,-0.43260902550851354,-0.3714290570341643,-0.6702997096537646,-0.6052453471112641,-0.7862163523378811,-0.6079729166436202,-0.4582095010703429,-0.32506966335402604,0.40422062250267055,-0.3835460356960945,-0.9616383881353424,-0.8613250183379786,-0.46366460814597177,0.27167825274715396,-0.6683521925562279,-0.6818127804281601,0.2246231981486494,-0.2508508157327453,-0.42139550269796544,-0.7283024377234947,-0.8267801464393738,-0.41720458518970593,0.41409367527209384,-1.0698556398092005,-0.5382082591532035
0.35727303523798554,-0.17976294859851596,0.003512947640283901,-0.7607362202483144,0.1895228299746091,-0.07294047760495488,-0.3257225816846811,-0.5005416585002943,-0.07152917448634799,0.35544164331550154,-0.3100050662771588,-0.7670960408213285,0.039137324979531846,-0.23130847798176699,0.14988020863019913,-0.31873262658527163,-0.1849024136079768,-0.42856893926717393,0.3980174671717549,0.015246547774056221,0.003685499262471668,-0.1306103211733738,0.09123888205862005,0.0014913542274630279,-0.2868494434561039,-0.22057501798496995,-0.3105543962944084,-0.21300507586272485,-0.0591486284278414,-0.9655743402713292,0.15911815818925557,0.14657920372752634,-0.3536012614203427,-0.4471104532950446,-0.16602498013550554,0.24226952866874826,-0.26268130655104344,-0.048872487823198564,0.3890489561646213,-0.05143869364230533,-0.001977155211627087,-0.21904733213539995,-0.42118737170202303,-0.3027490815700109,0.20796704580331904,-0.3148768303525807,0.13009322443469246
0.8860086688676507,-0.24555492407415883,-0.7525377549370852,-0.7794979443102769,0.8597041420493601,0.3768088705047771,-0.25794072078734254,-0.29763640639792277,-0.15724492270288026,-0.4506369635565958,-0.03550937839875967,2.6420874082528125,-0.46731492488145554,-0.6820131079912487,0.8955471624224708,-0.28751764353389236,-0.32441863454631503,-0.35734225249380414,0.6873969200096549,-0.527288908117628,0.48787242086528687,0.10734910203682395,0.12203221646715785,0.14365258192231742,-0.670856241244763,-0.3254841927533888,-0.10436311490037714,-0.26024198131798226,-0.6799099858717325,-0.6662730893753932,0.6573592331870178,0.012877870628415094,-0.2865999251432074,-0.0885648161280387,-0.27708454282597805,0.8617298869160188,-0.19380160039023325,-0.257993729873296,0.7681653412273521,0.09239546550618659,0.060647787382079,-0.6555517083537672,-0.206100294189791,0.2568111583484995,0.5171569900064819,-1.7570886857793633,-0.024130194854821978
0.5315814858851274,0.27691076352653565,0.162106395798115,-0.9295917368059753,0.48901010380801363,0.3472184409996724,0.20146966973906363,0.13953218222264147,0.08175075173615609,0.2392163558130135,0.6484423772315857,-1.1517686118131165,0.4721539986106754,0.19506363212536323,0.686885737537742,0.46795726655826353,0.5789488960294251,0.1361162334721018,0.42865764453106203,0.4315076694874423,0.6705411630633008,0.4652168281770978,0.27182515781823924,0.4662058583991315,0.6169578603247391,0.1528079043637464,0.327216567189888,0.2706114651873685,0.27202602679961313,-0.31708829666346794,0.5970881354050306,0.8362792240937911,0.4537648407191337,0.11712715466776866,0.7879766633756528,0.689657565180666,0.49268921246928365,0.4815983961772152,0.5381396693915383,0.8485720024837622,0.47836640110408407,0.7175509467133917,0.5044552297345454,0.16779021108873618,0.8263469342096458,0.5567265509965893,1.055433740171779
0.32241134510855746,-0.7912413089015512,-0.6751606908451825,-0.815145220028006,0.02407181855615578,-0.48367424462983316,-0.7843798404233397,-1.0640648813846063,-0.6551525777842065,-0.5406178313004586,-0.5822132900899051,0.15903507796458743,-0.8636138103976785,-0.6043149478485097,0.2651766115695085,-0.8683039700160958,-0.9954916572597221,-0.8812857603987122,0.05118768178515305,-0.809343890742018,-0.3217616594351172,-0.5110611356591873,-0.3381618274759143,-0.4227487552914841,-1.1266556142721709,-0.6571504439259768,-0.8971330416394976,-0.6787531158869672,-0.5239551620804104,-0.7520727812988948,0.29251818794672063,0.07016075177749753,-0.5797307713556729,-1.1623146453281745,-0.5447380889100172,0.2917012138218145,-0.9576104123713943,-1.140485371324707,0.014192305765515199,-0.14707384574730498,-0.5969683566741032,-1.1922904228148696,-0.8659567212719592,-0.5952464797092322,-0.7711344441733662,-1.1690341758350584,-0.5896160655830416
-2.251543442780905,-1.437550715044633,-1.2416671196279603,-1.5112051827268025,-1.8157155041957171,-1.6479438094093437,-1.09512201604825,-1.2169816577417572,-1.4915365962641096,-1.4921655076918003,-1.7408138393433148,-1.6239496349736533,-1.237565490388785,-1.0300787449580813,-2.285004370400059,-1.5878044428470972,-1.2428539169833952,-1.1741698964108094,-1.7705410854332078,-1.2974354377266777,-1.8920243136695538,-1.9109991002473439,-1.6620463135004204,-1.8288631793654204,-1.2018986853751084,-1.3821463427400489,-1.3018367567066793,-1.4757601409166454,-1.0666779488742117,-1.0402001188280496,-2.138255366332683,-1.540299667433391,-0.8795617511958518,-1.0347478817887563,-1.3097163567219914,-2.246459389404678,-1.4850550792555506,-1.1031223760784228,-1.7805191027134757,-1.8070143598023063,-1.793302459743929,-1.1721357763079971,-1.2104033125451186,-1.599911455926557,-1.9563625636188273,0.8485688420402456,-1.052286323451585
0.7233207815969843,0.9077397048518194,1.0165027561716813,0.8527720490804337,1.2366811300914076,1.4602641430117365,1.16547835805677,1.187261120351249,0.9595808555301701,0.6553778691283755,0.6278552006407058,1.3112296981864373,0.8462955981954805,0.5622634779244997,0.4819839779662535,1.1501111720027462,1.0707435748370673,0.6740201719845905,0.372483986038998,0.8369815365222801,1.249166050899555,0.9907742503231565,0.7619684912313583,0.981635496905025,0.976477268109483,0.6883884737264585,1.6589278432278909,0.8960265707143839,0.6350032343296124,0.6706058312931212,1.2761425037487548,1.7308179907460866,1.13717847074591,1.1569095024520824,0.8001932152716046,0.5050708927736518,1.1119314275406338,1.0315872627689715,0.3805294868373682,1.3251804283912323,0.9527066424223614,1.0257984815243866,0.9922419948069287,0.9053923455267723,0.9809419063112277,0.17565383192042253,0.0786854180048543
-1.3451394994157666,-1.2750058344577502,-1.1137291648011953,-1.8995728708094202,-0.8820691638115798,-0.7161834663279619,-0.8054675304802896,-1.2688147266879082,-0.8631393197802035,-1.6728770837440565,-0.8452716576400374,-1.6075418001920123,-1.1101927495487465,-1.0411942824589284,-0.8545770408899782,-1.2670055015003434,-1.0861772008696418,-1.042258072506528,-0.7314135149338173,-1.0853707016342788,-0.9959199000228457,-1.250832574276736,-1.3076296979507198,-1.2518529052997966,-1.124429487908179,-1.1911287858360466,-1.0016506911737135,-1.1803654401150665,-1.1997593985094734,-1.2289594410597529,-1.065590548740727,-0.6694104849910043,-0.8334983325053217,-1.160427563027296,-0.9889763396719071,-0.8577418953703427,-1.2134347575010762,-1.0059507056058115,-0.7129444013154769,-1.0259185894277987,-1.2256046427908687,-1.145945513734895,-1.0626077635688564,-1.4345868395869972,-1.028792731009336,0.45120157709576414,-0.8466550977322322
1.00802458432065,1.062544353029803,1.0395386760158356,1.4512710466570289,1.5075460770549522,0.6920600815258305,0.6262359980290527,1.385554889451293,0.7619304243485202,0.3348210277908666,1.4318988197178506,-0.008689455358846548,0.9564489625402449,0.7046640205348569,0.6323705904957875,1.398687594642645,1.4613889934644138,0.7745922537085888,0.9550729138847128,0.855383323915098,0.8655199632735162,1.1135757153405783,1.3586868039754911,1.2103107772876749,1.2770043272484337,1.0737793971688903,0.7225350239315483,1.1356117959822842,0.8539515751817432,1.4567704503131125,0.9145159170568308,1.0718499738854146,1.251918259120504,1.3522225205930567,1.2388784878989714,0.6421030326283509,1.2733899981869494,1.2992624525930965,0.9487780909651035,1.2040795563058437,1.069885805941538,1.0548987732722779,0.9960828354767898,1.0707169618663321,0.7232836194752578,0.5214836277512276,-0.17835361414433643
0.7175104999087466,0.002132513010614926,-0.10924492667379358,-0.027528043906832753,1.66894807637962,0.4386049904987846,-0.18970698081735501,-0.1720196094145449,-0.1463035595481818,0.2992036009755883,0.3579344408936132,-0.570931260543053,0.12086605680084848,-0.02094278318961102,1.2116096930887081,0.3518832672779777,0.18453653943674325,-0.21967531229823511,1.2130461849293241,0.008076196134786034,1.1432708633000983,0.6024007199204272,-0.0013614312017881194,0.43157458088664463,0.08168577610280889,-0.024776294671267938,0.38907395160809777,0.09299355569589374,0.1414520860958987,-0.10199046435292139,1.4648312205382288,0.42328378234021674,-0.32278064673286044,0.0831596732519472,-0.16757981401317248,1.1732120751336872,0.28039160977618927,-0.07801004754884493,1.2258312334873511,0.48573542554749893,0.593701172666218,0.02065284878056209,-0.030497058763733143,0.6256122255675174,-0.30734952786862085,-1.4397032459683679,-0.5382082591532035
-1.5659302035688136,-1.1008506052575184,-0.8078239625630558,-0.165614333002874,-1.6720453854196922,-0.9610240737293164,-0.7525976789803651,-0.41292348145608826,-1.129614454676893,-0.9260358814700008,-0.9914406114352848,0.12621940840130827,-0.8897594077967518,-0.8137405225535296,-1.509636060633205,-0.8707749770025425,-0.3559493004783793,-0.9202040220516818,-1.6283195955237577,-0.9125842634596525,-1.2774942206099977,-1.1878071227967046,-1.154250996195689,-1.2239548049515694,-0.5109090619919219,-1.077596199856979,-1.0015084902899938,-1.0562997782239854,-0.8578819612571236,-0.17940972125133786,-1.5752429515852118,-1.116428199504372,-0.6070338158886054,-0.45994261294102123,-1.0385089046318576,-1.477452540631047,-0.8131703802386119,-0.18605602260806273,-1.505936606296131,-1.3867661771237638,-1.1336683338994533,-0.3912779477395858,-0.9221866286787284,-1.167523997807708,-0.4104128426030088,0.2231389720568364,-0.8980629041620705
0.7756133167911272,1.1283363285054457,0.7300304196482246,1.1904830821957542,0.7549883120376804,1.5195778984078567,1.0675712256495022,1.4455041684815395,1.1083228892000347,1.5551865465669958,0.9366628495039044,1.201844132975501,0.47911771704626394,0.9521368081781006,0.6449028082065813,0.8256278071712175,0.42896895852071115,0.950379716665266,0.9810319530363486,0.5197093400943945,1.064645583873435,0.8315871660413146,1.18813965593768,1.0587412794216737,0.35872720210164094,1.0979765680292346,1.0901243083478043,1.122932385273027,0.7726104317925439,1.1694412494530144,1.0350581126208054,1.5718040925410417,0.8942986267412966,1.4022302015663497,1.233325509764448,0.6552431008335965,0.8221596394053072,0.4599892011653717,0.9470741970996533,1.13377142200269,0.8953858335613267,0.3791253315712505,1.0460137641849867,1.0961515182262644,0.46562533263928785,0.5009689047365429,0.6441712887330739
0.3630833169262249,0.3117418093665822,0.15708574660131255,0.3274437753454926,-0.20141626873566154,0.3383738367899565,0.3746899809211522,0.5324305340208685,0.3394022066693791,0.2242195445223688,0.30761023144923944,-0.18370635969634141,0.32718204208796825,-0.05987481503337452,0.11854966435321294,0.14227964032132584,0.10808165036253367,0.22101844410595914,-0.18925259888163237,0.2976188025948746,0.18103379265860126,0.25630273090054756,0.3614047916080956,0.2964721487579695,0.2752474634519325,0.1789671917972503,0.2582491385856776,0.20675467319273305,0.03870537865690949,0.11191016295403995,0.11090127996366615,0.4847477893514018,0.5090409431477697,0.5530431661708118,0.44480261466209314,0.1296403726237911,0.1895281019495559,0.2299558349102647,-0.2626904473701878,0.33984015202586676,0.22441291637832586,0.3360137882410416,0.531341114423575,0.4475703310479916,1.1355368784128097,-0.25810198642343507,0.695579095162912
0.40956557043212843,0.41236483068227137,0.39984890188201466,-0.06655242995571382,0.36753974099446446,0.6235764755018433,0.5667385867969449,-0.06613995968112608,0.3709153493960453,1.0049910323415068,0.7136351031027055,-0.0032201770982995914,0.17524636712967168,0.6062279172935221,0.5239669072974141,0.174350738750069,0.2817793454307644,0.7156165570602387,0.8720891002032565,0.2027544158629374,0.5776941153441503,0.3383788335225308,0.5829558585774013,0.43391559432609733,0.38877990801553636,0.4524127409313575,0.5831781578859275,0.44543818640418853,0.3304326372783239,-0.16743767121549996,0.22662178770508168,1.257345549915674,0.9688376133496093,-0.29708741037516595,0.8468382316016032,0.5764026916021245,0.011339129622516363,0.15676340019273077,0.8567678222307777,0.5781721054153109,0.09285231753397262,0.249790701580623,1.0513909411227922,0.4475703310479916,0.9809419063112277,-0.12836948664235615,1.9293664494790275
0.3921347253674152,0.24207971768648967,0.4193408340578374,-0.32734039441698853,0.8352704483799676,0.6885663054856935,0.08021545191160279,0.3175354261124483,0.4052016486826585,0.8250292968537823,0.35450324479513307,1.3659224807919044,0.3316134992742515,0.43921834887283073,0.5772288325682904,0.09449550189571047,-0.1932733868642774,0.5996595109931929,0.42908320254994087,0.42452768116602885,0.6912100634333643,0.43046729839001785,0.19617226551349964,0.39237536575929616,-0.09317644978878092,0.28544567898914847,0.3521017218408924,0.31351492092862915,0.3527555826445333,-0.39690196356905055,0.5617290913729315,0.9204771924562327,0.3004992839851876,0.29545643210083167,0.5025535872611384,0.5876656072066208,0.11285639105103436,-0.06978461202820811,0.36349054818286314,0.7112013648553476,0.3630858763642161,-0.11180736810150517,0.33084923145681616,0.2440938801685332,1.0324735636784217,0.21502639687088615,1.8265508366193512
0.5548226126380801,0.547818897838007,0.6768706046232538,-0.23540794651337338,-0.012927774714637812,-0.2990042245863939,-0.29559731017475294,0.1450659618254323,0.8083177704421722,0.49603674916528606,-0.12700794102489243,1.2200750605106583,0.40314987956711656,0.885775390262594,0.5509111753756227,-0.18916210520293328,-0.638330131657576,1.223890193875006,0.4235509483045106,0.45942762277309607,-0.24694936831647066,0.21593743452908018,0.8645771746437816,0.47640838636540545,-0.08093275478682375,0.8260848258916456,0.009397592075639756,0.5652022972065215,0.9255073178624676,-0.06767058758352132,0.5127085985102485,-0.09667636798834504,-0.21959858886607267,0.4398182281180732,-0.09938924252122189,0.5738998214677926,0.1293617459397783,-0.23708160566828645,0.25699718159220813,0.05036870540783249,0.5332581578125424,0.1312339574225487,0.0627585527004981,0.2440938801685332,0.9809419063112277,0.6072375726579708,2.4948523202072472
0.9847834575676973,1.1902581877766394,0.8233554282476193,0.13419801750728177,0.33752120305778344,1.508603454750249,1.0005424965399117,0.890281615001415,1.3319401499884584,1.5608103508009874,1.3850058063719561,1.1070433097926913,0.5864222874855611,0.9125964633367778,1.0020710129642232,0.8696219736408766,0.8684450544764764,1.105653893831212,0.33673711245314075,0.6904017817725968,0.7531906839121731,0.9328857407851093,1.1985471592046766,1.0003592373674746,0.7388382787533132,1.2653048792171324,0.8668689209073703,1.2450174431719319,0.9793270217590806,0.5468946475894668,0.39618447613173935,1.6616728039063526,0.9646500298322885,0.8483715462583706,1.40546783193468,0.9668504325579803,0.75713458086098,0.6084652830209415,0.4146073641463783,0.7254183381559458,0.8448157403600569,0.632405648636229,1.029882233371569,1.0071305709665015,0.9809419063112277,0.319640497460527,0.9526181273121028
0.04932810576136907,0.7800258701049825,0.8236507605533133,1.4644042535004025,0.2600314888491405,0.8179864017232419,1.2234695057133818,0.8709133863916425,1.1980723196855803,0.7734777580421937,0.7044852468400916,-0.1271904843373579,0.8013479610203174,1.2150939266682952,-0.27997485885005047,0.8407446937660434,1.152360564085995,1.189986290970882,0.3516316431139148,0.8242906486651645,0.7092709006652494,0.5251583457465577,0.6033345367957346,0.5549416493866985,1.2040986888276881,0.9122185607604353,1.0993673657896064,0.9156342691229719,1.0001209982645904,2.067345002140822,-0.22018795051871806,0.8646038023425454,1.316407045287246,0.9644271077624279,1.0323077012946924,-0.2795788943395566,0.8375878472555125,1.124297680077848,0.3460256360619959,0.578075013890331,0.35403871189519254,1.0150205956918341,1.155861807343019,-0.2773145252100787,-1.08032438837653,2.549794815644568,-0.7952472913023941
0.08418979589079713,0.5981304084958522,0.9078204676761843,0.0910460521647693,-0.07854969485529129,-0.12728810489597525,0.5614666642827069,0.41068738275944644,0.617726283231295,0.8597094229633949,0.14748774685350668,-0.4134160466393058,0.6975252497988149,0.8686320239677546,-0.17219778653721804,0.5212651083090633,0.7735740242384064,0.6472389377578036,-0.6224706621007252,0.7151490130939719,0.2705686001922647,0.2625944108983537,0.4158313842944065,0.3656326239151149,1.147888998136885,0.5286531973238919,0.5085226939329164,0.4794277919161132,0.9891124224675564,0.35534184701606764,-0.02249874979380005,-0.023688770186487407,0.5810673796456898,0.5002048617462004,0.44702380591590213,-0.18321839416775954,0.5552579910703727,0.8852023933339037,-0.6775886036073802,0.4412314445403777,0.3466973086151987,1.0742989677708719,0.7018744401654158,0.574743112847653,1.3416635078815855,0.2455115936672969,-0.5896160655830416
-1.0023328798097204,-1.170512696937611,-0.8074695637962226,-1.471805562196683,-0.560940618442429,-1.1669260400587136,-1.5465492096245255,-1.4800206481944678,-1.0570081738346542,0.1801664113561031,-1.2924708824752633,-1.4908638639670149,-1.2320578221715472,-0.933080472438249,-0.14775996200116967,-1.2840046691645794,-1.5793670418866674,-1.0684694932391288,-0.17308139416422047,-1.1307406257234658,-0.9059026008086188,-0.9916355726000478,-0.9885878641239983,-1.0128754735504535,-1.5256887650177773,-1.0486469692656164,-1.1708697428005395,-1.13786510959497,-0.873171649864116,-0.917686140127979,-0.8373639918062691,-1.2207582160509236,-1.6509146350863682,-1.4349980378051863,-1.3799060003423698,-0.15756397529085261,-1.2463454464821282,-1.7065068664736371,-0.18260743569401547,-1.0088304810313726,-1.0041630868765108,-1.4493429999212417,-1.422878618401845,-1.167523997807708,-0.7711344441733662,-0.9540717232971243,-0.6924316784427179
0.8976292322441263,0.7606752890827345,0.8393033727551105,0.7402017047086615,1.2017758534208476,0.6619415637503947,0.7813811463051836,0.7076668881092806,1.1007597349456353,0.6553778691283755,0.6278552006407058,0.4908379591044249,0.5424242482788874,0.7724079679902703,1.2276509317585251,0.693614034141151,0.1917913829255368,0.8933983672465701,1.338500688894932,0.6434454967012702,0.8064473331937757,0.8991153379053191,0.8334619586909031,0.8217331157107647,0.497860099851155,0.8027641196921522,0.8554928502097688,0.7402152564189789,0.7879001203995363,0.3713045803971853,0.5046724521393161,-0.31352674588867385,0.04840675624246744,0.7889284537806834,-0.1327071113283641,1.2434175824017102,0.7359686415537046,0.3414871640036506,1.3261905821623854,0.17173311163245167,0.9193749838522756,0.5569604478083627,0.4545243010263494,0.6001776692075852,0.9294102489440337,-0.02927258242571452,1.8779586430491895
0.36889359861446264,0.5903901760869529,0.7684236193884819,0.9278189453282836,0.3500871026591845,0.44434121818750605,0.7437245569177733,0.9382410382256114,0.9217650842581706,0.7303619255815936,0.36479683309057265,0.5637616692450467,0.4981096764160517,0.38253463773666935,-0.0631674924533073,0.2977681751827683,0.2545736823477884,0.5828500129146775,-0.2445751413359374,0.5641274475942987,0.44666502328206864,0.2138528417587226,0.8278469139729696,0.4823857903905893,0.4255109930214079,0.7378725477349714,0.5924212153277286,0.6088803780700967,0.4668166596526962,0.2914909134916012,0.1992988900439138,0.131428085620953,0.4839154420438444,0.9776366838685807,0.3004251831644784,-0.07058923812280238,0.1749866169292902,0.13236592195355315,-0.1348984074614018,0.22943321790609905,0.22507593309491009,0.4168479319851836,0.3853891689688459,0.2059420456286347,0.10490373106893107,1.011553426213205,0.9012103208822646
0.00865613394370162,0.6407016867447974,0.936763033634224,1.0966744618859432,-0.20141626873566154,0.833692656173948,0.7813811463051836,0.7076668881092806,0.8511756445504388,0.6647508761850273,0.3419221924340398,1.3659224807919044,0.8336342919489557,0.8360043268259637,-0.4892628946203184,0.3705575282718957,0.6940497783035536,1.0187573359677011,-0.5041655328522893,0.8655360342007901,0.35851248921163964,0.3006477043790606,0.8852848873296626,0.49101072039953186,0.8874322135497943,0.7772699334677675,0.6421915246297364,0.707736833636852,1.0845200793751881,1.0098139156418477,-0.24268916035732674,0.644745053395094,0.5257912772170538,0.6002202236927862,0.16715370793591192,-0.49607716095931015,0.3135538895298137,0.6691104432154691,-0.5054953231968807,0.003903475596121148,0.22230331773464954,0.7563513357105798,0.44684261968662614,0.2440938801685332,1.0840052210456157,0.956912450529901,1.775143030189513
0.7756133167911272,1.3411927197501732,1.1169157401077383,0.25239687909764413,1.1529084660820625,1.4099383800311842,0.9320075038548251,0.7261128201185872,1.2116859973435,1.911360814719783,0.9709748104887049,0.43614517649895534,1.0868604168794493,1.1484560028448074,0.7012977879051567,0.7187111150666179,0.39408990328612664,1.2666262059390279,0.5980297360450094,1.1034901815217042,1.3833508993588322,0.8557179065951498,1.2475089185604136,1.1408964671650763,1.0043038476593857,1.2785277441144982,1.1043443967198068,1.2099996243235078,1.1365050206389626,0.3114443302179972,1.3002509428615496,1.2335990859601798,0.9780502970877153,0.7040097502411291,1.355491028723967,0.6990433281844128,0.7474325636067182,0.35542858014032297,0.5849967506914263,1.4235202729778096,0.862054174991241,0.99346482402673,1.053695445524709,1.5666908108850115,2.0115750536551062,-0.011410355765350343,1.1068415466016173
-2.0365630203160965,-1.7936014058539953,-1.8541272551767678,-1.905201388028009,-1.9815853789342173,-1.9086942125682473,-2.103113600770451,-2.2067903693611424,-1.6068494881295263,-1.7816039656012228,-2.17428827978462,0.4908379591044249,-1.7714294682734988,-1.7161452038412264,-1.7612829922659585,-1.9823133545038425,-2.07534720732246,-1.7676306506065267,-1.8063730706228425,-1.7424414204364294,-2.106237579523835,-2.146095682719584,-1.7192017463904146,-2.028778958162241,-1.9341829528103507,-1.6377003157163137,-2.1591658846546897,-1.7730235467385986,-1.792999316460778,-2.741428428920549,-1.6088340434157067,-1.6891827122429441,-2.0956360046258515,-2.2587094621388584,-1.9985077645283016,-1.803826806147992,-1.9968303342919427,-2.000670746957441,-1.766376783630237,-2.013797115660491,-2.1665459121174795,-1.8896196361810011,-2.3492893879723855,-1.968712523145575,-2.1109575357204085,-0.2139891027828579,-0.9494707105919086
-0.37482245748001036,-1.189863277959859,-1.1122525032727244,-1.2860644939832568,-0.29216998807911715,-1.0741818490593205,-1.2776811613984154,-1.4569632331828346,-1.2004559995264386,-0.6184137898706725,-1.308483130934836,-0.9676362437080417,-1.1554569193800726,-0.9032178343762707,0.06340790642571754,-1.0929893007438463,-1.3407943040821084,-0.8858442683522085,-0.5020377427578925,-1.0733143581700195,-0.8991607575964277,-0.8716577832442932,-1.109829912492111,-1.012032086407174,-1.287493244070609,-1.0718844358045818,-1.113989389312531,-1.1101962732892707,-0.9698024818603077,-1.5063119335566535,-0.4612723416466674,-0.9935897810361904,-1.3636464057981519,-1.5170861178934218,-1.2966113283245155,0.07645438226922784,-1.1683715417530882,-1.4381346058426787,-0.3972980627407756,-0.9160803342400552,-0.9539968311298871,-1.3275528900134008,-1.1640059572531942,-1.3074140577873357,-1.286451017845306,-0.1637252096143981,-0.8466550977322322
0.6826488097793185,1.0741547016431516,0.5729136330188652,0.13982653472587064,0.7661580005722592,1.5878027062066489,1.5947634770732475,1.1909503067531098,0.8133598732784393,1.422089846362533,1.5908775722807569,-0.3769541915689936,0.9007392150555367,0.703281490994951,0.6060529333031182,1.3379835415038415,1.4544131824174973,0.4517929092516772,0.9691163285077291,0.8160415715580398,1.3922443946600211,0.8417574519815436,0.7204886895507282,0.9184688022224479,1.4673381313697682,0.7643955326394738,1.7115421702042994,1.0020686113371264,0.663747848910758,0.45510893064804625,0.14143863617320604,1.8223511398457013,1.7937915662618331,1.0946357865230767,1.7486418806482404,0.6139457436171103,1.3159469235934818,1.3424808426167836,0.952185878696005,1.209558292358269,0.869986265891464,1.4461360289939253,1.7389014210279616,1.5285389763451134,1.8569800815535242,0.08967024435880117,0.8498025144524265
0.9383012040617921,-0.10236062450952414,-0.07711277181425556,0.3424531545950621,0.9043828961876768,0.3950996099341229,-0.3046348916277312,-0.029248095662513917,-0.29212117357301154,0.26452347486597433,0.4414268792899593,-0.5774943944557067,-0.09918744576375049,-0.484864395600598,0.7977958642782738,0.19443817649703382,0.14923893553934367,-0.2713004148715731,0.6452666761406085,-0.006962505975895412,0.35591746638915245,0.4461775475411668,0.06915780811688711,0.288294841698859,0.11941861797247695,-0.22401776682039257,-0.3361505553640123,-0.08347694033315284,-0.31112269667107617,0.4830437140650004,0.9418388147179976,0.26287496148257156,-0.40217723022126545,0.14920755378271153,0.34262781698685824,0.7409664029344799,0.21404666141428239,0.025017017701169358,0.7302537027210796,0.3089095662109071,0.4322505747533191,0.0439330821788751,-0.5402534324677225,0.29496299288839756,0.25949870317051305,-1.4197476884842712,-0.5896160655830416
0.432806697185081,0.7064936622204406,0.9042764800078528,0.36496722346941757,0.16159860863816178,1.4208149000360153,1.398949212258714,0.5324305340208685,1.1789123289077674,0.26171157274897855,0.8566016072060385,-0.2566300698369658,0.6532106779359783,0.44060087841273743,0.21254129718417153,0.4421741205701141,0.8405418102888093,0.6398313623333733,-0.2786197828462779,0.710072657951126,0.843351426599,0.6127049251537819,0.7194085981463867,0.6372797074815562,0.7037767885204359,0.7151258143580715,1.1967749711378206,0.7212595862131455,0.6074817948370259,0.4511182473027679,0.0787566944799391,0.9126940339481209,0.9529247959837899,0.37377034758730887,0.8557229966168409,0.20472647665376253,0.35133097495283305,0.6063740706004405,-0.16471655010678474,0.4972671246715157,0.411624727442861,0.6377945915525047,0.7464281919358065,0.689198616467348,0.7748152768424518,0.16381376067531656,0.7469869015927502
0.23525711978498648,0.6755327325848439,0.6263687803495308,1.0441416345124488,0.2760879161175983,1.2328329621647385,1.6015416631629817,1.4501156514838658,1.0243718769761965,0.3488805383758456,1.5359784347050764,0.22648950984466484,0.5063395254762925,0.04962152452721077,-0.40467042507245604,0.8121860139060743,1.655316540568704,-0.022576824658965967,-0.1790392064285296,0.40802952695177935,1.0197608172653851,0.34483475416284953,0.6557475815991182,0.6247230649163236,0.956442130833553,0.4904399365658582,1.2920495632302353,0.6564050348938752,0.1787589262969601,1.23528752465012,0.03455788943981528,1.2728171724437323,1.6120504416101042,1.5088503515660112,1.3643757937392047,-0.4053481185897612,0.8501539215461739,1.6429183603620894,-0.1549191603804449,0.8743706076926525,0.473695146964515,0.9201752003653746,1.3624990353815556,1.2614761345658243,1.1870685357800037,-1.0088309447316837,-0.17835361414433643
0.6361665562734133,0.37366366863777545,0.8797638986352276,-0.03465749905037777,0.5713865567505345,0.47915657402290535,0.2572014220324317,0.5886906266492532,-0.039007611192428654,0.221407642405373,0.4139773105021191,-0.2383991423018084,0.6585917330907518,0.5335068634944462,0.6041731006464989,0.6394344402024412,0.7198602791771465,-0.007476767063011535,1.0840169936051305,0.6827872490583282,0.36319396254467,0.6409732665093868,0.28709664886637637,0.48792103028240463,0.5908008755478305,0.279212497350805,0.09329611347045301,0.39242829352023006,0.5765966238509016,0.18773314651434422,0.7578110628236635,0.7921042453643133,0.32981236860643365,0.5294546374098247,0.5858482592789928,0.6527402306992628,0.5811729947314894,0.6962962046819818,1.082959732869329,0.6560811191025888,0.6065335598444659,0.6006108854301996,0.31164502810750977,0.42213577468805896,0.6202203047408698,0.29420210756303494,-0.6924316784427179
0.026086979008416476,0.006002629215064297,0.19252562328462638,0.7402017047086615,0.6572535373601122,-0.017298859187957583,0.19393835186158198,0.44942383997899016,0.23351804710778087,-0.4787559847265538,0.033114543570840316,0.3449905388231762,0.3081900827181814,0.2332214474267794,0.970740468687237,0.7184961089216181,0.48477544689604624,0.29224513087932896,0.844853386994984,0.36741868580901,0.1758176663822445,0.615484382180926,-0.3706968986854928,0.161011618269429,0.5145560475810965,-0.2021834054088851,0.32223953625968776,0.0006415304530736082,0.17325463839844263,0.5708387476611426,0.5609254767358379,-0.0903755424296018,0.15728392769281152,0.29828705555215024,0.08941201405258087,0.9743590429609778,0.786152152688458,0.4878720334387184,0.5892564853550523,0.02665063287707847,0.6557354276396951,0.573127276557191,0.2548005861935621,-0.18829357795031534,-0.7711344441733662,1.270271864946603,-0.743839484872556
-2.2631640061573814,-1.7742508248317472,-1.695533807018937,-2.289816731298235,-2.6433894246080336,-1.8555356582038,-1.4365919686132873,-1.9900506682517913,-1.680716294680832,-1.6925603985630264,-1.4628869553664356,-0.24751460606938838,-1.8280888137266964,-1.6058193465566968,-2.5044435025160707,-1.965585876422834,-2.207190036109189,-1.4471105601263623,-2.3370439201652866,-1.9562828808288246,-2.09666598780672,-2.2712407353667095,-1.7005648049731217,-2.059895576696084,-1.7316054536870582,-1.585414383853435,-1.6593297783788135,-1.7287229155940098,-1.6532515625928674,-2.312429969303041,-1.699642497407234,-1.6957749054575832,-1.74722905598475,-2.0539610324934894,-1.8263654423580695,-2.5058818788282315,-1.9722636879058528,-2.0857133853911476,-2.365295477336081,-1.9309086937635394,-2.2565413902567126,-1.829802369810336,-1.9613644803163963,-2.045016192225372,-2.1624891930876027,0.5761889524116388,-1.0008785170217467
0.8685778238029359,1.7552951536262795,1.0862011803155323,0.10980777622673175,0.9623256554608062,1.3943265519599408,1.3048077387901882,0.670775024090667,1.7000136570359197,1.8420005625005564,1.5371221667379038,0.9940115590747243,1.5100645781695372,1.885620753522893,1.0240023939581149,1.2015621425012721,0.9102999207579784,1.8976946507510846,1.158915204927882,1.053361174486098,1.5015483207810765,1.0161115279046833,1.6866197213492073,1.413774513843554,1.2452820265615447,1.7428646849416514,1.5323690567170716,1.639624911479089,1.318146521290032,0.38527197210566233,0.643697784356434,1.0708775343338628,1.2117174573542229,0.803081571037275,1.5831631322394353,1.030047903449873,1.316595135293459,1.0169487758254652,1.0612350860848359,1.3162341378752462,1.16611364121666,1.23704504384241,1.2910593989221364,1.6175599236048759,1.3931951652487795,0.5461329830335574,1.723735223759675
0.27011880991441456,0.6407016867447974,1.1253031775894557,1.1206894686852549,0.14219127480933005,0.24627174517091222,0.7230887459334723,0.7069290508289073,0.24481235746101823,0.980058833570811,1.0384550004254776,1.011877868059177,0.8925726725265279,0.6449940455924976,0.2560280926406294,1.1017754450851396,1.1192952197236088,0.6090614336472773,0.12625611631545475,0.9454886277006176,0.5354721812001809,0.7774926153453176,0.37102833449154426,0.6083804601943169,1.0855574599451026,0.5454529193986418,0.690682025978264,0.6441911410865008,0.6882725094363735,1.3905251067814786,0.3826837502285737,0.16175144598915178,0.9467271723781538,0.8074218603292972,0.5236549041723287,0.2196185539530403,1.1854628701264454,1.2526981226966076,0.0055876417449903515,0.38479075404789537,0.9055119070509738,1.2095614349694024,0.8819330507685121,0.9816960146065693,-0.5650078147045907,0.3400242321976405,-0.6924316784427179
0.2178262747202733,0.5207280844068604,0.29293860722068343,0.09855074178955402,0.24397506158068266,0.39129457656908906,1.6286544075219171,0.7039777017074187,0.8884872055388113,0.7931610728611642,0.9137882088473717,0.6512701214137955,0.48101691298324273,0.3189382789009752,-0.05063527474251176,0.3251228206307369,0.37804553787821743,0.7258731999556044,-0.24755404746809198,0.5711074359157121,0.7761938007909068,0.32004073409117373,0.5621336991201994,0.5199943064010993,0.5279128057650504,0.5779803128875536,1.4804657341592644,0.5317790191844748,0.3356311314047018,0.6745965146383995,0.2676061341968323,0.26571215403185566,1.33901999628078,0.8927179803290265,0.9467918380230284,-0.0436833841787286,0.4772398463736784,0.5046017328027258,-0.23500217205661728,0.7354048950109999,0.36553903821557665,0.5952219425139237,1.2695506911709131,0.48572216558788966,0.8263469342096458,0.19490503038626258,0.5927634823032357
0.3630833169262249,0.2807808797309856,-0.04964686738468688,0.12106481066390817,0.9853631380633756,0.7376225582534637,0.4198778881860442,0.403309009955724,0.08981811627418247,0.8897030455446829,0.4906073567015058,0.30852868375286663,0.39048857332059167,0.02584201644082132,0.3002668211597332,0.5929520662547363,1.0009854643678981,-0.052492033103781616,0.7342083020863739,0.34203691009477877,0.8743873779433223,0.4823231227896068,0.13358418744736483,0.4074771814996371,0.6648195771505718,0.1202723501238024,0.32223953625968776,0.23458105044442695,0.06928475587089426,0.19172382985962258,0.9145159170568308,-0.016805209315953078,0.2577859321085142,0.2511099980301759,0.22268348928114817,0.29232693135539706,0.48053091527178365,0.93399734981226,0.6957498519457073,0.5877009450811751,0.4547810882677819,0.6054609340548482,0.2855273115524528,0.5238740001277882,0.9294102489440337,-0.06207024584233323,-0.5896160655830416
0.8511469787382211,1.101245515074299,0.3292644808210802,1.3293198402542747,0.6537630096930563,0.8751038694785152,0.9207105270386027,1.1863388237507833,0.832267758914439,1.0349846549227935,1.0613296410820112,1.1270973300813625,0.7833055996190199,0.17211364176291685,0.2946273231898755,1.3728008547846313,1.9336514013406894,0.5668952350774427,0.30141579688616116,0.751635315683179,1.21721727745687,0.9092729899499699,0.8217848115545644,1.0187199665352444,1.4656685365967739,0.7743440321977133,0.7715943288149556,0.9653199894810306,0.21086727237164357,1.5325934338734168,1.0647918541932517,1.4361979433915129,1.631313325789781,1.4843182816545841,1.6064856404044354,0.3279928307696334,1.4451795630189592,1.854130814832688,0.34687758299472154,1.6527256230191618,0.9659488944799532,1.363146308083272,1.3348449825585544,1.655711758144775,1.1355368784128097,-0.6395655543858505,-0.383984839863689
-0.8047833024096275,-0.7138389848125594,-0.48171803061542634,-0.811392875215613,-0.17558636399944788,-0.5730610532483141,-0.719610506676994,-0.4304471168649292,-0.5643947267314079,-0.47688138331522234,-0.24481234040603894,0.23925115911927267,-0.6113372834356742,-0.3123247090202815,-0.6791259929388548,-0.7119945026010164,-0.5009066540333129,-0.3422421948978497,-0.3820303814339398,-0.5793215483318008,-0.4656485027684184,-0.8184059133833436,-0.7715467152370583,-0.7420922476890209,-0.4415652257535636,-0.6851597736184653,-0.4292921342006266,-0.6997841489142034,-0.4667717266902587,-0.931653531836456,-0.5794036932993626,-0.6493461797868908,-0.7363463949034763,-0.4433362886932861,-0.3881441055164505,-0.6531322618886698,-0.6914473791486004,-0.5612195308459369,-0.40155779740440156,-0.5093500658822568,-0.7598112896918283,-0.39311018833111927,-0.4526822651948853,-1.0021993814681485,-0.9257294162749481,1.153757841496979,-0.8466550977322322
0.2468776831614636,0.12597623155300194,0.4175688402236716,-0.34047360126036214,0.499481686809181,0.9262305080478479,1.54355051550637,0.10079572500309772,0.7326862278981734,-0.10383570246046173,0.696479122610305,-0.3076766669354023,0.1081414440230907,0.1248311314981182,-0.27746841530789207,-0.22142866376349507,0.007629971286930306,0.00505912980910149,0.06693332848368608,0.19482261095224027,0.7617190503740163,-0.11378197226357945,0.33255705231201316,0.23088173956655023,0.10049654387854286,0.18739670356337504,0.7431541520709519,0.16230470025919005,0.209949891055224,0.21566792993129838,0.16393984601181474,0.18454440929072796,0.8189221234295192,0.22846501041962872,0.6202767237130394,-0.239532972190239,-0.1148813450487634,0.05987055804285227,0.02526761589094293,0.48256469374601907,0.006039319634343128,0.13770068892207954,1.3025819209317195,0.29496299288839756,0.5686886473736757,-0.6301914066311896,0.1815010308645306
0.6710282464028414,0.0988854181218547,-0.1518318451549097,0.3161867409083149,0.3347287809241382,0.17406843925073953,-0.16229298374331994,0.48723800059806815,-0.21875857730533266,0.042383207623314385,0.03082707950518663,0.7150783677868399,0.17429676916118228,-0.12374767977704967,0.2933741014187954,0.30821942843109135,0.12412601577044284,-0.321444002360026,0.577602951138805,0.10091004080958588,0.06230171829303044,0.26257546005498644,0.24004829646866216,0.22122372854229716,0.49452091030516654,0.004133981935167869,-0.20034871141139185,0.0669203924811157,-0.09033959318610618,0.2455980550208917,0.11170489460075858,0.14235801481273822,0.1304833931819575,0.23318271617182587,0.21268812863900527,0.28231545081806764,0.15588841524063649,-0.04190177975486139,0.5726435201669107,0.14773763474461243,0.22895759459927376,0.44864269519121297,0.10961680887280568,0.23137660198856688,0.9294102489440337,-0.6317741410940346,-0.5382082591532035
0.8976292322441263,0.5207280844068604,-0.10576000546660116,0.3837289475313787,0.9923441933974871,1.52146642599712,0.796443782060148,0.32952528191849706,0.5789020913920423,0.6553778691283755,0.9938494511452377,0.16268126347161788,0.3081900827181814,-0.20089282810382664,1.0709982103735942,0.8885073315771587,1.1335258742593197,0.0443762609080015,0.32992818415107145,0.3134824124162689,1.1654472241640295,0.9096646407128849,0.17285373585685945,0.6692001367393337,0.6258623657807078,0.11550647152103656,0.5924212153277286,0.40520550845990067,-0.19369788816937455,0.3713045803971853,0.7779014287509926,0.9883767825670127,0.9948006311569992,0.33602870156973025,1.0223123406525496,1.0619594976626123,0.9426077600361348,1.2128256725457232,0.4273865681372562,0.8803625418056854,0.87501313808811,0.7078508494640943,0.8923801373905356,1.3123452472856887,1.2901318505143915,-1.325135125488213,-0.22976142057417456
0.33984219017327233,0.21111878805089304,0.7217611150887845,1.3349483574728622,0.007317285754286384,0.11602069679408794,0.12013143666225788,0.1690456734375312,0.4629337261579108,-0.042911156592221236,0.11546324993435997,1.0523505271872242,0.421192240968414,0.6438327207789762,0.0734336805943529,0.13311256013904818,-0.06422088249631396,0.5361253063913473,1.00911878228238,0.9838785634683911,0.02191586059833854,0.42153513421642597,0.9921602894353944,0.591624896007009,0.2780301214069226,0.24650828758953033,0.08618606928445233,0.19008168735061542,0.5145204881065125,0.947958323790022,-0.09723491104346377,-0.10606933279528068,-0.015244513220810614,0.13882860112787723,-0.15825081074717243,0.0432913529893234,-0.008965092053929346,-0.10742643559722609,0.7975575104063729,0.15221771511153268,0.46240578050849873,0.10482813713279515,0.06736756150433182,-0.213728134310248,-0.7196027868061722,1.3114220357419977,-0.743839484872556
0.4792889506909862,0.006002629215064297,-0.232752896915144,0.6088696362749256,0.475746098673201,0.10528057044848182,-0.23534676715489652,0.05283630177889994,-0.041276557468748705,-0.253803815366898,0.033114543570840316,0.4908379591044249,-0.005177246883304734,-0.41380237724940994,0.425588998267678,0.18174304093543633,0.22667043816012133,-0.32315344284258696,0.1554493964105727,0.03745560152400876,0.19042281995604318,0.3326746296690977,-0.10067404760016832,0.16786243292842995,0.04706951114272981,-0.2264371574763858,-0.03326267304036633,-0.11121449338357292,-0.33742096107510344,0.7703729149250998,0.1992988900439138,0.03811759382037484,-0.261474424039282,0.10957882546425293,0.04498818897639203,0.44249913941534175,0.2484634327724331,0.36936999627699635,0.22291930428319925,0.34122717381129103,0.3573176309299355,0.028844042013301863,-0.05246666739533977,0.2059420456286347,0.5171569900064819,-0.957325856365795,-0.43539264629352714
-0.9209889361743888,-1.0040977001462787,-0.8576760557642507,-0.2128938776390192,-0.9888793104234933,-0.9382078626323656,-0.5079804743197475,-0.3834099902411972,-0.8744840511618038,-1.028951498952043,-0.35689807962305165,-1.713281179895916,-0.9756663706794217,-0.8379624400926896,-0.7455467468060657,-0.8949412767802913,-1.047810240111599,-0.9727408262157192,-0.5709781418163338,-0.9127746267775092,-0.7229991329281696,-0.9006209888566835,-1.0577959726187283,-0.9762877562182168,-1.0108970433445752,-1.0302178172347838,-0.7229369590824715,-1.0381270494283221,-0.8679731557377389,-0.1634469878702202,-1.1387194807162058,-1.1261766328515006,-0.8904494683408863,-0.46975544090559185,-0.8357141431590548,-0.7832815088739539,-0.9525574386745377,-1.1279380968017017,-0.5532043514294944,-0.909616812719978,-0.9404170432893078,-1.087744930239113,-1.0142131711286047,-1.0021993814681485,-0.7711344441733662,-0.16514282868032426,-0.7952472913023941
-1.804151752786574,-1.6426668738804613,-1.7702528803595907,-1.3892539763240483,-2.8723680395669065,-1.8151771241665815,-1.3507349448099915,-1.800057568555935,-1.5869331819262735,-1.982186316613582,-1.4811866678916628,-1.7059888088818551,-1.8189093666979663,-1.5236970918862576,-1.4699089304899866,-1.7547332592238636,-1.763528453525274,-1.3653423237105338,-1.9914908088353227,-1.8131931202398486,-2.060661676184168,-1.9131898177405557,-1.8015140102013916,-1.9202918045133743,-1.950322368949294,-1.56864893693302,-1.6166695132628075,-1.6683111360826117,-1.6031013839619324,-1.7457529342734015,-1.745448531721545,-1.567755241648437,-1.6852528199284,-1.790713051520873,-1.5564907050202215,-1.4865880166213603,-1.7928802364521488,-1.9225988165920713,-1.983623251475173,-1.702577167447004,-1.927335508198671,-2.0205709490465114,-1.7101735005074683,-1.790670628626049,-1.5956409620484693,0.0706506092962918,-0.8980629041620705
0.22944683809674876,-0.5590343366345758,-0.5302706616715661,0.2606520376849069,-0.2286423845386983,-0.9513960802973873,-0.895240839579876,-0.1576317824472866,-0.7538769513183063,-0.2736745903270012,-0.8040973044582775,0.2633159834656793,-0.4642762113822904,-0.7582734374124853,0.15614631748559601,-0.39205089479109967,-0.5610381452577363,-0.8957020418016423,0.3417586970759159,-0.5099658461926657,-0.42132446973507665,-0.18469729153202427,-0.5160793475867936,-0.3811334679983394,-0.5132464946741139,-0.6574132745142183,-0.4290077324331867,-0.6552019743342815,-0.7054743452226241,0.47107166402916395,0.34378880179326493,-0.8669511999159893,-0.803515234521304,-0.322940437897208,-0.8043953464803419,0.10486195829389934,-0.43997124579627467,-0.6753997290052904,0.32626046722277036,-0.39592497235740615,-0.2706447891057931,-0.5487428597531743,-0.36956647309908713,-0.01025168343078959,-0.20428621313423284,-1.7043039182770379,-0.743839484872556
0.2468776831614636,-0.013347951807183657,-0.23865954302902936,-0.16036105026552483,-0.1385867707286543,-0.25284021684884755,0.3069081200238131,-0.2515215763746566,0.25872856128911387,0.6178858409017657,-0.024072058070492872,2.368623495225475,-0.11596367654039573,-0.19812776902401324,0.37546012742449936,-0.12843264224699324,-0.07328943685730661,-0.06103923551658551,0.5086625520803638,-0.09579872097570374,0.006293562400650044,0.01335291893706954,0.2707414899522946,0.14287470057657461,-0.030844911596998377,-0.023710500586471506,0.30801944788768537,-0.025874933852367415,-0.23039314082615678,-0.26720475484747863,0.09482898722180262,0.3616813756924816,0.42528927280135104,-0.11687105064122437,0.17825966420495934,0.37367021072120093,-0.012860132684357732,0.04871742513351397,0.3507113441919853,0.08906661322116834,0.12050011461552508,0.07734452825978737,0.29320899289217495,0.0787692638289733,0.6202203047408698,-0.4391292487109335,0.38713225658388317
0.8918189505558886,0.05631413987290942,-0.45129880312891496,-0.3479782908851468,1.0342305254021595,0.21289167030335276,-0.03200118446288028,0.10817409780682015,0.06208655067471635,-0.18819276597033163,0.18179970783830626,0.8919183648778511,-0.22991543275911772,-0.3916819046109074,0.6386366993511844,-0.12733806550881116,-0.08724105895113965,-0.2519267560692171,0.7512306228415448,-0.28616203883243513,0.39802464575504226,0.17443508755560008,0.42220463887234083,0.3467887894905149,-0.49276613212538484,-0.03693907800955946,0.02361768044764212,-0.013375123725905129,-0.38023208917468143,-0.6662730893753932,1.2922147964906172,0.24779304319427364,0.15728392769281152,0.37377034758730887,0.34484900824066805,0.6740146268410885,0.006759331231874141,0.11145379774854261,0.8065029531999882,0.4513567035739741,0.273596701899466,-0.2729367612981613,-0.0447849860556171,0.5493085564877204,0.46562533263928785,-1.379299708707864,-0.024130194854821978
0.9789731758794595,0.8342074969672769,0.871908059303759,0.5863555674005715,1.0008610809051037,0.4117837020032698,0.15040733452973537,0.7039777017074187,0.41710101137624717,0.8319653220757048,0.5800472016685505,0.07991285246201156,0.954929605790662,0.897554541942596,1.1272678678950612,1.1807620571136979,0.6401965170213556,0.5790892438530435,1.037460946339739,0.9432042678863367,0.636771961550167,0.9806254420054109,0.7826003829312395,0.9037027036944812,1.2094413921012697,0.8114885065955717,0.5359674644908803,0.8747791970720902,0.9148656945920005,0.8785204335821636,1.0218788325724775,0.2882800358192523,0.4477347204541913,0.7791156258161129,0.3617300617696192,1.120401515299274,1.340416242050732,0.9102969423799154,1.1299872035557617,0.5385365708750284,1.2086130127496941,1.2468529199500336,0.6699186457921702,0.6001776692075852,-0.7196027868061722,1.2489850322858402,-0.6924316784427179
0.6652179647146036,0.38527401725112465,-0.07327345184023,0.9278189453282836,0.6083861500213281,1.125400223248853,1.097696497159431,0.5969912960534415,0.7175599193893737,0.25233856569232677,0.7994150055647053,0.6184544518505137,0.10560918277378627,0.07008296171782555,0.46945176025545793,0.45257259958284685,0.36618665909845954,0.21532030916408906,0.4873846511364005,0.1770553679522786,0.7565029240976596,0.5027268641479548,0.5055361942403946,0.5224398561757865,0.29194341118187406,0.3692405426121289,0.8341627176517659,0.430900104881031,0.02341569004991711,0.8102797483778905,0.40823869568813614,0.3232208451142572,0.8607979586027286,0.38320575909170457,0.6447098275049433,0.4737850160944968,0.3997448873814171,0.43210636889202597,0.4018281601554992,0.406278495547687,0.44959750302903523,0.265957530329452,0.6081579278208006,0.5874603910276188,0.7232836194752578,-0.6997869211483422,0.7983947080225884
0.9557320491265069,0.656182151562596,0.565530325376508,0.4118715336243231,0.7179887187668867,-0.04791049250058988,-0.047063820217844644,0.5628663218362241,0.43318531942393773,0.7078667086456285,0.36479683309057265,0.1827352837602892,0.5193173643789801,0.768536885278532,0.3090393735572885,0.24967520974888044,-0.1835072513985937,0.6361275746211583,0.8767702384109289,0.618698265379895,0.4203105452707761,0.6647376240914623,1.1108237089871824,0.7926540004211229,0.12721006024644976,0.8261411350737674,0.06627794556364922,0.644187705249265,0.8086940969050461,0.9100468320098691,0.6372688672596888,0.007017738649214011,0.1740342617620955,0.5851235652857547,0.35817615576352446,0.3254899606353015,0.2824839678985499,-0.12415613496123352,0.9189599483197206,0.5624016677150371,0.5558610004233603,0.04123861072073719,0.22100118829878304,0.6383295037474837,0.9294102489440337,-0.0787176758846048,1.723735223759675
0.7698030351028895,-0.2958664347320037,-0.5339918487233143,-0.4147700285457326,0.43302204002843503,-0.6191117493305048,-0.7559114588464575,-0.46217411992093577,-0.4851832911736598,-0.39833558418047665,-0.8210245385441125,-1.169270302246867,-0.28638485861861845,-0.5284417266984471,0.9773825440739594,-0.042985291021313585,-0.03241118412237263,-0.7010537521873773,0.5238124175524654,-0.3345777760073299,-0.22158595429768557,0.21333485204002792,-0.12264496652450453,0.015447091451741182,-0.2790580011821311,-0.3978858862654148,-0.44962686057258977,-0.3462370048891786,-0.45087045053898633,-0.5222094206108158,0.5863196992679821,-0.3860226607712075,-0.5257946956525794,-0.5399549024982896,-0.2984079788625488,0.988124828699806,-0.011674501551223748,-0.01750430151568375,0.7060584098316822,-0.006105273607499871,0.17626705338987436,-0.18358808774630292,-0.10931110930928688,0.3076802710683639,0.001840416334543092,-1.412846089240631,-0.5382082591532035
0.03770754238489195,-0.23781469166525981,0.1721476941917208,-0.7250889445305867,0.750799678837213,0.20934893243682773,-0.02597613016089475,-0.1519135435244018,-0.309012218074505,-0.7636953992487829,0.010239902914306714,-0.1545368756400927,-0.09095759670350972,-0.30679459086065547,0.16742531342531147,0.021712012610537405,0.24131964135864642,-0.37215740334266534,0.2469443704696151,-0.0009343342437656577,0.3887269006674362,-0.09025134174969607,-0.32374868721268396,-0.05361676265403838,0.12943618661044154,-0.29698358584876605,-0.09938608397017637,-0.16487680490633624,-0.15027517252551656,-0.5864594224698105,0.82290384842821,0.5968296423830565,0.1430461437339202,-0.16876581391539586,0.14605239102472162,0.09522590827671981,0.02371477970457873,0.23344118894443278,0.2224933308168358,0.5186133899491948,-0.010126233400914253,0.2686520017875899,-0.12697897639064853,-0.213728134310248,0.15643538843612506,0.13734189229308585,-0.4868004527233653
-1.147589922015672,-1.1666425807331617,-0.9938242486893156,-0.901449150713031,-2.033943293940057,-1.3926925188085095,-1.0502353614984572,-1.0861999997957743,-1.0509576504311346,-1.2623393746626854,-0.757204291112384,-0.3569001712803223,-0.9933921994245564,-0.9513298623650132,-0.8019417265046411,-0.9493241492560915,-0.6292615772965844,-1.085278991317644,-1.1931439654178206,-1.0339726058129612,-1.4289627034859833,-0.9351810102100946,-1.3914333462504722,-1.2168809976401218,-0.6402470037398701,-1.2135711231994477,-1.0677741021035234,-1.1916644641711263,-0.9682735129996091,-0.5565292973802173,-0.867901348015809,-1.0390358511645126,-1.0554402589233312,-0.9179374873643479,-0.9812021702835739,-0.7989244472135314,-0.9114123452792322,-0.5242747780837529,-1.3199565908822104,-1.0628688497915002,-1.0148858754110828,-0.7175245518909422,-1.2147050540953634,-1.2565449450674713,-1.08032438837653,0.23313067947846278,-0.8980629041620705
0.5606328943263178,-0.41584003706994077,-0.5490537963137233,-0.8808112542448726,0.9197412179227231,0.4118480518322377,-0.4424580087856536,-0.7255820290138331,-0.2913648581475715,0.4266764969460595,-0.01835339790635988,0.6221006373575467,-0.4885226128443849,-0.6305830091067315,1.2621145304632089,-0.3484503850269232,-0.7143664720689705,-0.5385429436452573,0.9997565058670362,-0.4457499536356616,0.4918105962039362,0.0447797341871554,-0.27211888750052887,0.01591627672659496,-0.4048341407476921,-0.41930698724465476,-0.3624577188522166,-0.34538671326046055,-0.5319058001560462,-1.1631131658626472,1.1427424739912886,0.24613588965136746,-0.19363557105868268,-0.8292446192230364,0.14605239102472162,1.2853406571517791,-0.45179755088868256,-0.8574746237502416,0.9210898156515329,0.5425672561834711,0.023072821825855676,-0.4513107718269014,-0.39430148701299395,-0.1501417434104173,0.3110303605377059,-1.221840927838976,-0.2811692270040127
0.7523721900381746,0.5245982006113097,-0.06736680572634464,0.8902954972043586,0.3221628813227372,0.4811675061781394,0.5855668814906501,0.8183424801651197,0.4099916463771117,0.6553778691283755,0.5935432396559054,1.3112296981864373,0.5899041467033549,0.12814920239389366,0.29400071230433633,0.8346385192480407,1.0567919527432332,0.03867812596613224,0.7682529435967157,0.42770040313030755,0.38928763424214435,0.7339271532239633,0.7418687770181194,0.6774020084725203,0.8651709499098718,0.456410964887034,0.47866050835171176,0.5138775263124364,0.15796494979145026,0.7105126647459118,0.5127085985102485,0.06164553203394746,0.5090409431477697,0.6662681042235505,0.6224979149668493,0.3048412820270584,0.7174263246760105,0.9409680578805962,0.8405808305089983,0.5105825338115887,0.6396422037007922,0.734795564045475,0.4545243010263494,0.8418059546269416,0.10490373106893107,-0.6303683210973604,0.48994786944355945
-1.5194479500629086,-1.4530311798624314,-1.4408982930493242,-2.080060656285497,-1.44125169607395,-1.1675702378030512,-1.4344831996075924,-1.6620819971263223,-1.4253337860239292,-1.6196384036622715,-1.6108858804142063,-0.45899336547719544,-1.530484810402134,-1.201125299635299,-1.342581598548315,-1.5950431133688552,-1.334655590360822,-1.126875376393292,-1.8085859723210143,-1.5397044869190109,-1.5497577557938529,-1.6583868849458694,-1.4115867073877677,-1.5981703204186535,-1.4947456085582855,-1.339798192649054,-1.6088484646582057,-1.391688912892415,-1.3649491942194192,-2.2142591590091745,-1.509989443053247,-0.90419381369257,-1.4517531630025844,-1.4814202624068094,-1.5687072569161733,-1.3389186786957474,-1.549041075603059,-1.2518772862567256,-1.6998397281843953,-1.7644161467283577,-1.614025150549496,-1.404506994857824,-1.7018772846605683,-1.5490423432066924,-1.1833877031109181,-0.3983196476974879,-0.8980629041620705
0.8569572604264605,0.6213511057225495,0.5292044517761113,0.9653423934522072,0.7619693673717919,0.1968741585277498,0.7135992854078456,1.0304706982721439,0.6620967881904415,0.04613241044597589,0.4562953957167062,1.2200750605106583,0.586738820141724,0.3161732198211626,0.5007823045324441,0.7708012401961898,0.49175125794296376,0.26660352364091566,0.9554984719035929,0.5260547840229528,0.7272926169500623,0.7599529781144859,0.7005964101105083,0.7670084806856743,0.6481236294206303,0.5342862917363392,0.9265932920697797,0.5728138479925713,0.4668166596526962,0.7304660814723078,0.9627327952824202,0.2507431407102171,0.8356724574988031,1.1757803254608723,0.41148474585495093,0.5238424187811438,0.866765067661917,0.6481983190104595,0.8576197691635034,0.7792486536482597,0.8069635132678076,0.6970729636315427,0.7848365986344193,0.6510467819274496,0.20796704580331904,-0.033487157389099236,0.13009322443469246
0.4444272605615565,0.7955063349227811,0.4503507261557368,0.3499578442198468,0.2411826394470384,0.5401280369696011,0.9485764031852856,1.2333759503745154,0.5287331681711902,0.8053459820348118,1.1894276287585972,-0.10531337129517267,0.7981826344586864,0.535165898942334,0.34036991783427467,1.141100459925923,1.1767759027502038,0.6309992531734755,0.5865396695352687,0.6891326929868856,0.7083711188825779,0.869678361208756,0.5132148573037082,0.7288909300401423,1.2886914906593934,0.566481542658243,0.8355847264889658,0.6980341073693925,0.41360854330036245,0.5389132808989087,0.34957482718033595,0.6357235823494252,1.4127214661856282,1.3644885555487696,1.2188877666146856,0.3655358827846191,1.1164131286116945,1.1033855558728385,0.5896824588214145,0.929671166277516,0.7930823541924168,1.2435117753419418,1.1781386832282148,1.0834342400462986,1.4447268226159735,-0.24648789982243577,0.48994786944355945
-1.647274147204147,-1.3407978099333933,-1.1426717307592358,-1.055295288021121,-1.1976128649134412,-1.33617658206315,-1.279639304046561,-1.0880445929967053,-1.6879769227650558,-1.206851172887304,-1.4455022284674703,-0.9545099758827316,-1.276435700565616,-1.0372125973839978,-1.5654044294462404,-1.348025680740339,-1.2329482652967736,-1.008183225554148,-1.6012541055230365,-1.3634915090229631,-1.5692791083831181,-1.5489141797631587,-1.477905750198965,-1.5599561487217564,-1.125542551090175,-1.322680636524106,-1.4795878613567062,-1.366928239501817,-1.0896736405391285,-0.7548662596405907,-1.233224562038361,-1.3692471861058781,-1.3252881407794923,-1.0485235825851729,-1.4110026778957023,-1.570309022614779,-1.3309841985121234,-1.2370993851518517,-1.6310024160201966,-1.7058893754705973,-1.4546576306116106,-1.2804535289251477,-1.268323189846627,-1.4600213959469295,-1.4410459899468875,0.13308489559610265,-1.052286323451585
0.5373917675733668,0.3968843658644733,0.026548867484438157,-0.5975092209092437,0.6349141602909543,1.0153899939009547,0.4552750822102099,-0.2072513395523207,0.21864384374079432,0.3732503567231407,0.5523688864741455,2.1462061792965743,0.3635832975467269,0.01865286283330757,0.7815039812542415,0.40620945631555044,0.4017632954377352,0.19594665036173228,0.2907768464141795,0.2446343457914181,0.6035530613591887,0.5043187349907723,0.41614968937714264,0.510022413430318,0.5485044746319779,0.1997662259278141,0.3656108057942943,0.3549983607576631,0.08457444447788665,0.08996140455500477,0.6589664624612039,1.3436959968360451,0.6036803306392237,-0.054597334712217234,0.586958854905898,0.7803866075502167,0.417408175336589,0.4077088906528473,0.26168288972219755,0.6732663190239953,0.49849799958945235,0.5822884795148605,0.3216312138491488,0.689198616467348,1.3931951652487795,-0.41581791334729357,0.5413556758733976
0.4618581056262714,0.9232201696696174,0.7477503579898823,1.152959634071829,0.40593554533208115,0.37729848876866007,0.8566943250800044,1.5561797605373786,1.403285905121631,0.9928061231678578,0.5821059193276386,0.0715266257958387,0.6215574123196667,1.073799407689863,0.5195806310986365,0.8965211969817082,0.631267478881302,1.3036640830611805,0.8022975851070574,0.5355729499157889,0.42501809923518824,0.7610268592386099,0.7398659585200029,0.7302706459007501,0.6202970498707275,1.0071746115450302,0.9621435129997851,0.941740775576382,0.8429429993847092,0.3713045803971853,0.5930700622195649,0.5734328196146368,0.7184201190138165,1.270134440504821,0.7446634339263684,0.5238424187811438,0.7646284466862393,0.4460477850286993,0.6872303826184554,0.6434592208552284,0.7762839215640576,0.670128249050162,0.7925182799741414,0.4094184965080931,-0.15275455576703886,1.33069491940581,1.8265508366193512
0.6361665562734133,0.6600522677670454,0.7064038351926822,0.9090572212663212,0.7689504227059035,1.208460464443302,0.48765974908338333,0.7537817181325467,0.4831021375029775,0.14923548806915066,0.8794762478625713,0.6184544518505137,0.6152267591964047,0.8636549176240914,0.5321128488094303,0.8746296622180607,0.7917111329603908,0.6540766996880474,0.8746424483165322,0.6244091649155972,0.8459594897371784,0.7334217974008456,0.6723423634406532,0.8013990243922149,0.7594299476202415,0.5784033118160522,0.4857705525377124,0.760875179981114,0.8245953730563176,0.7703729149250998,1.3323955283452755,1.591944881754828,0.4504147739052776,0.6096556351971805,0.8668289528858882,0.5488711201244683,1.0409358968398381,1.1361478837940202,0.9172560544542692,1.041950579807607,0.8627774659547875,0.9287975090314162,0.40843421298801336,0.498439443767856,0.46562533263928785,0.6794926549028103,1.775143030189513
0.4037552887438907,0.408494714477822,0.3756316528150827,1.0779127378239806,0.17556071930638495,-0.3350611124480685,0.2466575770039567,0.44020087397433616,0.2713338183797803,-0.3006688506501595,-0.22994382397929203,0.7096090895262929,0.40631520612874755,0.4627213510512392,-0.06943360130870418,0.3997397259523656,0.5615093684121328,0.277999793524655,-0.07009635359543746,0.5070184522372789,-0.08355421270959514,0.3876952449109568,0.46297630115542293,0.3318043383040942,0.40881504529146634,0.43625118958732023,0.3791198897476962,0.3498611984356601,0.42706346927451566,0.8302331651042865,-0.05785779382589911,-0.4758549511795314,0.14053359362352813,0.4869952856400475,-0.16602498013550554,-0.07058923812280238,0.40466898812902014,0.5436376979854108,0.10364673370166516,-0.06503150713946229,0.38215062067835354,0.35218061698986985,0.20102881681550508,0.0024655947491767287,-0.30734952786862085,1.0440507488571218,-0.6410238720128797
0.30498050004384425,1.5346985299726528,2.2430178217200467,1.6088695287775105,0.4506142994703979,1.3919763842933024,0.8943509144674148,1.808889029064877,1.091431844698542,0.8887657448390173,0.8520266790747312,0.7096090895262929,2.2111844115708417,2.0418465915323147,-0.37146004813885064,1.216368247486507,1.3239655158401507,1.5310196672417766,0.4895124412307961,2.2596300653049193,1.0132928206827025,1.1134430594370095,1.57472296715177,1.2307731507930668,1.048826374939231,1.8089523509751086,0.8092775630007615,1.6618799615216764,2.1321695427263068,0.876126023574996,0.5376206522601357,1.3225936943578034,0.8071968895810205,1.7060504520078643,1.093390460774452,-0.3897051802501837,0.9223708600495981,1.1026884850660044,0.2224933308168358,0.9121530811276086,0.8548393476298682,0.9428087606137336,1.2465056471517457,0.5874603910276188,0.9294102489440337,1.9351962830230283,2.0321820623387037
-1.2754161191569104,-0.8763838653994424,-0.308948631784269,-0.7232127721243908,-1.1606132716426487,-0.8304953418514042,-0.4710770167200851,-0.7301935120161593,-0.330693260270451,-0.6755891329162516,-0.3957849687391586,-0.7379265567650799,-0.6566014532670001,-0.25149340926439995,-1.2449556225812255,-0.9071692626268428,-0.45486630112366155,-0.41375378841831273,-0.9322768998448308,-0.6351614549031093,-1.0251562878018254,-1.0510717343463911,-0.9184427226890785,-1.0121467215528626,-0.5306102803132531,-0.7746668909389044,-0.5018145848978378,-0.8290545966510703,-0.33161087940444645,-0.630356939267881,-1.290602647126814,-0.7490886125913652,-0.2690120743704594,-0.7943335966567749,-0.45366924750382964,-1.239429590856035,-0.9459214435264004,-0.5981642836081209,-0.917411665169535,-0.8695318831212179,-1.0678428287920552,-0.5510062157780103,-0.3789381243335486,-1.4091522832270649,-1.6471726194156633,2.3563691832605547,-1.0008785170217467
-1.9842704851219537,-1.6736278035160579,-1.766413560385565,-1.4811864242276636,-1.8105495232484734,-1.566318149728072,-1.6949161718109225,-2.05737832008576,-1.5738237145519804,-1.84908961640912,-1.6801960416035016,-0.8418428437154669,-1.7996008746720156,-1.5953121220534086,-2.451808188130734,-1.9578006993725119,-1.8423551183554348,-1.5442637608852388,-2.1336271871409975,-1.8499966950254831,-1.9087028774382044,-2.197869386797916,-1.5859070224175664,-1.9716347027406547,-1.9675748482702338,-1.5150363389773507,-2.0070109390742665,-1.6677020558453077,-1.6719049826933983,-1.5282606919556887,-2.078144991478115,-1.803176665516414,-1.6643149023417954,-2.0992510077145847,-1.4387675685683203,-2.53779347304097,-1.9786765597388642,-1.8264030452490267,-2.181274939867428,-1.8749146242859633,-2.241189539555445,-2.02757657483767,-1.786222145770722,-1.8288224631659475,-1.7502359341500513,-0.4593830557463482,-1.1036941298814231
1.199763880032505,1.8172170128974732,1.6499905518859221,1.1285693927912792,1.7539773303491053,1.975548895742217,1.7777745014960624,1.5995277007592488,1.6407689487097874,1.5908039733822754,1.7898869459925957,0.8171715619837129,1.4736633227107785,1.548283545785735,1.2069727725357136,1.6352119455546286,1.2402557832771486,1.665495651869899,0.7725085237855082,1.5476712565207442,2.0624775002247904,1.5807013704387387,1.5326530493065158,1.6926695409665602,1.3621536606711364,1.7872662432073512,1.6311986709024866,1.8070339334084626,1.889980875191547,1.4108775918424015,1.656252227093821,1.7593465263539683,1.18910450636069,1.6484944418310556,1.721987585602526,1.220266033659137,1.542101638241999,0.9374827038464281,0.8256717591863069,1.9706587566741016,1.575008105183402,1.2424339867586875,1.629821546003901,1.9354918781040293,1.5477901373503615,0.38077357428302033,1.4152883851806461
0.519960922508652,-0.6286964283146683,-1.0266061346213817,-0.586252186472066,0.38499237932974445,-0.18013190466221216,-1.0592729429514354,-0.6213625131612512,-0.5008642309944485,-1.1358037793978792,-0.5764946299257713,1.2182519677571417,-0.7376338132447583,-1.0135436916608005,1.4031019797096467,-0.20566089492971434,-0.5504349124664225,-0.9553615146430174,1.118912751153231,-0.7271703918671955,-0.10732670821409106,0.1853697241782935,-0.44671816653542185,-0.06373194955692978,-0.5990636660060134,-0.6759223475001589,-1.0308018723363181,-0.5306386626544396,-1.0364655241867948,-0.30511624662763004,0.7015580382271417,0.1300805102124354,-0.750584178862367,-0.6594072121439284,-0.3281719416635955,1.3823268748571587,-0.21619471793070105,-0.6588094438026494,1.2486634112843877,0.3013919081339077,0.21312354992230959,-0.6361515138551731,-0.8575068717982645,-0.2518799688501461,-0.46194449997020276,-1.1717040838521764,-0.743839484872556
0.7117002182205088,0.3504429714110781,0.44444408004185143,0.6182504983059062,0.057580884159892584,0.9680369132368353,0.8551880615045083,0.6818425832962514,0.5035226539898572,0.2954543981529268,0.6644546256911591,-0.09984409303462571,0.265141641479997,0.2050178448126888,0.03458380569088975,0.0689039068367429,-0.11095881651065738,0.25036383905658754,0.09714794782411308,0.314116956809125,0.3607554235104728,0.30229642775197946,0.7718717134122229,0.5352489690023576,0.07322649591963838,0.45601326428673444,0.6997828825363454,0.45843560727580746,0.5454056590926368,0.8960794403013921,0.37609411020441025,1.0641141626213855,0.7979842058429145,0.5756881537813591,0.883487887289459,0.08458871020580787,0.13028886178366292,0.050808637554015025,0.014618279231877432,0.5261587884619027,0.37932978592052435,0.13608400604719664,0.7218468116486948,0.4348530528680253,0.9809419063112277,-0.15661898689592058,1.4152883851806461
-0.7060085137095794,-1.131811534893115,-0.7253671828132113,-1.3160832524823958,-0.23981207307327726,-1.1126413636873353,-0.9884785549031041,-1.3905578779493308,-1.1096981484736401,-0.9773999601404556,-0.9058894553798507,0.268420643175524,-1.07189229815301,-0.7959335420795352,-0.6647139425714418,-1.3046706689017262,-1.348467696233718,-0.7037888569594748,-0.8778054734282847,-0.9847954153666387,-0.9236895914109957,-1.1937526340556752,-0.9756982965039787,-1.0750063578094884,-1.4127128520451717,-0.9832404539183078,-1.0215588148945165,-1.0827263641508194,-0.7970290006012946,-0.8418631565676761,-0.9514772702734974,-1.0100156326373069,-0.9792262389080904,-1.2094917028501488,-1.0311789734942862,-0.6787866807655767,-1.286369152871241,-1.3788835872618181,-0.8160299801752317,-0.8794629591048557,-1.155439391902193,-1.4913767546681949,-1.105625179071303,-1.3710004486871663,-0.7711344441733662,0.2670948436206918,-0.7952472913023941
-0.7524907672154846,-0.5396837556123278,-0.11302518018668085,0.42350380254273917,-0.971985156514942,-1.106363058635029,-0.09601738642147803,-0.34504245166184005,-0.645017951083311,-0.4103330332129916,-0.8340630837183362,0.4820871138875498,-0.4512350659483698,0.09535560170731396,-0.9252587487788582,-0.6677673476542305,-0.6450269102626165,-0.10559865076200547,-0.512166023607219,-0.3661780867715476,-0.927823371485008,-0.7267646884193143,-0.427562638185581,-0.6363042058394714,-0.4872008162154046,-0.4004713210024083,-0.2122935856438736,-0.5410595960350533,-0.05272695921290523,0.31423780855969324,-1.137272974369438,-1.1628620059861807,-0.1777227536928633,-0.3176566074547471,-0.7450895400036289,-0.920313648728653,-0.6191950486710529,-0.5160493425631161,-0.45753071088445074,-0.8736263714317904,-0.5879006989611122,-0.36336322343327543,-0.15724480086915585,-0.6715501487890287,-1.3379826752124995,0.7121255191432913,-0.8466550977322322
0.3340319084850346,-0.5783849176568238,-0.17138284379187152,-0.5262146694737869,-0.06975356513430986,-1.2543375887097576,-1.1943847856734635,-0.6252361588832057,-0.8983331975773448,-0.7668822216480453,-1.3894593588589643,-0.6394795480752372,-0.44895603082399527,-0.5298795574199504,0.41368339144242333,-0.5049897135570208,-0.8123068591676837,-0.8955880791028051,0.10855290273007744,-0.43997559966067357,-0.7366679918353625,-0.02175162331575006,-0.5197716865465354,-0.3501393998940541,-0.5378451909962275,-0.6492110668668415,-0.8671286551745733,-0.6759318640364971,-0.33901108869023044,-0.3031209049549909,0.39361290929304155,-0.913027352600186,-1.0061942767596368,-0.43654279241012156,-1.0196287789744771,0.4128401283235016,-0.4002556803992576,-0.811328536337854,0.19966115301980053,-0.3903768852157093,-0.13927827333665815,-0.5080024513061266,-0.6290536687549152,-0.09927263069055248,-0.25581787050142685,-1.6097612205539464,-0.5896160655830416
-0.6014234433212953,-1.104720721461968,-1.2315076883120761,-1.4894415828149263,-0.7787495448667223,-1.2050505159033003,-1.6730753499662243,-1.2891052518981458,-1.26383523217831,-1.0411364081256917,-1.8920152140830002,-0.4115929538857893,-1.218573531018998,-1.0005479139856805,-0.369078926773799,-1.1868496469632481,-1.2071377644231807,-1.0336538887443052,-0.4064574117176102,-1.2126603068411466,-1.3158588293726017,-1.1058042967690735,-0.989723748329359,-1.0823692094525645,-1.2876045503888085,-1.0664519326525044,-1.4436110377755407,-1.1276387304978488,-1.0157327064357131,-1.3961690732269492,-0.6678013033796113,-1.2269614334449417,-1.3634789024574596,-1.2110013686908525,-1.2313083054625176,-0.36555248345387625,-1.090863503118216,-1.0322999821041237,-0.2637979783827311,-0.9985554236449501,-1.0155235769439428,-1.1373232050688533,-1.1901236738082512,-0.7987229305886901,-0.8741977589077541,-1.445007502129838,-0.7952472913023941
1.3624517673031715,0.45106599272676723,0.15767641121270057,-0.1997606707956456,0.799667066175997,0.5230963159330977,0.09452495587881857,-0.09011967129322497,0.3820079756358317,0.3188869157945575,0.31676008771185254,-0.20740656549204575,0.5921198752964975,0.1303612496577442,1.8824593071475357,1.0250127784364098,0.7896183896463156,0.0674537074225734,1.5665997870142179,0.46386943352308696,0.6729145005190428,1.1209918120448197,0.38841780610143894,0.8023884348758356,0.8635013551368775,0.3150071835279486,0.13951140067946044,0.48626257018157565,0.2738607894324523,0.315435013563277,0.8767460291134521,0.3830094881040422,0.16398406132052487,-0.11215334488902585,0.4481344015428074,1.8897837945930547,1.0650678374568032,0.5757029550997597,1.5775149273163303,0.8013161702543588,1.1604116974540382,0.9869980925271984,0.3147177006433982,0.6383295037474837,1.2386001931471977,-0.2628020539818597,-0.33257703343385087
0.3805141619909381,-0.07139969487392753,0.3017985763915115,-0.06655242995571382,0.2314091619792816,0.4956811904289589,-0.21275281352244999,0.32030231591384434,-0.13959756277594745,0.12111646689919403,0.0903011452121735,-0.22016821476665357,-0.008342573444935726,-0.192597650864388,0.6135722639295951,0.16815856177406582,-0.03841038162272206,-0.40862546697063074,0.18523845773212202,0.09139187491674895,0.256406817351956,0.09269378316643226,-0.14470028994268958,0.053049875704966644,0.3475965702816797,-0.2528915920722183,-0.04748276141236869,-0.11382065401434403,0.15184907434865277,-0.36697183847945725,0.5046724521393161,0.1404240619967311,-0.44572809880140285,0.14732047148183292,-0.44367388686168674,0.6302143994902721,0.15440541458579207,0.020834592860167252,0.10364673370166516,0.19836392991259644,0.18493328461809716,0.3683474457386981,0.23175554217439467,0.09148654200893962,-0.30734952786862085,-0.18881923377923918,-0.5896160655830416
0.03770754238489195,0.7761557539005332,0.8156767882995674,1.2467682543816403,-0.026889885382861977,0.1296215927100973,0.8039750999376296,1.307159678411741,0.9898334725477701,0.9271950737712914,0.3533595127623058,0.16268126347161788,0.694359923237184,0.8913055084222192,-0.4516662414879353,0.5735233291519989,0.6940497783035536,1.0586442805607876,0.20226077848729168,0.6275818868798758,0.17242718430261272,0.3820731613787809,0.932243828187283,0.5560525185365843,0.982042584019464,0.8459045698983537,0.6635216571877395,0.7400063731324674,0.797073933563732,0.9898604989154517,-0.3310867704375744,0.2032137918422411,0.8942986267412966,1.2135219714784524,0.5558621773525656,-0.402219530921845,0.5668950260402945,0.7248761077621626,0.08660779504716012,0.14496359117376398,0.37744922941530384,0.9611311665290727,0.7387465105960843,0.3839839401481609,0.7232836194752578,0.9145847021722933,1.363880578750808
0.4792889506909862,0.6174809895181002,0.8732665879099534,0.2017402241303456,0.25793717224890683,0.64518263003234,0.5968638583068726,0.4125319759603767,0.6716767835793479,0.7603555481628803,0.7639593125470785,-0.5866098582232867,0.6566925371537731,0.76798387346257,0.15363987394343762,0.30256085761495266,0.09133970384993244,0.7153316503131455,-0.1462712389748269,0.7525871322724627,0.5498008800813328,0.4572827417541619,0.6744667816332982,0.5654580592994999,0.5256866794010578,0.7176104910223217,0.5646920430023243,0.6371264740750607,1.100115561754321,0.3892626554509407,0.22822901697926767,0.8097793357900828,0.9202616445486865,0.23601333962314444,0.9156951604696967,0.18595495064627057,0.12313929831536513,-0.032142788459190136,-0.22605672926300194,0.7582630140347911,0.340784404988209,0.2654186360378241,0.749500864471696,0.26952843652846536,1.0324735636784217,0.7824814366309959,1.363880578750808
-0.24118597865053418,-0.5396837556123278,-0.5877423283596739,0.45915107826046697,-0.08078363256220687,-0.8215311308943678,-0.9083453326866948,-0.08827507809229469,-0.6557576301245586,-0.1103968074001177,-0.4024186145295532,-0.5738482089486764,-0.3095550490497586,-0.7401346498489133,-0.3111800809499299,-0.26617222437854515,-0.13802496337269535,-0.8709721361539283,-0.12822757897434575,-0.2838142245788684,-0.3804352558547163,-0.18257858724360623,-0.35907482905785243,-0.34837838570362095,-0.40717157342988397,-0.5830588220902168,-0.8743809002442942,-0.5763771916823247,-0.5647480512838661,0.2232502282873281,-0.186436135760805,-0.8970319967106553,-0.8832468246910945,-0.185372138163131,-0.7710774776731997,-0.3694319321620904,-0.36829403489823237,-0.25478720416186074,-0.13719866417976007,-0.639519286400749,-0.30525667268135603,-0.4189771143292449,-0.8502860913389252,-0.06112079615065397,0.25949870317051305,-1.6695105178381213,-0.5382082591532035
0.8627675421146982,0.8264672645583777,0.6172134788730079,0.877162290360985,0.6251406828231975,0.6789557984203318,0.7904187277581625,1.0350821812744702,0.36562114141796515,0.16704420147678983,1.0190115558674242,0.46531466055520665,0.8773157984994657,0.4582972565235388,0.5101814678155403,1.015529052840587,0.7784570919712488,0.44495514732143343,0.42908320254994087,0.8192142935223184,0.9189461366591,0.9059692262563419,0.6049260622094166,0.8635421909882878,1.1178362922229896,0.5839058342119853,0.7609292625359546,0.7557663242727038,0.5506041532190147,1.1355204410181414,0.8582628924603091,1.5501445494208999,1.270343626596716,0.8832825688246321,1.341053285574206,0.5313510291841413,1.1263171109356829,0.9179647212550855,0.38734506229917,1.2534714020848003,0.9605664042262303,1.2230337922600927,1.1251350819841293,0.9562614582466371,0.9294102489440337,0.030526222279946325,0.1815010308645306
-2.530436963816332,-1.7665105924228481,-1.809827409322625,-0.8357831164961643,-2.0723390982776726,-1.7781409997771411,-1.8470487929360606,-1.7271961371191744,-1.8160967558345904,-2.1752702619806197,-1.9912911545323548,-1.4598712871572497,-1.8252400198212282,-1.6193681360477794,-2.4818855106366406,-1.9038752036051665,-2.07534720732246,-1.4941201733967866,-2.602166565927069,-2.0565408949000363,-2.237423155374207,-2.2216463782755693,-1.9077528021416508,-2.158807966271733,-1.6670477891312838,-1.6616249174921849,-2.0098549567486668,-1.7811758514532803,-1.7196088111472145,-1.244922174440869,-2.4204848268798025,-1.9546550677208578,-1.886256828759805,-1.786938886919115,-1.9540839394521128,-2.567202197119376,-1.9167944623748436,-2.10523136798249,-2.575726369719215,-2.1524992942029124,-2.230135242662581,-1.6740619195299558,-2.0497038157232055,-1.879691575885812,-1.5956409620484693,-0.6409452816134097,-0.9494707105919086
-1.112728231886244,-1.3059667640933468,-1.5144951036283405,-0.4455392560073495,-0.5497709299078501,-0.8825137851156666,-1.312325223634833,-0.9958149329501729,-1.1391944500658,-1.132991877280884,-0.6668494605190776,-1.2939698465873322,-1.4362213853967576,-1.3470098166862212,-0.3777261569942475,-1.1141224501960385,-1.1008264040681668,-1.231721059323692,-0.9816416300348255,-1.5181299775619146,-0.9088627524704512,-1.0470794233437672,-1.4550228335656652,-1.2230453661291074,-1.2301704901978092,-1.320451119342127,-1.3436438165203657,-1.2756045056827066,-1.4587667235119244,-0.6802404810838703,-0.5070783759609784,-0.965236066021846,-1.3745341229431867,-1.077395941788621,-1.113363049885236,-0.34715638796653236,-1.140125284144278,-1.184400832155227,-1.0119777747020366,-0.9603818100665042,-1.113102760835957,-1.2607299978515771,-1.4804912284497642,-1.2183931105275727,-1.028792731009336,-0.7475447451015952,-0.8466550977322322
1.0138348660088876,1.1979984201855387,0.8924631877800813,0.8715337731423962,1.0830979127409428,2.093865149209561,1.5721695234408015,1.685301284602523,1.5217753217738959,0.26171157274897855,1.5885901082151024,0.5819925967802041,0.9096021294281039,0.7226369045536402,1.1273931900721679,1.4738517883333646,1.2381630399630734,0.8022282081766563,0.27886122188556,0.8274633706294442,1.407345080230074,1.4367507642238724,1.0431141379044362,1.2694788889123085,1.0543916908492112,1.0085973024749653,1.4385164734618578,1.2382047245432688,1.0294772003900161,-0.007810337404334702,1.2118533327813008,2.006888844707204,1.2628059762655381,1.5248905511234827,0.8335110840787469,1.1370456016925838,1.4063772644324743,1.394064082322474,0.4018281601554992,1.1522188117488323,1.3267686190696584,1.0150205956918341,1.0460137641849867,1.8210363744843343,1.5993217947175544,-0.7513892376447197,0.23290883729436876
0.35727303523798554,0.8767787752162223,0.877696572495367,0.7589634287706227,0.5804619286848808,0.3137530326632652,0.47259711332841897,0.7722276501418535,0.9948755753840365,0.4304256997687197,0.5592312786711058,-0.7488651132861738,0.6848639435522901,1.0848596440091134,0.8015555295915122,0.8274455863971274,0.9312273538987289,1.1070784275666796,0.8491089671837765,0.7005544920582899,0.6957350529781036,0.8256492351196906,0.5466655026838546,0.7952169147497292,0.7427339998903001,0.7061707502254772,0.6635216571877395,0.7667961426725965,0.9683184459620465,0.6107455811139332,0.9627327952824202,0.6698755137160929,0.4169141057667096,1.2795698520092167,0.31153113943352584,0.7240720295277373,1.2212810867208086,1.3452691258441176,0.7213082599274643,0.7585820290454387,1.1519130286323704,0.9719090523616252,0.5159777517441296,1.2360415782058922,0.3110303605377059,0.07683500939635195,2.0321820623387037
0.8453366970499834,0.7451948242649364,0.5181590235431452,1.8925467965943792,1.1777610230715008,0.4284034442434495,0.25253200494839295,1.1191956312369082,0.11971778609324356,0.35056767964604174,0.0960198053763065,-0.2755902344735277,0.7502595903155902,0.48545013668730025,1.293821041271519,1.544753778389655,0.9340176783174962,0.3986293102440336,1.0024800771878632,0.7839336252795378,0.9956962186894135,1.3374117066842142,0.3525680702774779,0.976960839428343,1.0290138502996997,0.46628411351074334,0.6787371517457816,0.7331888911840001,0.5386781961055602,2.263287554394028,1.3198591400066229,0.6160613645104481,0.5616369921253207,1.140491886434436,0.6995732514740367,1.2466713135763436,1.8460005944831261,1.2485156978556067,0.9865193400848314,1.0971374026060658,1.5078240185494765,1.2865155398138255,0.9708869206824995,1.0325651273264338,0.15643538843612506,0.31904973327552477,-0.743839484872556
-1.8971162597983828,-1.576874898404818,-1.4251866143863887,-1.4001357762799864,-1.1513982786016206,-1.6479438094093437,-1.6295443326343784,-1.7698062400606722,-1.751507418502015,-1.667253279510065,-1.773982068295288,-1.1488516634074906,-1.6662140133648782,-1.2977917650655537,-1.80752687561879,-1.7685831732442434,-1.697258248579563,-1.1545113308613593,-1.962723086759085,-1.6802560699365645,-1.7454589894933437,-1.9462944143233898,-1.7225965237447218,-1.8619700823810734,-1.8066259121535961,-1.5025934242586294,-1.6476693059137721,-1.6099286088951636,-1.345500710311325,-0.9069112950957263,-1.5120788411096902,-1.7701042513148397,-1.7053532208115407,-1.592191993468405,-1.8010438620646416,-1.8194697444875698,-1.6558317411759635,-1.6280166936241676,-2.0508418644671944,-1.928004270144861,-1.8185802734349288,-1.6508894649899688,-1.7691688131965377,-1.5617596213866585,-1.3895143325796935,-0.709993868214096,-0.9494707105919086
1.2752975419796004,1.5850100406304979,0.9987828178300244,2.0910458371699394,1.2366811300914076,2.3316797345241933,1.5571068876858372,1.6207405225699503,1.141096557635768,0.19610052335241218,1.7601499131391019,0.0897575533309961,1.1564976012353347,1.30053425223451,1.3780375442880575,2.170843072384172,1.6776391359188385,0.9874175937874178,1.5555352785233574,1.125699235271656,1.7071419379636779,1.6925871496768328,1.0824909801620437,1.4959515368528016,1.4383984886378702,1.2496250842090255,1.4171863409038548,1.58308079147457,1.1976637750669323,2.2469257526783837,1.115419576330122,2.0754695067136404,1.31305697847339,1.534325962627877,1.6997756730644327,1.4123613164691486,2.2472444061599184,1.6938045292609467,1.5306578460164424,1.4859362533218994,1.7329567693477974,1.4461360289939253,1.2150107536588823,1.8973400435641312,0.8263469342096458,0.4140078995596391,0.48994786944355945
0.4153758521203662,0.3465728552066287,0.4157968463895058,-0.036533671456573616,0.2907481323192331,0.49434872929653445,0.2210510962205174,0.21239361365940132,0.6073899724169485,0.6216350437244272,0.9183631369786782,0.8791567156032434,0.27811948038268475,0.5769182910475074,0.4431341030627903,0.13972693099977884,-0.22396695547071166,0.8728850814558397,0.1248092190512656,0.35980415309474045,0.6038921095671522,0.5107114861532023,0.5974083399182727,0.5641875197681196,0.12331433910946296,0.5158220484760685,0.13097934765625882,0.4749949762275048,0.5261406514478266,0.01613376266734108,0.2756422805677647,0.7830827743186445,0.458789940939919,0.3143272551096217,1.0289759144139783,0.4568906426877524,0.20980347147318334,-0.08442309897171449,0.3081139975557233,0.7615225152305379,0.3876355771519122,0.1614120377536944,0.39383901844254066,0.1550729329087703,0.7232836194752578,0.17086934902911072,1.4666961916104841
1.2230050067854576,1.4959973679281569,1.0510566359379123,0.03663705238507907,0.361954896727175,0.743449015593672,0.8657319065329833,0.6421838294762419,1.063448173957262,2.225356551117636,1.2980821718771307,0.05876497652123086,1.1783383545105899,1.5692979947923118,1.2677540284330666,1.3100053782353722,1.081904872512134,1.3840077857415414,1.0533768162458232,0.9391431837720593,0.8409650488275663,1.393422819339382,1.537459813701995,1.3881303588122198,1.2002029676907022,1.5730400000130234,1.0410650034643971,1.4739572343307248,1.2007217127883305,0.07000798782860876,0.7995990239525077,1.3018046121096496,1.5953001075408204,0.4671809214808189,1.837489530800618,1.2215174687263022,1.0143784519093075,0.7450911611603381,1.0527156167575826,1.53507843517948,1.1544505744294788,1.0204095386081107,1.4592882202620603,1.2233243000259257,1.3931951652487795,0.7659422087515284,1.2096571594612935
0.4444272605615565,0.2536900662998383,0.16033440196394924,0.09855074178955402,0.34310604732507294,0.2145109078474807,0.40406212064333236,0.4180657555631689,0.31696484904799305,0.6141366380791056,0.37051549325470645,0.011364564929824765,0.1572040057283742,0.3302750211282075,0.3986447301894694,0.3357910346253783,0.3564205236327759,0.30050742654503965,0.5269615468921726,0.2173489368986195,0.28949009825974914,0.542662608069772,0.3473850621212811,0.41311613890421744,0.42050220870242516,0.288755679607782,0.4544863581193078,0.3016150157923058,0.31758929884845066,0.5149691808272343,0.35600374427708115,0.15370314291417453,0.654768849550539,0.557760871923009,0.5947330242942311,0.3874359964600291,0.4004219512342119,0.2731742249339518,0.593090246552316,0.4971561629286818,0.3714941338154408,0.5052265958121122,0.5897218926054658,-0.07383807433062028,-0.30734952786862085,0.8212209275763865,0.33572445015404506
-0.6304748517624855,-1.3253173451155946,-1.3413122395692119,-1.866177001979128,-0.4549681984706091,-1.330101818317686,-1.6382806613722576,-1.3564329037321141,-1.317886574583088,-1.2334705129281964,-1.5116099399648517,0.28555771505856936,-1.4848408013834125,-1.2541038316045117,-0.04436916588711488,-1.440337200875213,-1.7893389543988663,-1.0828857746420588,-0.1874652552023394,-1.4648917030013153,-1.1597036570373096,-1.13767708853306,-1.2919640808338464,-1.2827727335002077,-1.4877333105117097,-1.3109122894857006,-1.3602813199156083,-1.392712636214345,-1.2353537935865513,-2.2489781041131027,-0.5853504416138519,-1.6306600617180258,-2.0234420647872384,-1.2930894487790876,-1.8785634368225914,-0.09386593037209286,-1.4431963759472133,-1.7020456133099018,-0.25212630540439523,-1.5628846553497895,-1.1872569613885895,-1.4981668227427032,-1.323784929119424,-1.154806719627742,-1.028792731009336,-1.1969026391558486,-0.743839484872556
-1.1185385135744816,-0.47002166393223527,-0.0836100825395298,0.19986405172414973,-1.9110767200596868,-0.7054503345289822,0.4146059656718073,-0.004346087449949234,-0.05211707856672206,-0.23318319984226304,0.5283505137847855,-1.0223290263135112,-0.29860301914651466,0.22133169338358427,-1.5425957932125942,-0.7192617103020201,-0.2748903761132054,0.0443762609080015,-0.8875933078625075,-0.2883829442074301,-0.7998978745573587,-0.9321425583236042,-0.39472714420128496,-0.6571298635803662,-0.2740492168631492,-0.3584941586533342,0.1430664227724608,-0.4522631157210991,-0.03285036402381496,0.562857380970583,-0.9796037825717588,-0.36217421813614964,0.20502237979027021,0.12184486041996583,0.03943521084186872,-1.5235053511027625,-0.6341700853743304,-0.16388917095075156,-0.8513857778833285,-0.42187060187555114,-0.7946196673124879,-0.2513809896330572,0.0819627560498045,-0.8241574869486226,-0.9257294162749481,1.6344343445804983,-0.8466550977322322
1.3566414856149338,1.0354535395986557,0.3390104469089919,0.10417925900814289,1.0300418922016923,1.4031186970699558,1.0999558925226758,0.9862004614498079,0.7997461956205197,1.3574160976716323,1.1562593998066233,0.6439777503997319,0.5202669623474695,0.4956255541010111,1.0597192144338787,0.9127404787199891,0.809848241682375,0.6517974457112992,0.7550606450114583,0.4994039195230103,1.319362070263626,0.9200433859301497,1.2938813197150136,1.1954996435239018,0.9647901046985242,1.1337250099505296,0.8718459518375716,1.1692968613755563,0.4411299827929489,0.45710427232068684,1.4545449531834374,1.7614152367108273,1.3172445619907107,0.9880156365234151,1.4765459520565825,1.0607080625954455,0.9043555758300464,0.7701857102063497,0.9402586216378516,1.4927742707240412,0.963109977448034,0.8867637542844623,1.1758341788262978,1.4140834727254183,1.1870685357800037,0.03237469931827339,0.5413556758733976
-1.147589922015672,-1.3717587395689899,-1.3650569569470323,-1.7832501816252548,-0.6091099002478016,-1.1133862829031005,-1.4561733950947404,-1.4652639025870222,-1.215582308035239,-1.4273042988597664,-1.2684525097859032,-0.6759414031455494,-1.3273341516766453,-1.199355661824219,-0.800688504733561,-1.4149590482801913,-1.388927400305836,-1.1026583028903458,-0.9884505583368935,-1.3188830382052024,-1.2897573334857124,-1.3899949340675688,-1.357578560709099,-1.3854110382515548,-1.421060825910143,-1.2812778822376802,-1.2505022376837513,-1.3327278375667386,-1.2768194290887154,-1.576148892099039,-0.9249579872494231,-1.3127138482515872,-1.4147349247094674,-1.393482227185849,-1.343256344654514,-0.8320874764934358,-1.3734103274925475,-1.337059338851799,-0.9851414463211917,-1.248466234899115,-1.3659833639657886,-1.3965313593417354,-1.3376119555309245,-1.4345868395869972,-1.3895143325796935,-0.216379653813718,-0.9494707105919086
0.3630833169262249,0.48976715477126315,0.8245367574703962,0.8152486009565101,0.1895228299746091,0.10779860723416579,0.3897526166761155,1.012024766262837,0.4352021605584447,1.442710461887168,0.39910879407537303,-0.7124032582158616,0.6785332904290281,0.4074201694549837,0.3879923451352949,0.6173259446924754,0.7707836998196402,0.6968127117520693,-0.0998854149169868,0.7417998775939145,0.1879451599747736,0.6301397010513172,0.34606177132788324,0.4343891466541201,0.497860099851155,0.4248397393940537,0.450220331607707,0.44664639075953283,0.6502929229366048,-0.7859935897337679,0.11893742633459733,0.15382697416793023,0.19078459583137888,0.9965075068773708,0.2560013580882896,0.4487563147511724,0.648777435737744,0.8852023933339037,-0.07952185683426073,0.01846720434307545,0.6390997354781328,0.5569604478083627,0.01666846466216317,0.4348530528680253,0.6717519621080638,0.20742197807065454,1.2096571594612935
-1.560119921880576,-1.2633954858444014,-1.07320957245994,-0.6106424277526173,-1.8529943396798745,-1.6143601932349414,-1.0521935041466022,-1.0636959627444205,-1.2315657740262038,-0.3102293178479452,-1.3553761442807295,-0.47467196315742916,-1.0606870421248353,-1.021617664173854,-1.7938667583140238,-1.3580832772831806,-0.9682859941767462,-1.2402112803870777,-1.5400588624081974,-1.1570742180269808,-1.5815604777007999,-1.5327743781623606,-1.0626420780918495,-1.4173139992966557,-1.0469602904412492,-1.1405389300626794,-1.1867962417771816,-1.2747314125886944,-1.0186683266482557,-0.811134894809026,-1.7258403345764717,-1.5420901216788694,-0.9524257043972364,-1.2461010994872015,-1.2577404813828499,-1.8105845555106899,-1.455867472074132,-1.1913715402235643,-1.5188861996735548,-1.6546999494577308,-1.5562354080470961,-1.2189118008212738,-1.1196058391095982,-1.2565449450674713,-1.1318560457437241,-0.8468273268738903,-0.8980629041620705
-1.7228078091512409,-1.4646415284757799,-1.4220560919460288,-1.4474153209161316,-1.338630182662504,-1.2085820624952224,-1.2648779210066958,-1.626665807668454,-1.264238600405211,-1.5144732644866328,-1.3004770067050493,-0.25480697708344924,-1.4909815349129765,-1.4614832625904701,-1.5187845795620851,-1.5754728631306818,-1.2110442186094539,-1.3348573017715317,-1.7484971800552618,-1.4553100826691934,-1.459737848516488,-1.6848637399085251,-1.4896572877366625,-1.5989340088415969,-1.5768896713895986,-1.405582169934102,-1.6095594690768062,-1.4711791937908365,-1.5000488827508036,-1.244922174440869,-1.6747304436573456,-1.4325606493128604,-1.4122223745990752,-1.6529560435567079,-1.233307377590946,-1.4446649418712925,-1.5850062458291083,-1.4165254108308352,-1.7263352777921508,-1.4517065371173254,-1.638205972945784,-1.5625108011630402,-1.7685542786893602,-1.4473041177669634,-0.6680711294389787,-0.7246726065694901,-0.8980629041620705
0.8279058519852701,0.23433948527759038,0.748577288445826,0.6047420569812942,1.2493866507994904,0.15789984526799528,0.0860898798560385,0.8314390918917268,-0.37284523998163965,0.04688225101050766,-0.4749312254107637,0.6396023277912944,0.42543377856099934,-0.2351795606935045,0.8325101073371746,0.8632785105228458,0.6346158681838222,-0.30697073960767696,0.6491818099142971,0.5397609429086371,0.6206176184722902,0.8383020815409818,0.0730339772030635,0.5333613102700215,0.35160359773686584,0.06312962889165992,0.03897537588940504,0.22895350044418453,-0.044654003628412944,1.0760592591734817,1.0602916122255304,-0.05573484182016931,-0.17822526371494185,0.7843994562585738,-0.3386115405565,0.8105461926689222,0.9028525710159143,0.6875131125158784,0.6729176741486708,0.36206024102836276,0.9886566142804849,0.41081231591895384,-0.02819255436181683,0.8036541200870432,-0.04969124103265089,-1.1745370446738717,-0.5896160655830416
-0.3050990772211526,0.009872745419514217,0.5310355120714154,0.22012671371106834,-0.08008552702879532,-0.5925198819643527,0.2421387862774673,0.242091564194385,0.14790314094797372,-0.6135398262012127,-0.49597589481477405,0.3810877753427861,0.22108029574209126,0.415494141968037,-0.22107343560931655,0.2301045685904432,0.48923996596607355,0.38370019669633526,0.05450703433241145,0.3291556589198064,-0.33213914266192907,-0.0017799611861678668,-0.13146022908549906,-0.11645292599987958,0.47682320571142844,-0.019248691567162562,0.4507891351425878,-0.04386212743728304,0.24505501609687838,0.649056141228613,-0.0758587616967863,-0.7189364307210051,0.2566134087236641,0.10184178803064974,-0.41813018744287844,-0.23052263970664202,0.18299443577007965,0.46194099942450634,-0.006935978166071153,-0.404696498128429,0.03805579413571425,0.3054045924765933,0.5244276012178244,-0.2773145252100787,-0.6165394720717847,1.4436528202415086,-0.6924316784427179
0.4560478239380336,-0.3345675967764996,-0.5723850484635716,-0.010267257769826428,0.5036703200096483,-0.16407942015347457,-0.16003358838007578,-0.6112172505561327,-0.07152917448634799,0.5522747915051993,-0.3100050662771588,-0.07432079448540745,-0.47997623112798043,-0.6654227535123722,0.6950316790497599,-0.4159544961516845,-0.680184997939077,-0.568173245342979,0.5597295143458753,-0.44162541508209835,0.01346573603064058,0.012910732591842316,-0.09885005218224083,-0.04796552291241945,-0.6875521889747045,-0.3645306661918034,-0.14702338001638374,-0.3665987133966649,-0.6493306086577477,-0.4667389221114359,0.4484194275427944,-0.2621367755800808,-0.018594580034667886,-0.5792062143565719,-0.2881904990950254,0.6677574515052578,-0.3965360608579626,-0.5019685122650763,0.5466591387187902,0.10113370275435879,-0.10769818438329276,-0.5908843933584534,-0.2829171075870166,-0.137424465230451,1.3931951652487795,-1.1319602848131736,1.055433740171779
-0.7815421756566749,-1.0621494432130225,-1.014497510087916,-1.1472277359247363,-0.5379031358398596,-0.48887469004693435,-0.5629590948253663,-1.267892430087443,-0.7078425524231925,-0.08977619187548275,-0.4998645837263846,0.2975901272317727,-1.0930999861159385,-1.0677388496251312,-0.9748863309136043,-1.2994753385979962,-1.213136961923529,-0.9160443835441174,-1.0948400630567101,-1.1450178745627213,-0.6975053157524758,-1.1590662737464852,-0.1534197033327028,-0.7357272676950803,-1.391564651587246,-0.8501021532296016,-0.6283733714086567,-0.9080191163651626,-0.9783647074802235,-1.1192156490645768,-0.7176254108793868,-0.11657677888601695,-0.776547196669757,-1.297241029841021,-0.44811626936930554,-1.0104169735646193,-1.3264332522742994,-1.2429547799292546,-1.120601008624504,-0.689177440362507,-1.2630831695519527,-1.3943757821752247,-0.7284546252909255,-0.8877438778484532,0.10490373106893107,-1.1350308770937771,2.0321820623387037
0.6535974013381282,-0.37713887502544485,-0.3777610590110378,0.470032878216405,0.5664998180166566,-0.568790882532591,-0.8446303834431962,-0.45627142167795837,-0.42876216043583665,-0.05978256929419602,-0.2459560724388654,0.12804250115482219,-0.18275206699081387,-0.543483648092629,0.643022975549962,0.09593799766852959,-0.004926488597520609,-0.6436735333227511,0.5401538454774286,-0.1563977104934298,0.058467865479908156,0.3528193761680971,-0.29041964152706673,0.0058502191718548474,-0.18500416230345973,-0.4620475606502814,-0.5146126644326398,-0.3777745548790907,-0.40653035357870876,-0.13950288779854583,0.433954364075118,-0.30390068695702194,-0.892962018451279,-0.7075278108163421,-0.19490046643502817,0.622080071553692,-0.07616752639758695,-0.10812350640405911,0.47296572903805745,0.043225543212897635,0.13281414326989888,-0.22982521796795236,-0.4895543356255539,-0.137424465230451,-0.4104128426030088,-1.1722029371005755,-0.6410238720128797
0.432806697185081,0.9851420289408113,1.0475126482695807,-0.1791227743274873,-0.2677362944097256,0.6794454166842148,1.1270686368816112,0.37195092553990267,1.0515992322920356,1.191513872768887,1.2523328905640634,-1.10072201471468,1.0143744386180957,1.392610719592276,0.1548930957145177,0.36572184461071183,0.6466142631845191,1.4264588910584701,-0.019454949348804925,0.826194281843732,0.38463224154049636,0.38900285310327176,1.0211582401188355,0.6600334191966023,0.587461686001842,1.1877720318861427,1.210995059509823,0.9952473031153729,1.2933772257467044,-0.3949066218964114,-0.3535879802761831,0.6778954084446205,1.1472286711874806,0.343577030773246,1.2788599304675412,0.1746920350417743,0.3158562913246894,0.7144200456596573,-0.020737518476219356,0.4933695934544737,0.43081002025092324,0.44325375227493635,1.2887548945202194,0.35854938378822826,0.7748152768424518,1.107032522641037,1.6209196108999986
0.25849824653793907,-0.18363306480296532,-0.5854387363752592,1.2036162890391278,-0.14612631048949454,-0.9144879561112191,-0.9026215310998084,0.6923567645415565,-0.6270680649862015,-0.5668622510590852,-0.8171358496325012,-0.07103922752907926,-0.06968660220934834,-0.655026131372276,0.1573995392566761,0.4342013017932463,0.5845295448669585,-0.7103417121426245,0.4269554124555441,0.003253658749082591,-0.5443311595841215,0.2676227013383675,-0.3476294366334383,-0.07454067909123771,0.10928974301631221,-0.4394316713149301,-0.48147985852587466,-0.32550711518696335,-0.6363649527190179,0.824646208420896,-0.040660440592105496,-0.7934216582741661,-0.5031817446590461,0.5970121837812914,-0.27752878107674045,0.13439582587902224,0.39436876957299855,0.4800648404021818,0.42670501059107635,-0.2518466973746797,0.3626229701475465,0.1337128711640353,-0.2256117647926867,0.5238740001277882,-0.04969124103265089,-1.508374045032544,-0.7952472913023941
0.4153758521203662,1.913969918008713,2.936162743184532,0.8715337731423962,0.7340451460353435,1.2006965176874416,1.8357656491526742,1.07658552829541,1.7158962809701594,1.0021791302245109,1.2569078186953708,0.0715266257958387,2.811963392968437,2.976160054601052,0.21254129718417153,0.9873124282112997,1.1893323626346548,2.7794810330054034,0.6916525001984474,2.9024235352678156,0.8923830135967534,0.9077063868983064,1.6098044790232395,1.181632885007943,1.599792650027307,2.3516202605841943,1.6589278432278909,1.9987917186961555,2.9039930236072817,0.3114443302179972,0.6252146477032908,0.8739785566709874,1.04505163336485,1.0248137413905551,0.9889944718454081,0.17344059997460748,0.9722485383644809,1.1710014241357032,0.27829585491033915,1.1237848651476359,0.7388536142005427,1.8018062614681498,1.20732907231916,0.7146331728272802,-0.10122289839984489,2.8485860895989643,0.33572445015404506
-2.1934406258985244,-1.6620174549027091,-1.6748014791591979,-1.3791226453305885,-1.8529943396798745,-1.578025621872179,-1.7479366496683961,-1.4257896080871066,-1.7049183882949117,-1.9015784559263724,-1.7922817808205151,-1.578736934686466,-1.8884832445226196,-1.5114202295718888,-2.289891935307269,-1.7016396417775366,-1.3613031885600448,-1.0513181070641011,-2.467094450734791,-1.8438416144147816,-1.997530899861422,-1.991046199239512,-1.747194711363194,-1.9871784096735419,-1.7014414414549635,-1.5558183865402722,-1.7887325825640332,-1.6556111493935428,-1.5960681272027157,-1.4368740433487965,-2.5632067864275494,-2.023818465039085,-1.9589532786204966,-1.4991588360350712,-1.8561294051591162,-2.327802668770481,-1.700716458271851,-1.4555613760135202,-2.3990325758719995,-2.374741794881435,-1.9767025274305763,-1.65423060959806,-2.0641453766418842,-1.7143669595462523,-1.9563625636188273,-0.5969954403668493,-1.052286323451585
0.4734786690027468,1.933320499030961,1.551054229478337,0.9841041175141697,0.44782187733675266,1.4862488837306733,2.076767821232101,1.1780381543465952,1.8469909547130905,1.5083215112837343,1.6915259911695026,1.931081234381734,1.5553287480008622,1.8894918362346314,-0.04436916588711488,1.1726868172277576,1.3776792609014117,2.098553907451987,0.3639728256614132,1.4175896559853112,1.1475819916675072,0.9375223804622075,1.8583327958698508,1.3572566576109082,1.6832723886770153,2.107205767171798,1.8224588595059155,1.91773914698905,1.6655282464408987,0.9898604989154517,0.5930700622195649,1.3309523039863098,1.756940831309409,1.4871489051059026,1.5776101541049121,0.010754041243001496,1.3211095354710471,1.3382984177757815,0.3805294868373682,1.07191025037277,0.971934127203297,1.8233620331332547,1.683593315381959,1.4903871418052144,0.7748152768424518,0.9593516501109878,0.43854006301372134
0.5432020492616046,-0.4893722449544832,-0.5559055058058308,0.12669332788249704,-0.162741222184681,-0.5638646233432649,-0.9666377330584056,-0.24192969172981732,-0.6545979464722174,-0.5674246314824843,-0.3763415241811051,-0.6996416089412512,-0.5905094346601415,-0.6347858989080466,0.9506889203499662,-0.0853934939813988,-0.41468562949341964,-0.7505705448322241,0.7975313352956087,-0.5682804758961109,-0.4813985960598776,0.16736136942152025,-0.3012942306795172,-0.1483272282585586,-0.44056346888976705,-0.4703680991876239,-0.9228714015928217,-0.4561566220944588,-0.5422416296543727,-0.3178864333325233,-0.1264864838336553,-1.2726792039123866,-1.0514201787467028,-0.3606820839147866,-0.789735484205199,0.9249273578079134,-0.10232681161922945,-0.2469800111253241,0.748229783001582,-0.6545546025547476,0.2001440935814726,-0.5369949641956921,-0.9373963577313791,0.19322476744866882,-0.5650078147045907,-1.8025513350537583,-0.6410238720128797
0.8104750069205553,-0.21846411064301186,0.011782252199723911,0.4069934853682123,0.7945010852287533,-0.25622347905227955,-0.6522805248523038,-0.32014044344927667,-0.3660384011526802,-0.4168941381526476,-0.13592905088094076,0.2578467052051323,-0.33804298810443933,-0.43758188533580017,0.6543019714896775,-0.1032663684348625,-0.4416122601345196,-0.6615656770402213,0.4297640953801473,-0.22613413926827838,0.2834002708321025,0.26925373725747714,0.04248169630661941,0.22236625882765831,-0.4872008162154046,-0.4218683205636,-0.5016723840141176,-0.39108779947119354,-0.2765680004192735,0.568444337653975,0.9391065249518814,-0.4717284567529095,-0.6329968336959955,0.09901116457933118,-0.07273494747550906,0.689657565180666,-0.3790108785409459,-0.42752135009524184,0.4418696659935854,0.10558049459842901,0.47687762720411747,-0.7364936309562344,-0.8401462719704916,0.4602876092279575,0.001840416334543092,-1.6331778938748729,-0.6924316784427179
0.4211861338086056,-0.717709101017009,-0.48378535675528617,-1.182875011642464,0.5371793856133862,-0.4147080148885897,-0.8303208794759803,-1.1240141604148521,-0.5744789324039413,-0.6596550209199424,-0.5524762572364113,-1.4908638639670149,-0.7879625055746939,-0.6043149478485097,0.6536753606041366,-0.7902039651454654,-0.9689835752814372,-0.7545022579421142,0.09331792565419955,-0.7090858766708061,-0.1857902877261876,-0.3630866337027529,-0.4985625539438045,-0.3713567277160515,-1.0231407383465325,-0.6941491129053944,-0.7847943435006807,-0.6778258302692771,-0.5049959482077396,-0.8618165732940707,0.4886001593974526,-0.04769746503228805,-0.6291442568600603,-1.0528638718771945,-0.45811163001144845,0.6552431008335965,-0.7393996571320964,-0.9536703950932871,0.17989598418057381,0.004902131281626308,-0.36975855532546476,-1.0316999239098414,-0.9496870478749349,-0.40448730700974006,-0.6165394720717847,-1.265165738539937,-0.5382082591532035
0.5373917675733668,1.6353215512883423,1.675093797869936,0.7664681183954087,0.18882472444119855,0.8694277948907851,0.9259824495528396,1.6751560219974047,1.8053936063138918,2.8280409048603783,1.2054398772181707,1.4297307271649489,1.5907804054911314,1.905529178897545,0.5502845644900836,1.096512094655537,0.6110376268452425,2.0261875936902434,0.7431450204828388,1.5343458242707733,0.6438867577911177,1.1191662141338088,1.6472822201692408,1.2750864581222368,0.982042584019464,2.040303658185334,0.8234976513727638,1.7853401351871094,1.593972503760175,1.4767238670395084,0.10286513359273382,0.8434468684288233,0.9872629808258212,1.536213044928757,1.237767892272066,0.5451168149229695,1.1613224662113202,0.6119506370551097,0.6437810890494676,0.659853818358943,1.2032003853724904,1.0101705470671853,0.9622834375820106,0.9816960146065693,-0.25581787050142685,1.4154384595343212,1.8779586430491895
1.0951788096442208,0.45493610893121716,0.6062861835623192,0.26740625834721354,0.7410262013694562,0.5707046975490988,0.30916751538705783,0.2787989688929045,0.3270490547205264,-0.39533622192234824,0.3819528135829724,-0.5957253219908641,0.34649053411391795,0.2899051585629408,0.9237446522717576,0.6311176115935736,0.47919479805851284,0.11332369370462395,0.5005769497216579,0.3940695503089516,0.5210209033515342,0.6475744769488525,0.6242818724090695,0.6760072808666447,0.7060029148844277,0.38497256642684136,0.19212572765586808,0.4747570054553018,0.4631471343870179,0.6845732230015983,1.0479159468142958,0.5788595422056929,0.33902505234453967,0.36433493608291456,0.5758528986368506,0.9274302279422452,0.7149815855938999,0.508087086836895,0.45081510878720077,0.5933738641835598,0.8169931479623141,0.711623109505488,0.29935433796395394,0.48572216558788966,1.0324735636784217,-0.015842173104480047,0.695579095162912
0.31660106342031974,0.6987534298115413,0.4878579289789113,0.9841041175141697,-0.10368149405809439,1.0447531006406845,1.3386986692388576,0.8736802761930386,1.2016017916709674,0.9084490596579878,1.0739106934431037,-0.18370635969634141,0.3176860624030744,0.5622634779244997,-0.1508930164288672,0.2790235485413949,0.47779963584912977,0.7253033864614171,0.2277942596200486,0.36741868580901,0.6765657889124927,0.135712197609263,0.8488765082031913,0.537274189909521,0.5089907316711163,0.6802766872005176,1.1327845734638116,0.6457082584442517,0.5860762307872369,0.5508853309347466,-0.17036384301894147,0.8267041545019204,1.187429472953762,0.7323159847543135,1.0889480782668342,-0.15818969282443512,0.26612095029704164,0.43210636889202597,0.27829585491033915,0.6609356953515735,0.21290053520854904,0.6377945915525047,1.1151488962424891,0.9308269018867045,0.46562533263928785,-0.12638588312857288,0.23290883729436876
0.38632444367917584,0.09501530191740533,0.09329396857134627,-0.07593329198669439,0.344502258391895,-0.06755817397555447,0.11787204129901317,-0.014491350055067742,0.8357972308998253,0.09674664855189757,0.2652921462346532,0.04782642000013695,0.11732089105182174,0.2733148040840643,0.19374297061798088,-0.22295325279167752,-0.5211365060693715,0.24438079736762425,0.40908197566261545,0.17102719622014886,0.07316430126354329,0.07399561771110456,0.4833406735273415,0.22357238432479531,-0.05421923841891683,0.3221171018521775,-0.11787219885377904,0.1991269193106265,0.3053575479628566,-0.1933771129598149,0.46529533492175146,0.4506650578030095,0.19329714594177155,-0.173483519667593,0.36706092077876207,0.19596643118359997,-0.29713077701572127,-0.3925283955921915,0.4797813044998592,0.28742459875468557,-0.05647110189013506,-0.05037341885595723,0.0627585527004981,0.1296383765488381,0.10490373106893107,-0.30215023870044594,0.7983947080225884
0.5025300774439372,0.5749097112691542,0.6440887186911878,-0.25229349816914,0.9804763993294967,1.175572106203613,0.3716774537701589,0.2133159102598671,0.8118472424275592,0.14736088665782057,0.8829074439610515,-1.1244222205103818,0.5791420363938098,0.7901043461010717,0.9030664930489478,0.4126850504826903,0.16249297652848566,0.9780156711333334,0.6499478143482798,0.6253609815048808,0.8681541070430764,0.7204720544334735,0.48148806641658376,0.5876017482749895,0.3030740430018353,0.559995105712869,0.17932764812106564,0.5591741598194366,0.7484527237934961,-0.4827016554925521,0.3182338563337025,0.46533177718165636,0.20837244660412688,0.17657024714545588,0.581405876771374,0.8723670849869326,0.25140442888301284,-0.0425988505616954,0.7298277292547174,0.47181527490898134,0.4900053581924809,0.19105122379321374,0.0435543493511917,0.574743112847653,0.6717519621080638,0.11382924141027635,2.13499767519838
-0.18889344345639128,-0.5435538718167775,-0.3667156307780717,0.6719090291231183,-0.21872928596425958,-0.986698956032682,-0.7991412234632045,-0.1899121634635724,-0.9430062287066666,-0.8225578835645594,-0.9859506976777167,-1.3238685677449882,-0.5075145722141717,-0.4732511474653847,0.21028549799622842,-0.10640545815186399,-0.009670040109423959,-0.7055552787914547,0.37725023585044676,-0.40761383562502895,-0.4662535734164757,-0.16896556475839364,-0.8489177396962534,-0.4943665166787089,-0.25112011531402895,-0.7298954874364277,-0.530539163409282,-0.6584010121063002,-0.42585651997794727,0.9687098771854734,0.0012882434641581445,-0.9026422809249256,-0.7427115218498035,-0.2538732256850376,-0.9514382074825273,0.1455335979768013,-0.20230875382245994,-0.31027404038582035,0.38879337208480375,-0.6135681087954618,-0.1095666860391206,-0.3848112162400542,-0.39844959493644433,-0.22644541249021385,-0.9257294162749481,-0.43919171597919077,-0.743839484872556
0.8918189505558886,1.646931899901691,0.9810628794883667,2.578850662780957,0.89460941871992,1.1100122206696708,0.9922580468746816,1.7959768766583621,1.501606910428829,0.9459410878845963,1.0624733731148377,3.6265574951512263,1.0140579059619321,0.9327813946194108,1.1649898432045527,2.3702124068388186,2.438002540032781,1.1355691022760275,0.9257094105820436,0.9385086393792041,1.1441915095878754,1.618868368979647,1.1600286677319758,1.389627439226747,1.7166642841368984,1.2831576102000621,1.0332439548597958,1.505194656129345,0.8460009371061075,2.326739419583966,0.8743351852021726,0.7665731545164579,0.9361744619145059,1.7419050157245644,0.8779349091549357,1.1370456016925838,2.409701261293736,2.5372602055296736,0.9598534010905312,1.1031182405448148,1.6295864358076566,1.9041961768773967,0.9154251814097031,1.884622765384165,1.0840052210456157,0.4531596734344731,-0.6410238720128797
-2.6466425975810934,-1.890354310965235,-2.095177483084443,-2.2988223588479757,-2.2040018018790253,-1.9563067909122251,-1.894345469206648,-2.012554705303145,-2.0306886525460968,-1.9458190492337715,-2.2596106894334897,-1.666610005405917,-2.092013742435504,-1.9203171662946017,-2.708468006847805,-2.103299266896722,-2.1710553348861596,-1.7589125041454663,-2.6283809398900324,-2.157623816681961,-2.3334024869223096,-2.4722220096098817,-2.1643503316587087,-2.376714639421066,-2.1704862663481252,-1.7790244481453255,-2.0382951334926713,-1.9098082485979666,-1.953357570570914,-2.0310867934608616,-2.373393009146143,-2.0060210001978396,-1.9698409957655305,-1.9462086331133,-2.051372116368966,-2.634529403732917,-2.032750110464225,-2.0302265491671885,-2.7707370226200214,-2.34735921079359,-2.392192199499919,-2.034689979487155,-1.9569091051393572,-2.057733470405338,-1.9563625636188273,-0.0936758011566195,-1.0008785170217467
0.6768385280910791,0.23433948527759038,0.4287914678400543,-0.44178691119495783,0.4687650433390884,0.279654617857123,0.2466575770039567,-0.030170392262978404,0.28646012688857997,0.008640382219366152,0.29617291112097266,0.39968332142864577,0.3525046545810171,0.014781780121570066,0.9018132712778677,0.3325209866200585,0.27550111548853895,0.16688616215819793,0.14268265584419546,0.28810063670203856,0.4242356802937348,0.5062643549097725,0.1853355868540485,0.35791112803052705,0.43664162484136915,0.12520960449824312,0.3293495804456884,0.19986933345885288,0.3016880226971783,-0.4866923388378319,0.2957326464950938,0.3176848596522398,0.22428526396994686,0.2888516440477559,0.05609414524543943,0.874244237587682,0.4351368615048158,0.36936999627699635,0.22717903894682523,0.16160785259885463,0.5190334355294673,0.492293132813049,0.4007525316482912,0.39670121832812677,0.6717519621080638,-0.33315512548252885,-0.2811692270040127
1.0138348660088876,1.4805169031103587,1.542194260307508,1.471908943125187,1.1110221340773911,1.4168629811918159,1.398949212258714,1.2979367124070869,1.2116859973435,0.6460048620717224,0.765103044579905,0.03506477072552911,1.4255503589739844,1.353070374750953,0.8955471624224708,1.507607753098382,1.4962680486989983,1.5885708301546597,0.5129181322691562,1.39220788027108,1.3894798477335522,1.3028314710978783,1.1449359997640276,1.3282703422011095,1.2992655908883561,1.3549450167793957,2.0642003618299527,1.4166788993350201,1.4453567305002086,1.3889288334433663,1.2038171864103695,1.01412639915679,0.8691731256373711,1.3833593785575597,0.8335110840787469,0.924301640274329,1.5792785988864044,1.5613610759625522,0.41034762948275233,1.0211452530262437,1.6077671584073476,1.3114124560870222,1.0383320828452636,1.3377798036456214,0.36256201790489984,0.7377999333693805,0.5927634823032357
0.5025300774439372,0.03309344264621154,-0.40699895727477226,-0.01777194739461248,0.5811600342182913,0.7245007887813972,0.5599604007072108,0.12293084341426501,0.261249612707247,-0.2528665146612323,0.5889683115245988,0.47260703156926753,0.18252661822142394,-0.5382300358409848,0.37358029476788013,0.20828848143767734,0.4624528515459126,-0.5812789557092792,0.3729095440578781,0.003190204309796711,0.6220181483774921,0.36513110740878385,0.16266797320929663,0.3598735725483851,0.282482374134907,-0.06971891073039853,0.31726250532948747,0.0821040600122105,-0.5169219053211933,0.6646198062752022,0.6549483892757383,0.9423151982656112,0.8289723238710899,0.2133683520125959,0.6924654394618465,0.33612715870621346,0.20083622237735285,0.3442754472309847,0.37669572564010445,0.8239246253567738,0.32132185064412017,0.24440175866434719,0.4875555307871558,0.6764813382873818,0.7232836194752578,-1.4894560105360244,-0.6924316784427179
-0.05525696462691677,0.029223326441762173,0.48667659975613436,-0.5562334279729272,-0.21607648493729728,-0.4608370498930018,0.23460746839998564,-0.04953862087275093,0.0018334217813308804,0.5063470569276035,-0.012634737742226072,-0.3040304814283693,0.3733958098877836,0.13063775556572524,-0.43224130403620376,-0.30982941758094906,-0.24070890198331188,0.2990828928095719,-0.38415817152833664,0.34679599304119724,-0.025811694830325624,-0.23468203599652243,0.2081784471173861,-0.02779519608770989,0.22738574662609973,0.19874177964824685,0.1423554183538603,0.03397832689014436,0.23900029940851006,-0.18140506292397704,-0.3760891901147918,-0.5216324520164352,0.20837244660412688,0.11618361351732868,0.1305040522480562,-0.4078509887240931,-0.23667782295461798,-0.15691846288241537,-0.34447735291181036,-0.10746050355558937,-0.19106349535668588,0.27134647324572786,0.24327806418397893,-0.137424465230451,0.5686886473736757,0.4681682040388354,-0.2811692270040127
-0.020395274497488704,-0.5125929421811806,-0.8234175083037137,-0.7607362202483144,0.2383902173133932,-0.3595769983753565,-0.43116103196943006,-0.43598089646772137,-0.2732132879370118,-0.2819228365368546,-0.6416873557968911,0.5090688866395797,-0.638242559209539,-0.8728021844983302,0.7075638967605536,-0.31523389022572446,-0.47091066653156977,-0.8103439803724364,0.38099514641658405,-0.5843979034746469,0.02989653380116423,-0.13926453964425217,-0.6069937168471803,-0.3203741113752201,-0.17554312525649265,-0.6659099220588343,-0.33188452885241193,-0.5925850510586087,-0.8695021245984377,-1.1451550908088903,0.665395379557949,-0.35329843091842844,-0.6467321076328082,-0.5886416258609676,-0.6880049247807265,0.6740146268410885,-0.43552493669933723,-0.6762362139734909,0.4955423227552763,-0.04852594789291459,-0.251994731610755,-0.2621588754656096,-0.45959577840063587,-0.09927263069055248,0.3110303605377059,-1.2235531631705305,-0.6410238720128797
-2.6815042877105215,-1.7819910572406465,-1.860978964668875,-2.391505275714069,-1.8090136910749695,-1.7532795832464843,-1.6461132319648388,-1.7771846128643944,-1.8269372769325634,-1.8369047072354718,-1.789536823941731,-1.5295134303415459,-1.9101340782041767,-1.6495072800177386,-2.5658513692989633,-1.9391119743288385,-1.8155680039352737,-1.5295055913857964,-2.7161310033829364,-1.9935306366894585,-2.09344502983107,-2.282784325756259,-2.0387285484106084,-2.2231543111916086,-1.8448039792960624,-1.6828807360605207,-1.7632786243781495,-1.7919549708657547,-1.7665175757934672,-2.40062407123371,-2.8290425083779676,-1.8525867926031967,-1.6209315371023505,-1.839965899573814,-1.771279899263595,-2.643414592709798,-1.905534813563781,-1.878265113277451,-2.6673106649871774,-2.216343906985989,-2.273891934987246,-1.6711518903551674,-1.7972837668999222,-1.8161051849859813,-1.6987042767828573,-0.8532828856436452,-1.0008785170217467
0.7407516266616991,1.0199730747808573,0.8286714097501158,0.21299725856752333,0.4345578722019401,-0.13774495210319238,0.3264895465052669,0.23914021507289626,0.8514277496922519,1.4352120562418462,0.7639593125470785,0.9666651677719921,0.8497774574132744,1.2350023520429472,1.069744988602514,0.8009587839344324,1.1014371434435015,1.4213305696107872,0.6690979251978463,0.691670870558309,-0.022473374013457375,0.7408442110528759,1.070567057175044,0.8740899890957414,0.941972309467604,1.1988129839825505,0.5163437425375176,1.0908807090930628,0.8823903959907492,0.37529526374246364,1.0800605322980217,1.2498756116376495,0.8314848739814825,0.5011484028966403,1.1078282039242129,1.0901167866738513,0.8991179483551537,1.1354508129871872,0.7149186579320247,0.8338140906868486,0.9974723256411736,0.9821480439025496,0.9722696233236496,0.5365912783077544,0.5686886473736757,1.3229355368066777,1.0040259337419408
0.9964040209441727,0.8264672645583777,0.7418437118759961,0.3274437753454926,1.019570309200524,1.023654050740638,0.4966973305363611,0.38209618814502117,0.46469846215060395,0.811907086974469,0.9092132807160643,0.17179672723919787,0.9304932847348696,0.8877109316184627,1.040294276982147,0.8187202461127595,0.5329085431197738,0.8127697578191151,1.3768009105940662,0.9464404442899013,0.9506732247350398,1.059452106684752,0.861998545827457,0.9813611913778416,0.7705605794402028,0.8860007879445345,0.48505954811911295,0.8949680985840437,0.8628195945737985,0.06202662113805063,1.0374689565320852,1.0958695950183115,0.7401955533038859,0.22657792811874877,1.2522056354218285,1.0338022086513716,0.605772340224106,0.36518757143599423,1.395198283713129,1.1495141192672547,0.9317492867536107,0.5844440566813713,0.7372101743281391,0.778219563727111,1.0840052210456157,0.5151966927373534,1.8265508366193512
-2.0830452738220018,-1.700718616947205,-1.7035077792726827,-2.434282006575343,-2.1819416670232314,-1.595663770101235,-1.4621984493967266,-2.0020405240578407,-1.6459257851105928,-1.3532575431122127,-1.5280796812375554,-1.2465694349959262,-1.9585002680659007,-1.5972476634092772,-1.8646737883800124,-1.9300101778305887,-2.004891515748599,-1.4228934866234169,-1.9914908088353227,-1.8855311810254065,-1.8624879986296838,-2.1290020220026524,-1.781585966145134,-1.9688425181206712,-1.9186000682624051,-1.578081949051063,-1.655063751867213,-1.695199100289203,-1.6676238698834402,-1.6759159757310176,-1.8282208393421409,-1.6741335728159346,-1.6241141005755142,-1.8124144979809809,-1.5442741531242696,-1.897058718651874,-1.8831682400039056,-2.101048943141488,-2.075207546743137,-1.7116066792701157,-2.0571059619082472,-1.9898539744237371,-1.8023536765841393,-1.8288224631659475,-1.6987042767828573,-0.5969623790286549,-1.1036941298814231
-1.0139534431861974,-1.201473626573208,-1.4176261073606151,-0.9108300127440129,-1.142462527773957,-1.0360161053896353,-0.8175176390842607,-1.276193099491631,-1.2791128037721977,-1.533219278599937,-0.9104643835111572,-1.10072201471468,-0.9766159686479111,-1.217328545843002,-0.6954178759628871,-1.139870413360461,-0.966890831967362,-1.1770189638817439,-0.5582114012499553,-1.0929852343485476,-1.1195551330881917,-1.1120997669355532,-1.22384750842059,-1.1721883025668873,-1.026479927892521,-1.1700599028713532,-1.1580716632657375,-1.1769081288962682,-1.3266638139475104,-0.7640448313347327,-1.260065290917273,-0.9795895651704047,-0.8410359828364996,-1.2406285608146523,-0.9201194108038137,-0.72383834318356,-1.1137351817000913,-0.9271817044336075,-0.6298795753747665,-1.007082833581738,-1.0983596800290074,-1.0748114672400504,-1.24082277065042,-1.320131335967302,-1.028792731009336,-0.005820411695386243,-0.8980629041620705
-0.851265555915531,-0.42745038568328975,0.11928321147244404,-0.36861618735330515,-0.21188785173682992,0.07475287169537226,-0.042545029491355225,-0.0015791976485531583,-0.10531126348933427,-0.4665710755529049,0.29960410721945274,0.6056928025759059,-0.10171970701305581,0.14391003914882627,-0.584507749222357,-0.1922015102527074,0.21341639717097838,0.050644209344058014,-0.19010371491939135,-0.047890619315092406,-0.22758449951549573,-0.4218026634011544,-0.5223102589928978,-0.41646156343211777,0.22905534139909395,-0.412550429440117,-0.15128940652798403,-0.3344269781314626,0.06500364306093681,-0.13351686278062688,-0.4813627075739966,-0.2256575450619466,-0.08727094971873126,0.26903727988852594,-0.14492366322431602,-0.6099577520714342,-0.1107727984874818,0.15467218777222974,-0.21242557833939837,-0.275581414166859,-0.331713450642936,0.30691349649315014,-0.31133932854399043,-1.0021993814681485,-1.3379826752124995,2.194403514499213,-0.7952472913023941
-2.797709921475283,-1.871003729942987,-2.044911924655276,-1.402387183167422,-2.359958578043087,-1.7660229477460352,-1.500608170571885,-1.993739854653653,-1.8554251579574694,-2.059982275183797,-1.6127158516667288,-1.664057675550996,-2.0208572013300348,-1.8082216711989922,-2.844066602478601,-2.0383400466882344,-1.8514236727164268,-1.7080851404639894,-2.7400473640439515,-2.0222754976858246,-2.1532218369581186,-2.3334184524534627,-1.9977008114766959,-2.249488460623658,-2.066637471467888,-1.7306885374020264,-1.7339852423318252,-1.8413812855124894,-1.987178361769581,-1.2868243495663003,-2.4662908611941137,-1.7328769343401937,-1.6685024858591162,-2.066227067449203,-2.1606547260563915,-2.7743147007353826,-2.0130991015275783,-1.8054909210440169,-2.7818975274387223,-2.1939157647156797,-2.393375985710257,-2.113799661498089,-1.936014931895312,-2.045016192225372,-2.1109575357204085,-0.22790243329063528,-1.1036941298814231
-0.76411133059196,-0.6790079389725131,-0.39902498502102624,0.3968621543747523,0.10993879916573246,-0.23971145283015446,-0.37392301610056644,-0.4156903712574843,-0.29439011984933156,-0.9258484213288681,-0.2722619091938791,-0.8400197509619529,-0.5249238683031435,-0.18679102679678095,-0.2768418044223529,-0.3438453443212843,-0.21699114442379414,-0.18013025580166006,-0.26032078803446923,-0.4800153508498728,-0.41061837055285433,-0.43939536299341375,-0.8862331094854438,-0.6142945308081087,-0.31244989664201495,-0.7014363915520551,-0.3176644404804096,-0.6107065546445706,-0.33986731125222175,0.4930204224281991,-0.39939401459049406,-0.49245926546988417,-0.38877696296583814,-0.3603046674546117,-0.40036065741240245,-0.3064847482836304,-0.32715625071497423,-0.20641049016760468,-0.30997350213643926,-0.3781516751989798,-0.44617424562411795,-0.23144190084283525,-0.4204192035680504,-1.1166548850878435,-1.4925776473140813,1.7117806243551497,-0.9494707105919086
-2.11790696395143,-1.6233162928582132,-1.5697222447931716,-1.4793102518214678,-3.0734224331893314,-1.7179844015124792,-1.0811137647961333,-1.7161285779135902,-1.4903769126117679,-1.104872856110927,-1.5303671453032093,-1.5072716987486559,-1.6403849486219677,-1.4935579479162981,-2.026339396849261,-1.727654212561759,-1.441245983157713,-1.206649265579466,-2.156181762141599,-1.7303850769721698,-2.0737280725064413,-1.857777551735781,-1.6998852772684037,-1.87133031496736,-1.6208556670784444,-1.495264743401732,-1.3991021611711743,-1.5851293213792648,-1.5346035790026067,-1.0374066404863536,-2.111896806236028,-1.3610626686517697,-1.238018900278524,-1.571811504618912,-1.4110026778957023,-2.0503595143797337,-1.6814532222690788,-1.4952944120030391,-2.006199845192392,-1.7437578442562494,-1.9113025585067307,-1.6568173021978725,-1.5719032363924625,-1.765236072266117,-1.7502359341500513,-0.05173498731443186,-1.0008785170217467
0.8453366970499834,1.3915042304080183,1.137589001506338,1.0591510137620181,0.5804619286848808,1.3747208377647375,1.2935107619739645,0.6062142620580941,1.4890016533381627,1.1334012290176423,1.1539719357409703,-0.7124032582158616,0.9507513747293086,1.3613655519903909,0.4193228894122811,0.6588025846643147,0.7219530224912216,1.5258913457940937,0.6405855379329359,0.9987903567005016,1.0634719554612546,0.6863605363730788,1.5040842740155282,1.1212583749453493,0.7260380521603578,1.6311728379653916,1.3531959432298446,1.4410050174024647,1.3138654084800738,0.6905592480195158,0.8984436243149673,1.1179989684835847,1.3298073125426741,0.5813494006839962,0.9556766030382667,0.3924417367286929,0.669377872849788,0.6551690270787968,0.6361135666549402,1.0390378340582163,0.8194402823889784,0.8264075936221694,1.3686443804533335,0.6383295037474837,0.36256201790489984,1.6417015093623677,1.723735223759675
0.4211861338086056,-0.44680096670553765,-0.6090062543696624,0.17659951388731618,0.021698259742557284,-0.8978682138710398,-0.503461683593258,0.041953201893409585,-0.7596249485516505,-0.16794707072796322,-0.7267810190391949,-0.2208974518680607,-0.40945275533483855,-0.7144196004066551,0.46769724977594723,-0.1336952108360688,-0.20066774657400896,-0.8833940703272043,0.3787822447184122,-0.32169652483235756,-0.30521610688651346,0.0019685156318022972,-0.47320544117301055,-0.2245792518806511,-0.415408240976655,-0.6110531360008061,-0.4800578496886742,-0.5509126792251959,-0.611351022157979,0.48902973908291936,0.0747386212944735,-0.560417857530983,-0.43082030147974054,-0.06837303550863381,-0.6897818777837739,0.5203384005930795,-0.18566606268630237,-0.30497630225388406,0.43726915255686893,-0.11725287736068428,-0.004178370710685973,-0.5476650711699185,-0.01482642883069907,0.16779021108873618,-0.25581787050142685,-1.6382722015596995,-0.6410238720128797
0.8918189505558886,1.1244662123009963,1.0342226945133384,1.0028658415761322,0.8457420313811359,0.7385318493149603,0.6834740138979168,0.4863157039976023,1.3074859512325654,0.46791772799532944,0.6507298412972385,3.3166317270535792,0.8304689653873246,0.9410765718588494,0.7388944410375399,0.8538522502057776,0.687073967256637,1.1355691022760275,0.5639850945346676,0.8718814781293474,0.8972079304023831,1.03341364789865,1.2617432357434542,1.0685398549698075,0.9709119521995028,1.1452871620128557,0.763062275791755,1.0691400585457627,0.9530287573550541,0.9300002487362651,0.7779014287509926,0.606430206644818,0.5006657761131283,0.4398182281180732,0.5780740898906597,0.7428435555352293,0.8691886484986278,0.6969932754888158,0.6275940973276883,0.6008776520427053,0.9310681877629385,0.9449643377802445,0.6388846531796902,0.8672405109868738,0.9294102489440337,0.23780148425203418,0.1815010308645306
-0.3690121757917726,-0.8918643302172407,-0.9260159513019081,0.13419801750728177,-0.9670984177810641,-1.1801779080980404,-1.1746527328344605,-0.3299167874142086,-1.23887682313879,-1.0088932638508072,-1.353546173028207,0.004072193915763882,-0.7586515816139888,-1.0230554948953563,-0.23949579564418513,-0.4706532322005034,-0.4015711047252157,-1.191264301236418,-0.24474536454348872,-0.690937907035131,-0.9379191838928967,-0.4726869412308008,-1.0589497391321077,-0.7863427786288852,-0.7133752547970142,-0.9898686159066066,-1.0080497309411147,-0.9234109253542744,-0.9639924001896507,0.20848469990979562,-0.3032817039941518,-1.0021938679147886,-1.0115543836618077,-0.2912374552424414,-1.078046108949666,-0.21813343254169615,-0.45800076374455,-0.4385350688432137,-0.25280786295057506,-0.8190387420446347,-0.44774499249995225,-0.6591084106785096,-0.6485651393578103,-0.5825292015292659,-1.028792731009336,-1.0032901645347019,-0.8466550977322322
-0.20051400683286838,-0.009477835602733737,0.027080465634687887,1.1833536270522078,0.15754959654437634,-0.14469823090499448,-0.045105677569699056,0.6965993289036962,-0.08226885352759625,-0.6382845648307758,-0.42643698721891327,-0.0506205886897031,0.24760573232856029,0.11952221806487826,-0.2940109426861414,0.2769325160512029,0.3124729140371986,-0.08263516694627152,0.23324140226170262,0.2332125467200138,-0.05583832574017365,0.07818501748474391,-0.11050717113359888,-0.02206261998081807,0.42027959606602566,-0.12721423081213643,0.02319107779648204,-0.05384315652086424,0.081638824265344,1.6479241825519833,0.1838694890117256,-0.24123114626956857,0.0860950078983555,0.6458876153740568,-0.36215616784687976,-0.30460759568288104,0.30340139399622024,0.3101189776961358,0.23970265885788672,-0.18508656479864108,0.1206556221726874,0.4257935772262018,-0.08672696617050224,0.2440938801685332,-1.08032438837653,0.09473373678390741,-0.743839484872556
0.29335993666736715,-0.02882841662498169,0.07173471025566378,0.7758489804263894,0.4191995504668938,0.09392842127302123,0.03201501749571747,0.04176874257331695,-0.13127809309610725,-0.33347437534844204,0.26071721810334664,-0.28033027563266755,0.37402887520010925,-0.08448384084370862,0.8416586262660537,0.6264304776325713,0.3515374558999335,-0.2542060100459645,0.4614256119847647,0.4267485865410238,0.506859120511226,0.6432726355045697,-0.3003943929400065,0.2837722122606249,0.4527810409803123,-0.19126486457795927,0.22909795742307343,-0.01115119998764686,-0.03621409551735283,0.7145033480911916,0.5625327060100239,0.1387304874968372,0.2527608318877289,-0.08101648692452297,0.157158347293769,0.8316954453040306,0.5011659749672085,0.32336332302597515,0.5202487838043076,0.6822819606292527,0.6150141463920447,0.42870360640099103,0.19795614427961558,0.1805074892687025,0.05337207370173708,-0.03908256049683889,-0.7952472913023941
-1.9494087949925256,-1.607835828040415,-1.5824215339380256,-1.4582971208720696,-1.5564391090867973,-1.4752106826393736,-1.5355534855234017,-1.5115631919303818,-1.795726660376073,-1.2674007984732778,-1.693234586777726,-1.0033688616769494,-1.7280011878479187,-1.404523045546327,-1.8839734036546363,-1.7021521382431641,-1.5919235017711177,-1.3691600741215864,-2.2392506874268316,-1.7447257802507103,-1.6954832836395697,-1.9308065217344128,-1.6751998239867996,-1.866724984459737,-1.7996136141070203,-1.5124004163939715,-1.5973301930768842,-1.5913740726866419,-1.5295885611395132,-1.8399330612219895,-1.7920581806729483,-1.4092344832009955,-1.7484015793695997,-1.7354215401051192,-1.6957593966340736,-1.8477521770055259,-1.754741922075848,-1.6644037897408843,-2.2012104980931997,-2.0266242931320937,-1.915025095999115,-1.8279701292188026,-1.7822276714740661,-1.7016496813662862,-1.3379826752124995,-0.5321706251586208,-1.0008785170217467
1.0719376828912681,0.3968843658644733,0.7323930780937792,-0.6369088414393645,1.1096259230105678,1.0877870487626933,0.4100871749453179,-0.13623450131649115,0.3588143025890057,0.10049585137455908,0.6838980702492117,-0.2219913075201701,0.4490471147107682,0.48014122325406033,1.091676369596404,0.17781429228588919,-0.1674628859906845,0.5007968697517556,0.8048509332203331,0.5298620503800867,0.8842849775527095,0.6722737428036941,0.5771047673936184,0.7287189773216103,-0.19669132571441933,0.5240793683954155,0.35636774835249324,0.5625916465611803,0.5169668382836308,-0.4966690472010292,1.5541931681829906,1.439628797539684,0.4671651079745604,0.0850467555528258,0.9512342205306471,1.1001282672111805,0.3038788009515152,0.10518016048704044,0.81331852866179,1.2556628965057706,0.6500455387264649,0.09674472275838142,0.5597633353805477,0.1550729329087703,1.3931951652487795,0.44904462733549527,1.9807742559088657
0.4037552887438907,1.0161029585764079,0.8599766341537101,0.6463930843988506,0.2663144386498415,0.37173782420027396,1.075102543526985,1.4455041684815395,0.8083177704421722,0.9740601090545529,0.7765403649081717,-0.03785893941509526,0.798815699771013,0.7143417273142023,0.25640405917195325,1.1162965691981834,1.4613889934644138,0.9076437046012441,0.6065408964225942,0.7576634874153088,0.614885095694574,0.8655091756680409,0.7834630254700711,0.8122757161914657,1.2269164840586082,0.8094232925343732,0.9976937339297905,0.8579414862606659,0.5432651026876582,0.7703729149250998,0.2957326464950938,0.4831088462869888,1.2879314773694648,1.6569863121850112,0.9223587342311246,0.2985841066912277,1.1717515577165958,1.4428590388008302,0.5636980773732952,0.7261257192665118,0.8415609310240993,1.2251893694266027,1.1381939402616568,1.0707169618663321,1.1870685357800037,0.11389125842178285,0.6441712887330739
0.38632444367917584,0.4781568061579145,0.2604520535943122,0.5901079122129632,0.014996446621809526,0.9008403037921973,0.6985366496528812,0.7168898541139332,0.5814231428101755,-0.04759766012054712,0.22754898915137348,1.694079176424709,0.43163781862179634,0.34105875153947773,0.074686902365433,0.36338414143416536,0.6800981562097206,0.28084886099558964,0.019270830369208118,0.4372185690231445,0.320825976864962,0.25402862969652107,0.6196610840169868,0.4251910409167356,0.47559883621123245,0.44109867570040745,0.5284308176537195,0.488585079022346,0.35061502623955376,0.151816996406832,-0.02571320834217207,0.8611219588545926,0.7184201190138165,0.5719139891796018,0.5558621773525656,0.07332579460131163,0.38718458352131907,0.6691104432154691,-0.011366102216241762,0.319450931780131,0.3041557451092912,0.5839051623897434,0.5159777517441296,0.5874603910276188,0.41409367527209384,0.2863787338498203,0.23290883729436876
0.3630833169262249,-0.14493190275846943,-0.5570277685674685,-0.16036105026552483,0.782214427840717,0.9664351620592744,0.4183716246105481,0.09802883520170164,-0.19581700940031974,-0.109459506694452,0.46315778791366563,0.21008167506302397,-0.0178385531298296,-0.7669004217415015,0.4819839779662535,0.26474518591206964,0.344561644853017,-0.5704524993197263,0.38354849452985973,-0.06629240670791017,0.647916215339603,0.37292622098036304,-0.30416755993199324,0.178788254075833,0.2735778686789383,-0.33494250319963137,0.17079559509786504,-0.08733776720916465,-0.7080430129085981,-0.07365661260144027,0.5569074035503723,1.0215562743821287,0.5718546959075838,0.029377827676897113,0.30930994817971685,0.45501349008700304,0.17624649426900887,0.21252906473942323,0.31279970568571147,0.730050990919263,0.32968791612247156,0.15710088342067358,-0.04324864978767289,0.2059420456286347,1.0840052210456157,-0.7661503716842222,-0.5896160655830416
0.6768385280910791,2.235189562978029,2.414310559022732,1.5131847360615038,-0.05271979011907663,1.4163244011015448,2.054173867599655,1.8005883596606886,2.123550295282314,2.2009867327703394,1.3301066687962773,0.8354024895188703,2.5429106352297874,2.7737577299587555,1.0039508456208424,2.4384436296539445,2.435212215614015,2.6598201992261408,1.2274300459674432,2.3345063036619007,0.8136977487179116,1.8641744024684077,1.6169287905379677,1.5718413680026837,2.499704232671163,2.342855069925614,1.9945219288071419,2.2808472109083366,2.5394868472165837,1.5186260421649398,0.3953808614946458,1.229811306433536,2.0517467109288026,1.4569555882918397,1.1789063240461155,1.0131535300431305,2.0787978441010857,2.0932261015766334,1.2311984991635203,0.9512254848230083,1.649042962727049,2.428001428339437,2.0246599668656406,1.9482091562839956,1.5993217947175544,1.305233645794543,1.723735223759675
0.5722534577027949,1.2328294660255847,1.3443216154923374,-0.29169311869925946,0.29423865998628884,1.2366135146165782,1.2332602189541082,0.670775024090667,1.2747122827968322,0.8334650032047684,1.0052867714735045,-0.01962801187994046,1.336921215248312,1.6212811054927918,0.3441295831475132,0.5073014364919655,0.603364234693634,1.5800236277418551,0.4618511700036448,1.1764627867001183,0.9659303940933837,0.6156738906145945,1.3420705633643337,0.9728058612787827,0.5813398385008635,1.4805988206714975,1.168334794393817,1.2951478701904318,1.460646419107201,-0.7061799228281852,0.5207447448811796,0.8064905233741605,0.8691731256373711,0.9210242148422108,0.5780740898906597,0.31735563269872147,0.6864775820865818,0.7388175238988349,0.37626975217374226,0.5739694294054752,0.7513303833217136,0.691684020715266,0.9077435000699798,0.574743112847653,1.2386001931471977,1.2437251602486636,1.9807742559088657
0.397945007055653,1.0470638882120045,1.0076427870008524,0.6463930843988506,0.6502724820260006,1.1039969105705356,1.0148520005071286,0.9197951062163048,1.3805964423584312,1.5739325606803007,1.0739106934431037,0.30852868375286663,0.9064368028664721,0.885775390262594,0.20000907947337776,0.642833491894761,0.8056627550542248,1.249531801113419,0.5767518351010461,0.9797540249148287,0.8215740993952102,0.5827625926341023,1.0080648141874007,0.7809557567444375,0.9096934771897169,1.092759127869357,0.9976937339297905,1.0126049185703832,0.7879001203995363,0.4311648305763719,0.3198410856078885,0.6812024313390359,0.8942986267412966,0.9682012723641851,1.2555374223025428,0.21724082732542563,0.6507586168979131,0.8364074368555475,0.48276311876439726,0.5365198411990213,0.5813570068883626,0.9180196231988638,0.8539717306919228,0.8418059546269416,0.15643538843612506,0.7253001826299714,0.695579095162912
-0.938419781239102,-1.1279414186886658,-0.8535414034845303,-0.3911302562276593,-1.346309343530027,-1.1033770866800048,-0.886805763557096,-0.7735414522380295,-1.1457491837529463,-1.0908133455259486,-0.7674978794078243,-1.10072201471468,-0.7078797435654253,-0.9615605809603206,-0.7054436501315242,-0.8637790679645027,-0.7890076502709811,-1.1328584180822547,-0.8684431970129409,-0.7005195273672539,-1.123362905269932,-0.9124842168043545,-1.181237544873165,-1.0746501700353848,-0.6318990298748989,-1.0756984988119667,-0.8523397632676911,-1.0515851848384143,-0.9499258866712184,-0.5645106640707753,-1.3492665156346142,-0.8160194052462921,-0.8586238336092471,-0.7820675617010621,-0.871253203220006,-0.7188326029148944,-0.8671935358703835,-0.7410637990090205,-0.9054844081113816,-1.0669605640585014,-0.9020705673719681,-0.6189068965230891,-0.8690293938078483,-1.3074140577873357,-0.9772610736421421,0.7745419357156327,-0.8466550977322322
