target,kNN_graph,edge_metrics,fw_source,K,p,mu_used,RMSE_scaled,RelRMSE_scaled_pct,RMSE_orig,RelRMSE_orig_pct,R2,best_epoch,best_lr,source_file
ALM,10.0,l2,none,1600.0,1000000.0,2.500000000000001e-18,0.1188615847693914,11.400169989813408,0.9346463684493164,4.141155193859979,0.9867962005182594,56,0.0083799501815843,PGNN_ALL_RESULTS_May12/male_pgnn_target-ALM_l2_fw-none_80pct_knn10/alm/results_knn10_l2_fw-none_K1600_p1000000.0_mu2.5e-18.csv
ALM,10.0,l2,none,3200.0,1000000.0,1.7677669529663694e-18,0.1101181335723709,10.56157415469091,0.8658940167899546,3.8365328599213937,0.9886672953308224,63,0.0085334892085578,PGNN_ALL_RESULTS_May12/male_pgnn_target-ALM_l2_fw-none_80pct_knn10/alm/results_knn10_l2_fw-none_K3200_p1000000.0_mu1.77e-18.csv
ALM,10.0,l2,none,15.0,3.0,0.0081649658092772,0.1117446682717738,10.717577224172928,0.8786840199895823,3.893201766972838,0.9883300362022356,46,0.0081801699963272,PGNN_ALL_RESULTS_May12/male_pgnn_target-ALM_l2_fw-none_80pct_knn10/alm/results_knn10_l2_fw-none_K15_p3.0_mu0.00816.csv
ALM,10.0,l2,none,30.0,5.0,0.0017320508075688,0.1090323814246338,10.45743824673526,0.8573562412724951,3.798704377811312,0.9888896719279758,74,0.0087894223403149,PGNN_ALL_RESULTS_May12/male_pgnn_target-ALM_l2_fw-none_80pct_knn10/alm/results_knn10_l2_fw-none_K30_p5.0_mu0.00173.csv
ALM,10.0,l2,none,100.0,100.0,1.0000000000000001e-07,0.1104892842473853,10.597171701158146,0.8688124182147415,3.8494634758484376,0.9885907733411649,55,0.0083588383313389,PGNN_ALL_RESULTS_May12/male_pgnn_target-ALM_l2_fw-none_80pct_knn10/alm/results_knn10_l2_fw-none_K100_p100.0_mu1e-07.csv
ALM,10.0,l2,none,40.0,10.0,5e-05,0.1156635179968344,11.093439224640964,0.9094990149893494,4.029734343249546,0.9874971597336292,85,0.0090517171631665,PGNN_ALL_RESULTS_May12/male_pgnn_target-ALM_l2_fw-none_80pct_knn10/alm/results_knn10_l2_fw-none_K40_p10.0_mu5e-05.csv
ALM,10.0,l2,none,200.0,100.0,7.071067811865477e-08,0.1097439670934716,10.52568735853033,0.862951641550489,3.8234960227640262,0.9887441784753536,91,0.0091924390242644,PGNN_ALL_RESULTS_May12/male_pgnn_target-ALM_l2_fw-none_80pct_knn10/alm/results_knn10_l2_fw-none_K200_p100.0_mu7.07e-08.csv
ALM,10.0,l2,none,10.0,3.0,0.01,0.1106192280797108,10.609634783999525,0.8698339494176073,3.85398959330766,0.9885639213175124,48,0.0082179672183702,PGNN_ALL_RESULTS_May12/male_pgnn_target-ALM_l2_fw-none_80pct_knn10/alm/results_knn10_l2_fw-none_K10_p3.0_mu0.01.csv
ALM,10.0,l2,none,5.0,2.0,0.0282842712474619,0.1049217649540326,10.06318364699474,0.8250331755497796,3.655489964298765,0.9897116184328774,80,0.0089325881917434,PGNN_ALL_RESULTS_May12/male_pgnn_target-ALM_l2_fw-none_80pct_knn10/alm/results_knn10_l2_fw-none_K5_p2.0_mu0.0283.csv
ALM,10.0,l2,none,80.0,10.0,3.535533905932738e-05,0.1057866575901365,10.146136630447309,0.8318338985899822,3.685622055419671,0.9895413006547726,74,0.0087894223403149,PGNN_ALL_RESULTS_May12/male_pgnn_target-ALM_l2_fw-none_80pct_knn10/alm/results_knn10_l2_fw-none_K80_p10.0_mu3.54e-05.csv
ALM,10.0,l2,none,800.0,10000.0,3.5355339059327374e-13,0.1124914231042778,10.789199456433906,0.8845559123089622,3.919218470398894,0.9881735415706426,65,0.0085789432410379,PGNN_ALL_RESULTS_May12/male_pgnn_target-ALM_l2_fw-none_80pct_knn10/alm/results_knn10_l2_fw-none_K800_p10000.0_mu3.54e-13.csv
ALM,10.0,l2,none,10.0,2.0,0.02,0.1113471411239281,10.679449875712963,0.875558030195261,3.879351385363605,0.9884129193633084,85,0.0090517171631665,PGNN_ALL_RESULTS_May12/male_pgnn_target-ALM_l2_fw-none_80pct_knn10/alm/results_knn10_l2_fw-none_K10_p2.0_mu0.02.csv
ALM,10.0,l2,none,15.0,5.0,0.0024494897427831,0.1134867716406451,10.88466463583324,0.8923825398471275,3.9538960558196288,0.9879633295220068,56,0.0083799501815843,PGNN_ALL_RESULTS_May12/male_pgnn_target-ALM_l2_fw-none_80pct_knn10/alm/results_knn10_l2_fw-none_K15_p5.0_mu0.00245.csv
ALM,10.0,l2,none,400.0,10000.0,5e-13,0.1152309779236706,11.051953740739329,0.9060977326857544,4.014664217956399,0.987590497159039,58,0.0084228335616671,PGNN_ALL_RESULTS_May12/male_pgnn_target-ALM_l2_fw-none_80pct_knn10/alm/results_knn10_l2_fw-none_K400_p10000.0_mu5e-13.csv
ALM,20.0,l2,none,80.0,10.0,3.535533905932738e-05,0.1751515712511471,19.57883778080052,0.7574497681472485,4.826669831858096,0.9604272846268804,54,0.0083379574330586,PGNN_ALL_RESULTS_May12/female_pgnn_target-ALM_l2_fw-none_80pct_knn20/alm/results_knn20_l2_fw-none_K80_p10.0_mu3.54e-05.csv
ALM,20.0,l2,none,400.0,10000.0,5e-13,0.1918791077448191,21.44867954780596,0.8297886197837419,5.287632086449802,0.9525077050082744,102,0.0094366095580143,PGNN_ALL_RESULTS_May12/female_pgnn_target-ALM_l2_fw-none_80pct_knn20/alm/results_knn20_l2_fw-none_K400_p10000.0_mu5e-13.csv
ALM,20.0,l2,none,15.0,3.0,0.0081649658092772,0.1959000676626136,21.898151518803672,0.8471774633069574,5.398438386714046,0.950496381160953,73,0.0087656872931931,PGNN_ALL_RESULTS_May12/female_pgnn_target-ALM_l2_fw-none_80pct_knn20/alm/results_knn20_l2_fw-none_K15_p3.0_mu0.00816.csv
ALM,20.0,l2,none,1600.0,1000000.0,2.500000000000001e-18,0.1975711284134769,22.08494645949023,0.8544039848136084,5.444487689007376,0.9496482305868073,90,0.0091692456553619,PGNN_ALL_RESULTS_May12/female_pgnn_target-ALM_l2_fw-none_80pct_knn20/alm/results_knn20_l2_fw-none_K1600_p1000000.0_mu2.5e-18.csv
ALM,20.0,l2,none,10.0,3.0,0.01,0.1914820117376588,21.404291260267005,0.8280714490536825,5.27668982135518,0.9527040732994838,81,0.0089564767647702,PGNN_ALL_RESULTS_May12/female_pgnn_target-ALM_l2_fw-none_80pct_knn20/alm/results_knn20_l2_fw-none_K10_p3.0_mu0.01.csv
ALM,20.0,l2,none,100.0,100.0,1.0000000000000001e-07,0.1925046760002048,21.518606978690684,0.8324938989520734,5.304870839298693,0.9521975294762192,138,0.0099611725283593,PGNN_ALL_RESULTS_May12/female_pgnn_target-ALM_l2_fw-none_80pct_knn20/alm/results_knn20_l2_fw-none_K100_p100.0_mu1e-07.csv
ALM,20.0,l2,none,30.0,5.0,0.0017320508075688,0.1977053187775128,22.099946561119,0.854984277326348,5.448185466051713,0.9495798094879808,82,0.0089803447591593,PGNN_ALL_RESULTS_May12/female_pgnn_target-ALM_l2_fw-none_80pct_knn20/alm/results_knn20_l2_fw-none_K30_p5.0_mu0.00173.csv
ALM,20.0,l2,none,5.0,2.0,0.0282842712474619,0.198547818566771,22.19412308826298,0.8586278101244542,5.471403018657243,0.949149173529666,104,0.0094781926034759,PGNN_ALL_RESULTS_May12/female_pgnn_target-ALM_l2_fw-none_80pct_knn20/alm/results_knn20_l2_fw-none_K5_p2.0_mu0.0283.csv
ALM,20.0,l2,none,10.0,2.0,0.02,0.1965962333920252,21.97597049460468,0.8501880165049465,5.417622426249078,0.9501439161716664,78,0.0088847922325062,PGNN_ALL_RESULTS_May12/female_pgnn_target-ALM_l2_fw-none_80pct_knn20/alm/results_knn20_l2_fw-none_K10_p2.0_mu0.02.csv
ALM,20.0,l2,none,15.0,5.0,0.0024494897427831,0.1862394949397709,20.818270905349426,0.8053998663589176,5.132220512847814,0.955258416921637,108,0.00955804983431,PGNN_ALL_RESULTS_May12/female_pgnn_target-ALM_l2_fw-none_80pct_knn20/alm/results_knn20_l2_fw-none_K15_p5.0_mu0.00245.csv
ALM,20.0,l2,none,40.0,10.0,5e-05,0.1784381736861332,19.946221615640965,0.7716627587721779,4.917238759270445,0.9589282398359864,102,0.0094366095580143,PGNN_ALL_RESULTS_May12/female_pgnn_target-ALM_l2_fw-none_80pct_knn20/alm/results_knn20_l2_fw-none_K40_p10.0_mu5e-05.csv
ALM,20.0,l2,none,200.0,100.0,7.071067811865477e-08,0.1831292429394614,20.470599919948143,0.7919496485328651,5.0465121750240085,0.95674033258916,106,0.0095186998443402,PGNN_ALL_RESULTS_May12/female_pgnn_target-ALM_l2_fw-none_80pct_knn20/alm/results_knn20_l2_fw-none_K200_p100.0_mu7.07e-08.csv
ALM,20.0,l2,none,800.0,10000.0,3.5355339059327374e-13,0.1795596725586435,20.07158528973982,0.776512814527216,4.948144594587991,0.9584103385000255,109,0.009577265879135,PGNN_ALL_RESULTS_May12/female_pgnn_target-ALM_l2_fw-none_80pct_knn20/alm/results_knn20_l2_fw-none_K800_p10000.0_mu3.54e-13.csv
ALM,20.0,l2,none,3200.0,1000000.0,1.7677669529663694e-18,0.1799520578290228,20.115447000493845,0.7782095897485269,4.958956894118002,0.9582283711218608,115,0.0096855290063012,PGNN_ALL_RESULTS_May12/female_pgnn_target-ALM_l2_fw-none_80pct_knn20/alm/results_knn20_l2_fw-none_K3200_p1000000.0_mu1.77e-18.csv
ALM,25.0,l2,none,3200.0,1000000.0,1.7677669529663694e-18,0.144199210384289,13.87663489349652,0.9975290571130404,5.114838256862986,0.9805766836987082,115,0.0096855290063012,PGNN_ALL_RESULTS_May12/penn_data_pgnn_target-ALM_l2_fw-none_80pct_knn25/alm/results_knn25_l2_fw-none_K3200_p1000000.0_mu1.77e-18.csv
ALM,25.0,l2,none,15.0,3.0,0.0081649658092772,0.1397662015003036,13.450035846256569,0.9668627760942888,4.957596654493655,0.9817525600717982,112,0.0096329612111306,PGNN_ALL_RESULTS_May12/penn_data_pgnn_target-ALM_l2_fw-none_80pct_knn25/alm/results_knn25_l2_fw-none_K15_p3.0_mu0.00816.csv
ALM,25.0,l2,none,15.0,5.0,0.0024494897427831,0.138859707865778,13.36280179576442,0.9605918179420212,4.9254422661721415,0.9819884904564458,153,0.0099975582771974,PGNN_ALL_RESULTS_May12/penn_data_pgnn_target-ALM_l2_fw-none_80pct_knn25/alm/results_knn25_l2_fw-none_K15_p5.0_mu0.00245.csv
ALM,25.0,l2,none,800.0,10000.0,3.5355339059327374e-13,0.1467209960739599,14.119312361715304,1.014973985411152,5.204287266905507,0.9798913853567583,99,0.0093723997248121,PGNN_ALL_RESULTS_May12/penn_data_pgnn_target-ALM_l2_fw-none_80pct_knn25/alm/results_knn25_l2_fw-none_K800_p10000.0_mu3.54e-13.csv
ALM,25.0,l2,none,10.0,3.0,0.01,0.1391168525020234,13.387547439117723,0.9623705667665976,4.934562815064846,0.981921720166117,136,0.0099472767389608,PGNN_ALL_RESULTS_May12/penn_data_pgnn_target-ALM_l2_fw-none_80pct_knn25/alm/results_knn25_l2_fw-none_K10_p3.0_mu0.01.csv
ALM,25.0,l2,none,80.0,10.0,3.535533905932738e-05,0.1433186203802211,13.791893611316487,0.9914374971316288,5.083603734104248,0.9808131864255736,59,0.0084445881687844,PGNN_ALL_RESULTS_May12/penn_data_pgnn_target-ALM_l2_fw-none_80pct_knn25/alm/results_knn25_l2_fw-none_K80_p10.0_mu3.54e-05.csv
ALM,25.0,l2,none,30.0,5.0,0.0017320508075688,0.1418223060446759,13.64789970410347,0.9810861972282892,5.030527360662964,0.9812117338538476,107,0.0095385245205017,PGNN_ALL_RESULTS_May12/penn_data_pgnn_target-ALM_l2_fw-none_80pct_knn25/alm/results_knn25_l2_fw-none_K30_p5.0_mu0.00173.csv
ALM,25.0,l2,none,10.0,2.0,0.02,0.1556319544426939,14.976835197690152,1.076617353681904,5.520364133102907,0.9773746575720522,53,0.0083173156107196,PGNN_ALL_RESULTS_May12/penn_data_pgnn_target-ALM_l2_fw-none_80pct_knn25/alm/results_knn25_l2_fw-none_K10_p2.0_mu0.02.csv
ALM,25.0,l2,none,100.0,100.0,1.0000000000000001e-07,0.1414787161235378,13.614835224235572,0.9787092156487646,5.018339368511639,0.98130265945379,89,0.0091459335569017,PGNN_ALL_RESULTS_May12/penn_data_pgnn_target-ALM_l2_fw-none_80pct_knn25/alm/results_knn25_l2_fw-none_K100_p100.0_mu1e-07.csv
ALM,25.0,l2,none,1600.0,1000000.0,2.500000000000001e-18,0.1420722106160814,13.671948618701329,0.98281512299769,5.03939244143986,0.9811454620452434,79,0.008908689783734,PGNN_ALL_RESULTS_May12/penn_data_pgnn_target-ALM_l2_fw-none_80pct_knn25/alm/results_knn25_l2_fw-none_K1600_p1000000.0_mu2.5e-18.csv
ALM,25.0,l2,none,400.0,10000.0,5e-13,0.1456761825753192,14.018767459882657,1.0077462834576527,5.167227167054429,0.9801767561817272,149,0.0099997285982802,PGNN_ALL_RESULTS_May12/penn_data_pgnn_target-ALM_l2_fw-none_80pct_knn25/alm/results_knn25_l2_fw-none_K400_p10000.0_mu5e-13.csv
ALM,25.0,l2,none,40.0,10.0,5e-05,0.14970485526961,14.40645626854595,1.0356155236489697,5.310126920103024,0.979065172365666,51,0.0082767809973118,PGNN_ALL_RESULTS_May12/penn_data_pgnn_target-ALM_l2_fw-none_80pct_knn25/alm/results_knn25_l2_fw-none_K40_p10.0_mu5e-05.csv
ALM,25.0,l2,none,200.0,100.0,7.071067811865477e-08,0.1454106338310429,13.99321306911361,1.0059090649407263,5.157806814344315,0.9802489607052453,76,0.0088370421783673,PGNN_ALL_RESULTS_May12/penn_data_pgnn_target-ALM_l2_fw-none_80pct_knn25/alm/results_knn25_l2_fw-none_K200_p100.0_mu7.07e-08.csv
ALM,25.0,l2,none,5.0,2.0,0.0282842712474619,0.1342830782861154,12.922381785484852,0.928931902437951,4.7631057949941225,0.9831561953931856,113,0.0096508436642295,PGNN_ALL_RESULTS_May12/penn_data_pgnn_target-ALM_l2_fw-none_80pct_knn25/alm/results_knn25_l2_fw-none_K5_p2.0_mu0.0283.csv
ALM,25.0,l2,none,3200.0,1000000.0,1.7677669529663694e-18,0.1750658865098172,19.56925974710773,0.7570791667581613,4.824308261996206,0.9604659933688716,121,0.0097803165985576,PGNN_ALL_RESULTS_May12/female_pgnn_target-ALM_l2_fw-none_80pct_knn25/alm/results_knn25_l2_fw-none_K3200_p1000000.0_mu1.77e-18.csv
ALM,25.0,l2,none,15.0,3.0,0.0081649658092772,0.1965973587115461,21.97609628535948,0.8501928528772539,5.417653244889856,0.9501433454162256,75,0.0088132107555243,PGNN_ALL_RESULTS_May12/female_pgnn_target-ALM_l2_fw-none_80pct_knn25/alm/results_knn25_l2_fw-none_K15_p3.0_mu0.00816.csv
ALM,25.0,l2,none,15.0,5.0,0.0024494897427831,0.1848021561694723,20.65760193493305,0.7991840056080385,5.092611407627959,0.9559463553664,98,0.009350549257611,PGNN_ALL_RESULTS_May12/female_pgnn_target-ALM_l2_fw-none_80pct_knn25/alm/results_knn25_l2_fw-none_K15_p5.0_mu0.00245.csv
ALM,25.0,l2,none,800.0,10000.0,3.5355339059327374e-13,0.2058802175027871,23.013755183407163,0.8903369307699991,5.673461904210757,0.9453239649931476,51,0.0082767809973118,PGNN_ALL_RESULTS_May12/female_pgnn_target-ALM_l2_fw-none_80pct_knn25/alm/results_knn25_l2_fw-none_K800_p10000.0_mu3.54e-13.csv
ALM,25.0,l2,none,10.0,3.0,0.01,0.1907262391445748,21.319809294770103,0.8248029181517943,5.255861879804377,0.9530766871319476,121,0.0097803165985576,PGNN_ALL_RESULTS_May12/female_pgnn_target-ALM_l2_fw-none_80pct_knn25/alm/results_knn25_l2_fw-none_K10_p3.0_mu0.01.csv
ALM,25.0,l2,none,80.0,10.0,3.535533905932738e-05,0.1959058318323771,21.898795850703944,0.8472023947608049,5.398597256517973,0.9504934679260132,74,0.0087894223403149,PGNN_ALL_RESULTS_May12/female_pgnn_target-ALM_l2_fw-none_80pct_knn25/alm/results_knn25_l2_fw-none_K80_p10.0_mu3.54e-05.csv
ALM,25.0,l2,none,30.0,5.0,0.0017320508075688,0.1922508697190726,21.49023593999237,0.8313962997941936,5.297876647781848,0.952323495966804,66,0.0086018887790109,PGNN_ALL_RESULTS_May12/female_pgnn_target-ALM_l2_fw-none_80pct_knn25/alm/results_knn25_l2_fw-none_K30_p5.0_mu0.00173.csv
ALM,25.0,l2,none,10.0,2.0,0.02,0.1686273555506397,18.849546231003192,0.7292355076142446,4.64688111731939,0.9633204638568038,159,0.0099780966452971,PGNN_ALL_RESULTS_May12/female_pgnn_target-ALM_l2_fw-none_80pct_knn25/alm/results_knn25_l2_fw-none_K10_p2.0_mu0.02.csv
ALM,25.0,l2,none,100.0,100.0,1.0000000000000001e-07,0.1934572120810079,21.625083610748195,0.8366132079114557,5.3311201631726535,0.9517232944429812,150,0.01,PGNN_ALL_RESULTS_May12/female_pgnn_target-ALM_l2_fw-none_80pct_knn25/alm/results_knn25_l2_fw-none_K100_p100.0_mu1e-07.csv
ALM,25.0,l2,none,1600.0,1000000.0,2.500000000000001e-18,0.1884895869804181,21.06979126991717,0.8151306009345671,5.194227321738903,0.9541707762018946,81,0.0089564767647702,PGNN_ALL_RESULTS_May12/female_pgnn_target-ALM_l2_fw-none_80pct_knn25/alm/results_knn25_l2_fw-none_K1600_p1000000.0_mu2.5e-18.csv
ALM,25.0,l2,none,400.0,10000.0,5e-13,0.1974253234298003,22.068648049475147,0.8537735060982481,5.4404701122345935,0.9497225210967116,73,0.0087656872931931,PGNN_ALL_RESULTS_May12/female_pgnn_target-ALM_l2_fw-none_80pct_knn25/alm/results_knn25_l2_fw-none_K400_p10000.0_mu5e-13.csv
ALM,25.0,l2,none,40.0,10.0,5e-05,0.1894217071630229,21.17398576681529,0.8191615772179003,5.219913766487959,0.9537163853712156,70,0.0086949047439844,PGNN_ALL_RESULTS_May12/female_pgnn_target-ALM_l2_fw-none_80pct_knn25/alm/results_knn25_l2_fw-none_K40_p10.0_mu5e-05.csv
ALM,25.0,l2,none,200.0,100.0,7.071067811865477e-08,0.1771293051808425,19.79991334127932,0.7660025118848074,4.881170172228737,0.9595285640018852,121,0.0097803165985576,PGNN_ALL_RESULTS_May12/female_pgnn_target-ALM_l2_fw-none_80pct_knn25/alm/results_knn25_l2_fw-none_K200_p100.0_mu7.07e-08.csv
ALM,25.0,l2,none,5.0,2.0,0.0282842712474619,0.1900948525611434,21.24923147805015,0.8220724922698314,5.238462885459405,0.9533868459399908,65,0.0085789432410379,PGNN_ALL_RESULTS_May12/female_pgnn_target-ALM_l2_fw-none_80pct_knn25/alm/results_knn25_l2_fw-none_K5_p2.0_mu0.0283.csv
ALM,15.0,l2,none,400.0,10000.0,5e-13,0.1108265190365996,10.629516330678108,0.8714641676568134,3.8612126318346434,0.9885210206956048,56,0.0083799501815843,PGNN_ALL_RESULTS_May12/male_pgnn_target-ALM_l2_fw-none_80pct_knn15/alm/results_knn15_l2_fw-none_K400_p10000.0_mu5e-13.csv
ALM,15.0,l2,none,800.0,10000.0,3.5355339059327374e-13,0.1115524573578442,10.699142024129566,0.8771722461248194,3.88650352215711,0.9883701484559898,94,0.0092611971691567,PGNN_ALL_RESULTS_May12/male_pgnn_target-ALM_l2_fw-none_80pct_knn15/alm/results_knn15_l2_fw-none_K800_p10000.0_mu3.54e-13.csv
ALM,15.0,l2,none,5.0,2.0,0.0282842712474619,0.1086613276551647,10.42184999460556,0.8544385345156085,3.7857768397623617,0.9889651635252564,82,0.0089803447591593,PGNN_ALL_RESULTS_May12/male_pgnn_target-ALM_l2_fw-none_80pct_knn15/alm/results_knn15_l2_fw-none_K5_p2.0_mu0.0283.csv
ALM,15.0,l2,none,10.0,3.0,0.01,0.1114207125920125,10.686506211401152,0.8761365196939274,3.881914509634841,0.9883976022180666,130,0.0098933973470633,PGNN_ALL_RESULTS_May12/male_pgnn_target-ALM_l2_fw-none_80pct_knn15/alm/results_knn15_l2_fw-none_K10_p3.0_mu0.01.csv
ALM,15.0,l2,none,15.0,5.0,0.0024494897427831,0.1169879884583481,11.220470918161103,0.9199136607634244,4.075878709606072,0.9872091786021856,50,0.0082569037570196,PGNN_ALL_RESULTS_May12/male_pgnn_target-ALM_l2_fw-none_80pct_knn15/alm/results_knn15_l2_fw-none_K15_p5.0_mu0.00245.csv
ALM,15.0,l2,none,30.0,5.0,0.0017320508075688,0.1071735132585945,10.279151770725242,0.8427392627686084,3.7339406570146023,0.9892652774842338,49,0.0082372966913313,PGNN_ALL_RESULTS_May12/male_pgnn_target-ALM_l2_fw-none_80pct_knn15/alm/results_knn15_l2_fw-none_K30_p5.0_mu0.00173.csv
ALM,15.0,l2,none,1600.0,1000000.0,2.500000000000001e-18,0.1121373041664334,10.755235446145209,0.8817713140531488,3.906880698682082,0.9882478829024234,72,0.0087420158948829,PGNN_ALL_RESULTS_May12/male_pgnn_target-ALM_l2_fw-none_80pct_knn15/alm/results_knn15_l2_fw-none_K1600_p1000000.0_mu2.5e-18.csv
ALM,15.0,l2,none,200.0,100.0,7.071067811865477e-08,0.1092634046870135,10.479595989860083,0.8591727056522781,3.80675262060637,0.988842539810402,59,0.0084445881687844,PGNN_ALL_RESULTS_May12/male_pgnn_target-ALM_l2_fw-none_80pct_knn15/alm/results_knn15_l2_fw-none_K200_p100.0_mu7.07e-08.csv
ALM,15.0,l2,none,3200.0,1000000.0,1.7677669529663694e-18,0.1044661269773009,10.019482812964688,0.8214505341820256,3.6396162879986815,0.9898007819860584,58,0.0084228335616671,PGNN_ALL_RESULTS_May12/male_pgnn_target-ALM_l2_fw-none_80pct_knn15/alm/results_knn15_l2_fw-none_K3200_p1000000.0_mu1.77e-18.csv
ALM,15.0,l2,none,80.0,10.0,3.535533905932738e-05,0.1138886917402371,10.923213318038355,0.8955431051104711,3.9678996316079176,0.9878779213926092,93,0.0092384257269977,PGNN_ALL_RESULTS_May12/male_pgnn_target-ALM_l2_fw-none_80pct_knn15/alm/results_knn15_l2_fw-none_K80_p10.0_mu3.54e-05.csv
ALM,15.0,l2,none,40.0,10.0,5e-05,0.1171254327846752,11.233653383188,0.920994471049728,4.080667476012055,0.98717910613801,77,0.0088609061729741,PGNN_ALL_RESULTS_May12/male_pgnn_target-ALM_l2_fw-none_80pct_knn15/alm/results_knn15_l2_fw-none_K40_p10.0_mu5e-05.csv
ALM,15.0,l2,none,100.0,100.0,1.0000000000000001e-07,0.1168219350402951,11.20454451774446,0.9186079099472364,4.0700932949756,0.9872454635620448,46,0.0081801699963272,PGNN_ALL_RESULTS_May12/male_pgnn_target-ALM_l2_fw-none_80pct_knn15/alm/results_knn15_l2_fw-none_K100_p100.0_mu1e-07.csv
ALM,15.0,l2,none,15.0,3.0,0.0081649658092772,0.1036571973441651,9.94189731429043,0.8150894485830811,3.611432106734102,0.9899581249717015,55,0.0083588383313389,PGNN_ALL_RESULTS_May12/male_pgnn_target-ALM_l2_fw-none_80pct_knn15/alm/results_knn15_l2_fw-none_K15_p3.0_mu0.00816.csv
ALM,15.0,l2,none,10.0,2.0,0.02,0.1145848793387487,10.98998558077766,0.9010172974833348,3.992154238422134,0.9877292668653328,72,0.0087420158948829,PGNN_ALL_RESULTS_May12/male_pgnn_target-ALM_l2_fw-none_80pct_knn15/alm/results_knn15_l2_fw-none_K10_p2.0_mu0.02.csv
ALM,30.0,l2,none,40.0,10.0,5e-05,0.1419897748431876,13.664015627115852,0.9822449443614438,5.036468845900338,0.9811673359567296,132,0.0099133523761934,PGNN_ALL_RESULTS_May12/penn_data_pgnn_target-ALM_l2_fw-none_80pct_knn30/alm/results_knn30_l2_fw-none_K40_p10.0_mu5e-05.csv
ALM,30.0,l2,none,15.0,5.0,0.0024494897427831,0.1374552656511179,13.227648962472797,0.9508762894468746,4.875625815735664,0.9823509887053712,77,0.0088609061729741,PGNN_ALL_RESULTS_May12/penn_data_pgnn_target-ALM_l2_fw-none_80pct_knn30/alm/results_knn30_l2_fw-none_K15_p5.0_mu0.00245.csv
ALM,30.0,l2,none,5.0,2.0,0.0282842712474619,0.1523121028574803,14.657357939625886,1.053651549322279,5.402606786687153,0.9783296240226504,56,0.0083799501815843,PGNN_ALL_RESULTS_May12/penn_data_pgnn_target-ALM_l2_fw-none_80pct_knn30/alm/results_knn30_l2_fw-none_K5_p2.0_mu0.0283.csv
ALM,30.0,l2,none,1600.0,1000000.0,2.500000000000001e-18,0.1424049008785136,13.70396419834348,0.9851165357337685,5.051192953739113,0.9810570553742496,108,0.00955804983431,PGNN_ALL_RESULTS_May12/penn_data_pgnn_target-ALM_l2_fw-none_80pct_knn30/alm/results_knn30_l2_fw-none_K1600_p1000000.0_mu2.5e-18.csv
ALM,30.0,l2,none,15.0,3.0,0.0081649658092772,0.138493791045407,13.327588744984563,0.9580605333341242,4.912463084002802,0.9820832916140648,129,0.009882689784668,PGNN_ALL_RESULTS_May12/penn_data_pgnn_target-ALM_l2_fw-none_80pct_knn30/alm/results_knn30_l2_fw-none_K15_p3.0_mu0.00816.csv
ALM,30.0,l2,none,30.0,5.0,0.0017320508075688,0.1410179912998592,13.570498572547116,0.9755221643571942,5.001997737401778,0.9814242367892329,113,0.0096508436642295,PGNN_ALL_RESULTS_May12/penn_data_pgnn_target-ALM_l2_fw-none_80pct_knn30/alm/results_knn30_l2_fw-none_K30_p5.0_mu0.00173.csv
ALM,30.0,l2,none,800.0,10000.0,3.5355339059327374e-13,0.1428958142150441,13.7512059628249,0.9885125515304732,5.068606052028367,0.9809262259865372,60,0.0084665398864587,PGNN_ALL_RESULTS_May12/penn_data_pgnn_target-ALM_l2_fw-none_80pct_knn30/alm/results_knn30_l2_fw-none_K800_p10000.0_mu3.54e-13.csv
ALM,30.0,l2,none,10.0,3.0,0.01,0.1436192953789589,13.820828285563092,0.99351742299521,5.09426857068482,0.9807325961064988,125,0.0098351298783183,PGNN_ALL_RESULTS_May12/penn_data_pgnn_target-ALM_l2_fw-none_80pct_knn30/alm/results_knn30_l2_fw-none_K10_p3.0_mu0.01.csv
ALM,30.0,l2,none,10.0,2.0,0.02,0.148399405517195,14.280829716654354,1.0265847125352283,5.263821363542347,0.9794286904002958,111,0.0096147311545127,PGNN_ALL_RESULTS_May12/penn_data_pgnn_target-ALM_l2_fw-none_80pct_knn30/alm/results_knn30_l2_fw-none_K10_p2.0_mu0.02.csv
ALM,30.0,l2,none,400.0,10000.0,5e-13,0.1404062663735314,13.51163081983696,0.9712905040492986,4.980299865165842,0.9815850476307408,75,0.0088132107555243,PGNN_ALL_RESULTS_May12/penn_data_pgnn_target-ALM_l2_fw-none_80pct_knn30/alm/results_knn30_l2_fw-none_K400_p10000.0_mu5e-13.csv
ALM,30.0,l2,none,100.0,100.0,1.0000000000000001e-07,0.1352689160315896,13.017251309539215,0.9357517721131412,4.798074731560679,0.9829079703415632,190,0.0095961628708421,PGNN_ALL_RESULTS_May12/penn_data_pgnn_target-ALM_l2_fw-none_80pct_knn30/alm/results_knn30_l2_fw-none_K100_p100.0_mu1e-07.csv
ALM,30.0,l2,none,3200.0,1000000.0,1.7677669529663694e-18,0.1359177637025508,13.079691472751133,0.9402402357030364,4.821089364688836,0.982743605577008,124,0.0098220893366632,PGNN_ALL_RESULTS_May12/penn_data_pgnn_target-ALM_l2_fw-none_80pct_knn30/alm/results_knn30_l2_fw-none_K3200_p1000000.0_mu1.77e-18.csv
ALM,30.0,l2,none,200.0,100.0,7.071067811865477e-08,0.1456111948333289,14.012513534041114,1.0072969404903371,5.164923157378431,0.9801944389693552,65,0.0085789432410379,PGNN_ALL_RESULTS_May12/penn_data_pgnn_target-ALM_l2_fw-none_80pct_knn30/alm/results_knn30_l2_fw-none_K200_p100.0_mu7.07e-08.csv
ALM,30.0,l2,none,80.0,10.0,3.535533905932738e-05,0.1478728632606084,14.230159295983002,1.0229422908235362,5.245144816943784,0.9795744113025582,59,0.0084445881687844,PGNN_ALL_RESULTS_May12/penn_data_pgnn_target-ALM_l2_fw-none_80pct_knn30/alm/results_knn30_l2_fw-none_K80_p10.0_mu3.54e-05.csv
ALM,35.0,l2,none,15.0,3.0,0.0081649658092772,0.1468355702500332,14.130338108703482,1.0157666112511603,5.208351462269989,0.9798599675285932,58,0.0084228335616671,PGNN_ALL_RESULTS_May12/penn_data_pgnn_target-ALM_l2_fw-none_80pct_knn35/alm/results_knn35_l2_fw-none_K15_p3.0_mu0.00816.csv
ALM,35.0,l2,none,5.0,2.0,0.0282842712474619,0.1334127897540516,12.83863183859359,0.922911432502971,4.732235787019769,0.9833738172675908,121,0.0097803165985576,PGNN_ALL_RESULTS_May12/penn_data_pgnn_target-ALM_l2_fw-none_80pct_knn35/alm/results_knn35_l2_fw-none_K5_p2.0_mu0.0283.csv
ALM,35.0,l2,none,400.0,10000.0,5e-13,0.1452150037760863,13.97438712104085,1.0045559930877743,5.150868927544514,0.9803020695822152,69,0.008671485117228,PGNN_ALL_RESULTS_May12/penn_data_pgnn_target-ALM_l2_fw-none_80pct_knn35/alm/results_knn35_l2_fw-none_K400_p10000.0_mu5e-13.csv
ALM,35.0,l2,none,3200.0,1000000.0,1.7677669529663694e-18,0.1411926815434721,13.587309432492958,0.9767306221983096,5.0081941146937154,0.9813781857216524,93,0.0092384257269977,PGNN_ALL_RESULTS_May12/penn_data_pgnn_target-ALM_l2_fw-none_80pct_knn35/alm/results_knn35_l2_fw-none_K3200_p1000000.0_mu1.77e-18.csv
ALM,35.0,l2,none,40.0,10.0,5e-05,0.142280391753042,13.691982387413487,0.9842550891039468,5.046775879221796,0.9810901657288592,161,0.0099673398709189,PGNN_ALL_RESULTS_May12/penn_data_pgnn_target-ALM_l2_fw-none_80pct_knn35/alm/results_knn35_l2_fw-none_K40_p10.0_mu5e-05.csv
ALM,35.0,l2,none,80.0,10.0,3.535533905932738e-05,0.1439916686766716,13.856662658599364,0.9960934538268752,5.107477189476129,0.9806325542858652,78,0.0088847922325062,PGNN_ALL_RESULTS_May12/penn_data_pgnn_target-ALM_l2_fw-none_80pct_knn35/alm/results_knn35_l2_fw-none_K80_p10.0_mu3.54e-05.csv
ALM,35.0,l2,none,800.0,10000.0,3.5355339059327374e-13,0.1667110116380469,16.042999369146873,1.1532592980937193,5.913346318997765,0.974038714580801,52,0.0082969208501282,PGNN_ALL_RESULTS_May12/penn_data_pgnn_target-ALM_l2_fw-none_80pct_knn35/alm/results_knn35_l2_fw-none_K800_p10000.0_mu3.54e-13.csv
ALM,35.0,l2,none,10.0,3.0,0.01,0.1415792414272725,13.62450901463821,0.9794048887494644,5.021906437926167,0.9812760798574772,111,0.0096147311545127,PGNN_ALL_RESULTS_May12/penn_data_pgnn_target-ALM_l2_fw-none_80pct_knn35/alm/results_knn35_l2_fw-none_K10_p3.0_mu0.01.csv
ALM,35.0,l2,none,200.0,100.0,7.071067811865477e-08,0.1439025320913688,13.848084831809585,0.9954769013739928,5.104315811819129,0.9806565253066016,63,0.0085334892085578,PGNN_ALL_RESULTS_May12/penn_data_pgnn_target-ALM_l2_fw-none_80pct_knn35/alm/results_knn35_l2_fw-none_K200_p100.0_mu7.07e-08.csv
ALM,35.0,l2,none,100.0,100.0,1.0000000000000001e-07,0.1478190964955663,14.224985191590154,1.0225703386003124,5.243237628930058,0.9795892621433064,67,0.0086249673641049,PGNN_ALL_RESULTS_May12/penn_data_pgnn_target-ALM_l2_fw-none_80pct_knn35/alm/results_knn35_l2_fw-none_K100_p100.0_mu1e-07.csv
ALM,35.0,l2,none,10.0,2.0,0.02,0.1401276207604913,13.484816086063262,0.9693627739939608,4.970415413815139,0.9816580665090936,143,0.0099867304449397,PGNN_ALL_RESULTS_May12/penn_data_pgnn_target-ALM_l2_fw-none_80pct_knn35/alm/results_knn35_l2_fw-none_K10_p2.0_mu0.02.csv
ALM,35.0,l2,none,1600.0,1000000.0,2.500000000000001e-18,0.1534161412971049,14.763602199176464,1.061289097820593,5.441768377990451,0.9780143288113424,69,0.008671485117228,PGNN_ALL_RESULTS_May12/penn_data_pgnn_target-ALM_l2_fw-none_80pct_knn35/alm/results_knn35_l2_fw-none_K1600_p1000000.0_mu2.5e-18.csv
ALM,35.0,l2,none,15.0,5.0,0.0024494897427831,0.1342715789647105,12.921275178283372,0.9288525626504692,4.762698979596205,0.9831590801055694,85,0.0090517171631665,PGNN_ALL_RESULTS_May12/penn_data_pgnn_target-ALM_l2_fw-none_80pct_knn35/alm/results_knn35_l2_fw-none_K15_p5.0_mu0.00245.csv
ALM,35.0,l2,none,30.0,5.0,0.0017320508075688,0.1418443228217525,13.650018431218612,0.9812386477687072,5.031309052034107,0.9812058999453828,113,0.0096508436642295,PGNN_ALL_RESULTS_May12/penn_data_pgnn_target-ALM_l2_fw-none_80pct_knn35/alm/results_knn35_l2_fw-none_K30_p5.0_mu0.00173.csv
ALM,40.0,l2,none,100.0,100.0,1.0000000000000001e-07,0.147172142475812,14.16272725896289,1.0180948667885343,5.220289611248604,0.9797675329179396,75,0.0088132107555243,PGNN_ALL_RESULTS_May12/penn_data_pgnn_target-ALM_l2_fw-none_80pct_knn40/alm/results_knn40_l2_fw-none_K100_p100.0_mu1e-07.csv
ALM,40.0,l2,none,200.0,100.0,7.071067811865477e-08,0.1558144998586219,14.994401979654938,1.077880356496164,5.526840190182987,0.9773215505510796,52,0.0082969208501282,PGNN_ALL_RESULTS_May12/penn_data_pgnn_target-ALM_l2_fw-none_80pct_knn40/alm/results_knn40_l2_fw-none_K200_p100.0_mu7.07e-08.csv
ALM,40.0,l2,none,10.0,2.0,0.02,0.1377904802143399,13.259907461617267,0.9531953395202154,4.887516763623471,0.9822648018348792,133,0.0099225890737155,PGNN_ALL_RESULTS_May12/penn_data_pgnn_target-ALM_l2_fw-none_80pct_knn40/alm/results_knn40_l2_fw-none_K10_p2.0_mu0.02.csv
ALM,40.0,l2,none,15.0,3.0,0.0081649658092772,0.1468788491976708,14.134502945344,1.0160659270778043,5.209886206576519,0.9798480934593246,92,0.0092155026994788,PGNN_ALL_RESULTS_May12/penn_data_pgnn_target-ALM_l2_fw-none_80pct_knn40/alm/results_knn40_l2_fw-none_K15_p3.0_mu0.00816.csv
ALM,40.0,l2,none,10.0,3.0,0.01,0.1437406578406745,13.832507285514026,0.9943569931076964,5.098573473183694,0.980700019320162,105,0.0094985858282077,PGNN_ALL_RESULTS_May12/penn_data_pgnn_target-ALM_l2_fw-none_80pct_knn40/alm/results_knn40_l2_fw-none_K10_p3.0_mu0.01.csv
ALM,40.0,l2,none,5.0,2.0,0.0282842712474619,0.1409871575167526,13.567531363854252,0.975308960283633,5.000904531801206,0.981432359134915,126,0.0098477168001498,PGNN_ALL_RESULTS_May12/penn_data_pgnn_target-ALM_l2_fw-none_80pct_knn40/alm/results_knn40_l2_fw-none_K5_p2.0_mu0.0283.csv
ALM,40.0,l2,none,40.0,10.0,5e-05,0.1527093538719089,14.695586354841248,1.056399896404578,5.416698958438385,0.9782164379414392,90,0.0091692456553619,PGNN_ALL_RESULTS_May12/penn_data_pgnn_target-ALM_l2_fw-none_80pct_knn40/alm/results_knn40_l2_fw-none_K40_p10.0_mu5e-05.csv
ALM,40.0,l2,none,80.0,10.0,3.535533905932738e-05,0.1626964867144457,15.656672034293967,1.125487800513192,5.770947741971489,0.975273994146902,44,0.0081435685141446,PGNN_ALL_RESULTS_May12/penn_data_pgnn_target-ALM_l2_fw-none_80pct_knn40/alm/results_knn40_l2_fw-none_K80_p10.0_mu3.54e-05.csv
ALM,40.0,l2,none,30.0,5.0,0.0017320508075688,0.1405787070484761,13.528225198409622,0.9724835114699732,4.986417020302803,0.9815397870181928,45,0.0081617163535314,PGNN_ALL_RESULTS_May12/penn_data_pgnn_target-ALM_l2_fw-none_80pct_knn40/alm/results_knn40_l2_fw-none_K30_p5.0_mu0.00173.csv
ALM,40.0,l2,none,1600.0,1000000.0,2.500000000000001e-18,0.1469991234976043,14.146077228884112,1.0168981784236488,5.214153582040619,0.9798150764683512,87,0.0090989970417043,PGNN_ALL_RESULTS_May12/penn_data_pgnn_target-ALM_l2_fw-none_80pct_knn40/alm/results_knn40_l2_fw-none_K1600_p1000000.0_mu2.5e-18.csv
ALM,40.0,l2,none,400.0,10000.0,5e-13,0.1443597469389922,13.892083710107505,0.9986395220022748,5.1205321745066446,0.980533411783606,61,0.0084886799280466,PGNN_ALL_RESULTS_May12/penn_data_pgnn_target-ALM_l2_fw-none_80pct_knn40/alm/results_knn40_l2_fw-none_K400_p10000.0_mu5e-13.csv
ALM,40.0,l2,none,3200.0,1000000.0,1.7677669529663694e-18,0.1498358985546796,14.41906687728166,1.0365218908549825,5.314774325235761,0.979028505962608,75,0.0088132107555243,PGNN_ALL_RESULTS_May12/penn_data_pgnn_target-ALM_l2_fw-none_80pct_knn40/alm/results_knn40_l2_fw-none_K3200_p1000000.0_mu1.77e-18.csv
ALM,40.0,l2,none,15.0,5.0,0.0024494897427831,0.1498955935735836,14.424811471722114,1.036935018208485,5.316892639060891,0.9790117924363572,64,0.00855614025384,PGNN_ALL_RESULTS_May12/penn_data_pgnn_target-ALM_l2_fw-none_80pct_knn40/alm/results_knn40_l2_fw-none_K15_p5.0_mu0.00245.csv
ALM,40.0,l2,none,800.0,10000.0,3.5355339059327374e-13,0.1461940027633839,14.068598535039769,1.0113283837478406,5.185594415079463,0.9800355784076942,59,0.0084445881687844,PGNN_ALL_RESULTS_May12/penn_data_pgnn_target-ALM_l2_fw-none_80pct_knn40/alm/results_knn40_l2_fw-none_K800_p10000.0_mu3.54e-13.csv
ALM,10.0,l2,none,1600.0,1000000.0,2.500000000000001e-18,0.1464495982755823,14.09319510248103,1.013096553264433,5.19466071848546,0.979965708547476,77,0.0088609061729741,PGNN_ALL_RESULTS_May12/penn_data_pgnn_target-ALM_l2_fw-none_80pct_knn10/alm/results_knn10_l2_fw-none_K1600_p1000000.0_mu2.5e-18.csv
ALM,10.0,l2,none,3200.0,1000000.0,1.7677669529663694e-18,0.1419453911878842,13.659744481814556,0.9819376610125288,5.034893248059333,0.9811791076752476,110,0.0095961628708421,PGNN_ALL_RESULTS_May12/penn_data_pgnn_target-ALM_l2_fw-none_80pct_knn10/alm/results_knn10_l2_fw-none_K3200_p1000000.0_mu1.77e-18.csv
ALM,10.0,l2,none,15.0,3.0,0.0081649658092772,0.145552649223709,14.006879550005092,1.006891743913859,5.162845508676228,0.9802103621343428,66,0.0086018887790109,PGNN_ALL_RESULTS_May12/penn_data_pgnn_target-ALM_l2_fw-none_80pct_knn10/alm/results_knn10_l2_fw-none_K15_p3.0_mu0.00816.csv
ALM,10.0,l2,none,30.0,5.0,0.0017320508075688,0.1451490887332586,13.96804395882192,1.0041000127524848,5.1485308847108895,0.9803199478346688,67,0.0086249673641049,PGNN_ALL_RESULTS_May12/penn_data_pgnn_target-ALM_l2_fw-none_80pct_knn10/alm/results_knn10_l2_fw-none_K30_p5.0_mu0.00173.csv
ALM,10.0,l2,none,100.0,100.0,1.0000000000000001e-07,0.1473233324652512,14.177276633244537,1.01914075750228,5.225652424288502,0.9797259419257676,67,0.0086249673641049,PGNN_ALL_RESULTS_May12/penn_data_pgnn_target-ALM_l2_fw-none_80pct_knn10/alm/results_knn10_l2_fw-none_K100_p100.0_mu1e-07.csv
ALM,10.0,l2,none,40.0,10.0,5e-05,0.137709980405391,13.252160772472408,0.9526383466391686,4.8846607781497005,0.9822855182591615,163,0.0099544836035988,PGNN_ALL_RESULTS_May12/penn_data_pgnn_target-ALM_l2_fw-none_80pct_knn10/alm/results_knn10_l2_fw-none_K40_p10.0_mu5e-05.csv
ALM,10.0,l2,none,200.0,100.0,7.071067811865477e-08,0.1353861603015533,13.028534006048476,0.936562799066165,4.802233278780024,0.9828783284836043,117,0.0097187152693702,PGNN_ALL_RESULTS_May12/penn_data_pgnn_target-ALM_l2_fw-none_80pct_knn10/alm/results_knn10_l2_fw-none_K200_p100.0_mu7.07e-08.csv
ALM,10.0,l2,none,10.0,3.0,0.01,0.1390735422353589,13.383379588572348,0.9620710220182888,4.93302689696064,0.9819329747801672,81,0.0089564767647702,PGNN_ALL_RESULTS_May12/penn_data_pgnn_target-ALM_l2_fw-none_80pct_knn10/alm/results_knn10_l2_fw-none_K10_p3.0_mu0.01.csv
ALM,10.0,l2,none,5.0,2.0,0.0282842712474619,0.147613137728211,14.205165286820302,1.0211456609845462,5.235932583005975,0.9796460997497902,63,0.0085334892085578,PGNN_ALL_RESULTS_May12/penn_data_pgnn_target-ALM_l2_fw-none_80pct_knn10/alm/results_knn10_l2_fw-none_K5_p2.0_mu0.0283.csv
ALM,10.0,l2,none,80.0,10.0,3.535533905932738e-05,0.1492120725072648,14.359034604747306,1.0322063895974816,5.292646557856946,0.9792027676771594,44,0.0081435685141446,PGNN_ALL_RESULTS_May12/penn_data_pgnn_target-ALM_l2_fw-none_80pct_knn10/alm/results_knn10_l2_fw-none_K80_p10.0_mu3.54e-05.csv
ALM,10.0,l2,none,800.0,10000.0,3.5355339059327374e-13,0.1421770552938722,13.68203807279994,0.9835403175078964,5.043110882118876,0.981117623703677,102,0.0094366095580143,PGNN_ALL_RESULTS_May12/penn_data_pgnn_target-ALM_l2_fw-none_80pct_knn10/alm/results_knn10_l2_fw-none_K800_p10000.0_mu3.54e-13.csv
ALM,10.0,l2,none,10.0,2.0,0.02,0.1558980185606884,15.002439184104718,1.0784580081362376,5.529802103609689,0.9772972321174354,52,0.0082969208501282,PGNN_ALL_RESULTS_May12/penn_data_pgnn_target-ALM_l2_fw-none_80pct_knn10/alm/results_knn10_l2_fw-none_K10_p2.0_mu0.02.csv
ALM,10.0,l2,none,15.0,5.0,0.0024494897427831,0.1340033598677078,12.895463813084834,0.9269972306830624,4.753185750023188,0.983226295293715,182,0.0097347245058564,PGNN_ALL_RESULTS_May12/penn_data_pgnn_target-ALM_l2_fw-none_80pct_knn10/alm/results_knn10_l2_fw-none_K15_p5.0_mu0.00245.csv
ALM,10.0,l2,none,400.0,10000.0,5e-13,0.1523548296132667,14.6614696375239,1.0539473840216538,5.404123681485635,0.9783174643227616,64,0.00855614025384,PGNN_ALL_RESULTS_May12/penn_data_pgnn_target-ALM_l2_fw-none_80pct_knn10/alm/results_knn10_l2_fw-none_K400_p10000.0_mu5e-13.csv
ALM,5.0,l2,none,200.0,100.0,7.071067811865477e-08,0.1148256770707734,11.01308080606486,0.9029108110267366,4.000543864391485,0.9876776392960696,108,0.00955804983431,PGNN_ALL_RESULTS_May12/male_pgnn_target-ALM_l2_fw-none_80pct_knn5/alm/results_knn5_l2_fw-none_K200_p100.0_mu7.07e-08.csv
ALM,5.0,l2,none,1600.0,1000000.0,2.500000000000001e-18,0.1137315252910987,10.90813927842875,0.8943071336390943,3.962423389629204,0.9879113552558728,65,0.0085789432410379,PGNN_ALL_RESULTS_May12/male_pgnn_target-ALM_l2_fw-none_80pct_knn5/alm/results_knn5_l2_fw-none_K1600_p1000000.0_mu2.5e-18.csv
ALM,5.0,l2,none,15.0,5.0,0.0024494897427831,0.1000031417250908,9.59143206270809,0.7863566031118984,3.484124949424137,0.9906536255631208,53,0.0083173156107196,PGNN_ALL_RESULTS_May12/male_pgnn_target-ALM_l2_fw-none_80pct_knn5/alm/results_knn5_l2_fw-none_K15_p5.0_mu0.00245.csv
ALM,5.0,l2,none,800.0,10000.0,3.5355339059327374e-13,0.1089901928537038,10.453391885741814,0.8570244585199657,3.797234341747137,0.988898268239892,59,0.0084445881687844,PGNN_ALL_RESULTS_May12/male_pgnn_target-ALM_l2_fw-none_80pct_knn5/alm/results_knn5_l2_fw-none_K800_p10000.0_mu3.54e-13.csv
ALM,5.0,l2,none,3200.0,1000000.0,1.7677669529663694e-18,0.117421272779725,11.26202778388186,0.923320863027582,4.090975064579513,0.987114257313023,51,0.0082767809973118,PGNN_ALL_RESULTS_May12/male_pgnn_target-ALM_l2_fw-none_80pct_knn5/alm/results_knn5_l2_fw-none_K3200_p1000000.0_mu1.77e-18.csv
ALM,5.0,l2,none,5.0,2.0,0.0282842712474619,0.1129289658644679,10.831164754588537,0.8879965132428883,3.934462805484866,0.9880813630816913,64,0.00855614025384,PGNN_ALL_RESULTS_May12/male_pgnn_target-ALM_l2_fw-none_80pct_knn5/alm/results_knn5_l2_fw-none_K5_p2.0_mu0.0283.csv
ALM,5.0,l2,none,15.0,3.0,0.0081649658092772,0.1099274657352954,10.54328695316597,0.8643946699343451,3.8298896756881886,0.9887065061589934,51,0.0082767809973118,PGNN_ALL_RESULTS_May12/male_pgnn_target-ALM_l2_fw-none_80pct_knn5/alm/results_knn5_l2_fw-none_K15_p3.0_mu0.00816.csv
ALM,5.0,l2,none,400.0,10000.0,5e-13,0.1104987471297068,10.598079298572967,0.868886688698406,3.849792547473344,0.9885888189653482,121,0.0097803165985576,PGNN_ALL_RESULTS_May12/male_pgnn_target-ALM_l2_fw-none_80pct_knn5/alm/results_knn5_l2_fw-none_K400_p10000.0_mu5e-13.csv
ALM,5.0,l2,none,30.0,5.0,0.0017320508075688,0.1118793572075279,10.730495416087692,0.8797428047260923,3.897892944362264,0.9883018869884154,44,0.0081435685141446,PGNN_ALL_RESULTS_May12/male_pgnn_target-ALM_l2_fw-none_80pct_knn5/alm/results_knn5_l2_fw-none_K30_p5.0_mu0.00173.csv
ALM,5.0,l2,none,10.0,2.0,0.02,0.1171546802333645,11.236458544228665,0.9212244280057608,4.081686350609962,0.9871727023152964,50,0.0082569037570196,PGNN_ALL_RESULTS_May12/male_pgnn_target-ALM_l2_fw-none_80pct_knn5/alm/results_knn5_l2_fw-none_K10_p2.0_mu0.02.csv
ALM,5.0,l2,none,80.0,10.0,3.535533905932738e-05,0.113157511232995,10.853084839674462,0.8897934120099612,3.942424358552739,0.9880330724486028,76,0.0088370421783673,PGNN_ALL_RESULTS_May12/male_pgnn_target-ALM_l2_fw-none_80pct_knn5/alm/results_knn5_l2_fw-none_K80_p10.0_mu3.54e-05.csv
ALM,5.0,l2,none,100.0,100.0,1.0000000000000001e-07,0.1097406595987708,10.525370132389504,0.8629255421633616,3.823380383719991,0.9887448569273912,62,0.0085109993808483,PGNN_ALL_RESULTS_May12/male_pgnn_target-ALM_l2_fw-none_80pct_knn5/alm/results_knn5_l2_fw-none_K100_p100.0_mu1e-07.csv
ALM,5.0,l2,none,10.0,3.0,0.01,0.1060681141592958,10.173131497959726,0.83404727025717,3.695428882776978,0.9894855736722852,153,0.0099975582771974,PGNN_ALL_RESULTS_May12/male_pgnn_target-ALM_l2_fw-none_80pct_knn5/alm/results_knn5_l2_fw-none_K10_p3.0_mu0.01.csv
ALM,5.0,l2,none,40.0,10.0,5e-05,0.117445767294614,11.264377084827949,0.9235131993326998,4.091827252653841,0.9871088807244472,42,0.0081082168258816,PGNN_ALL_RESULTS_May12/male_pgnn_target-ALM_l2_fw-none_80pct_knn5/alm/results_knn5_l2_fw-none_K40_p10.0_mu5e-05.csv
ALM,2.0,l2,none,100.0,100.0,1.0000000000000001e-07,0.1510529559833957,14.536187224457654,1.0449413202233406,5.357945016983694,0.9786864361178106,65,0.0085789432410379,PGNN_ALL_RESULTS_May12/penn_data_pgnn_target-ALM_l2_fw-none_80pct_knn2/alm/results_knn2_l2_fw-none_K100_p100.0_mu1e-07.csv
ALM,2.0,l2,none,5.0,2.0,0.0282842712474619,0.1370747399947701,13.191030068467246,0.9482438277512608,4.86212784723596,0.9824485710796568,141,0.0099780966452971,PGNN_ALL_RESULTS_May12/penn_data_pgnn_target-ALM_l2_fw-none_80pct_knn2/alm/results_knn2_l2_fw-none_K5_p2.0_mu0.0283.csv
ALM,2.0,l2,none,15.0,5.0,0.0024494897427831,0.1496061717101541,14.396959713600117,1.034932784575902,5.306626170019124,0.9790927632195296,52,0.0082969208501282,PGNN_ALL_RESULTS_May12/penn_data_pgnn_target-ALM_l2_fw-none_80pct_knn2/alm/results_knn2_l2_fw-none_K15_p5.0_mu0.00245.csv
ALM,2.0,l2,none,3200.0,1000000.0,1.7677669529663694e-18,0.1531035986432857,14.733525472097757,1.0591269762075792,5.430682082044105,0.978103816926718,49,0.0082372966913313,PGNN_ALL_RESULTS_May12/penn_data_pgnn_target-ALM_l2_fw-none_80pct_knn2/alm/results_knn2_l2_fw-none_K3200_p1000000.0_mu1.77e-18.csv
ALM,2.0,l2,none,40.0,10.0,5e-05,0.1437007923223864,13.828670931343648,0.9940809793054596,5.097158210194574,0.9807107232789416,106,0.0095186998443402,PGNN_ALL_RESULTS_May12/penn_data_pgnn_target-ALM_l2_fw-none_80pct_knn2/alm/results_knn2_l2_fw-none_K40_p10.0_mu5e-05.csv
ALM,2.0,l2,none,80.0,10.0,3.535533905932738e-05,0.14886453261744,14.325590009945628,1.0298025504436634,5.280320853277595,0.979299535321384,61,0.0084886799280466,PGNN_ALL_RESULTS_May12/penn_data_pgnn_target-ALM_l2_fw-none_80pct_knn2/alm/results_knn2_l2_fw-none_K80_p10.0_mu3.54e-05.csv
ALM,2.0,l2,none,10.0,2.0,0.02,0.1392888778010239,13.40410184506983,0.9635607709599116,4.940665596630989,0.9818769830371704,148,0.0099989145419203,PGNN_ALL_RESULTS_May12/penn_data_pgnn_target-ALM_l2_fw-none_80pct_knn2/alm/results_knn2_l2_fw-none_K10_p2.0_mu0.02.csv
ALM,2.0,l2,none,10.0,3.0,0.01,0.1487297866938332,14.312623087447962,1.0288702752121084,5.275540604535684,0.9793369927439562,79,0.008908689783734,PGNN_ALL_RESULTS_May12/penn_data_pgnn_target-ALM_l2_fw-none_80pct_knn2/alm/results_knn2_l2_fw-none_K10_p3.0_mu0.01.csv
ALM,2.0,l2,none,200.0,100.0,7.071067811865477e-08,0.1457577412522308,14.026616046424031,1.0083105842481432,5.170120623892602,0.9801545533742329,106,0.0095186998443402,PGNN_ALL_RESULTS_May12/penn_data_pgnn_target-ALM_l2_fw-none_80pct_knn2/alm/results_knn2_l2_fw-none_K200_p100.0_mu7.07e-08.csv
ALM,2.0,l2,none,800.0,10000.0,3.5355339059327374e-13,0.138027554270118,13.282721665009817,0.9548352320607336,4.895925325803766,0.982203721092499,79,0.008908689783734,PGNN_ALL_RESULTS_May12/penn_data_pgnn_target-ALM_l2_fw-none_80pct_knn2/alm/results_knn2_l2_fw-none_K800_p10000.0_mu3.54e-13.csv
ALM,2.0,l2,none,1600.0,1000000.0,2.500000000000001e-18,0.1406078666374478,13.531031295396737,0.9726851381580244,4.987450862766134,0.981532127991276,122,0.0097946754164446,PGNN_ALL_RESULTS_May12/penn_data_pgnn_target-ALM_l2_fw-none_80pct_knn2/alm/results_knn2_l2_fw-none_K1600_p1000000.0_mu2.5e-18.csv
ALM,2.0,l2,none,30.0,5.0,0.0017320508075688,0.1408775512325676,13.556983688984095,0.9745506759846688,4.997016422964412,0.9814612176363752,69,0.008671485117228,PGNN_ALL_RESULTS_May12/penn_data_pgnn_target-ALM_l2_fw-none_80pct_knn2/alm/results_knn2_l2_fw-none_K30_p5.0_mu0.00173.csv
ALM,2.0,l2,none,400.0,10000.0,5e-13,0.1349184956802796,12.983529521039674,0.9333276908248532,4.785645235274161,0.982996411016794,114,0.0096683692864933,PGNN_ALL_RESULTS_May12/penn_data_pgnn_target-ALM_l2_fw-none_80pct_knn2/alm/results_knn2_l2_fw-none_K400_p10000.0_mu5e-13.csv
ALM,2.0,l2,none,15.0,3.0,0.0081649658092772,0.1466770495025597,14.11508327804338,1.0146699338415266,5.202728240038782,0.9799034296087346,73,0.0087656872931931,PGNN_ALL_RESULTS_May12/penn_data_pgnn_target-ALM_l2_fw-none_80pct_knn2/alm/results_knn2_l2_fw-none_K15_p3.0_mu0.00816.csv
ALM,2.0,l2,none,100.0,100.0,1.0000000000000001e-07,0.1979903986161411,22.13181342862815,0.8562171343141369,5.456041556158536,0.9494342985533164,78,0.0088847922325062,PGNN_ALL_RESULTS_May12/female_pgnn_target-ALM_l2_fw-none_80pct_knn2/alm/results_knn2_l2_fw-none_K100_p100.0_mu1e-07.csv
ALM,2.0,l2,none,5.0,2.0,0.0282842712474619,0.2049552056492412,22.91035527156781,0.886336691743954,5.647971325377442,0.9458141758850568,46,0.0081801699963272,PGNN_ALL_RESULTS_May12/female_pgnn_target-ALM_l2_fw-none_80pct_knn2/alm/results_knn2_l2_fw-none_K5_p2.0_mu0.0283.csv
ALM,2.0,l2,none,15.0,5.0,0.0024494897427831,0.1985176351832593,22.19074912155957,0.8584971797621311,5.470570607512024,0.949164633113597,69,0.008671485117228,PGNN_ALL_RESULTS_May12/female_pgnn_target-ALM_l2_fw-none_80pct_knn2/alm/results_knn2_l2_fw-none_K15_p5.0_mu0.00245.csv
ALM,2.0,l2,none,3200.0,1000000.0,1.7677669529663694e-18,0.1783845819726958,19.940231013008685,0.7714308630100741,4.915761058271447,0.9589529069284368,96,0.0093062416663153,PGNN_ALL_RESULTS_May12/female_pgnn_target-ALM_l2_fw-none_80pct_knn2/alm/results_knn2_l2_fw-none_K3200_p1000000.0_mu1.77e-18.csv
ALM,2.0,l2,none,40.0,10.0,5e-05,0.1894353008377008,21.175505298438463,0.8192203056872154,5.220287999794292,0.953709742130741,37,0.008025638531605,PGNN_ALL_RESULTS_May12/female_pgnn_target-ALM_l2_fw-none_80pct_knn2/alm/results_knn2_l2_fw-none_K40_p10.0_mu5e-05.csv
ALM,2.0,l2,none,80.0,10.0,3.535533905932738e-05,0.2008998656001412,22.457040211930327,0.8687992270432021,5.536217971745231,0.9479372542742932,56,0.0083799501815843,PGNN_ALL_RESULTS_May12/female_pgnn_target-ALM_l2_fw-none_80pct_knn2/alm/results_knn2_l2_fw-none_K80_p10.0_mu3.54e-05.csv
ALM,2.0,l2,none,10.0,2.0,0.02,0.1895826168258038,21.191972611937192,0.8198574039817694,5.224347758272763,0.9536377181036556,135,0.0099395558543473,PGNN_ALL_RESULTS_May12/female_pgnn_target-ALM_l2_fw-none_80pct_knn2/alm/results_knn2_l2_fw-none_K10_p2.0_mu0.02.csv
ALM,2.0,l2,none,10.0,3.0,0.01,0.1912675190600028,21.38031478485774,0.8271437371195106,5.270778196065129,0.9528099730443832,46,0.0081801699963272,PGNN_ALL_RESULTS_May12/female_pgnn_target-ALM_l2_fw-none_80pct_knn2/alm/results_knn2_l2_fw-none_K10_p3.0_mu0.01.csv
ALM,2.0,l2,none,200.0,100.0,7.071067811865477e-08,0.18570470214528,20.75849056027525,0.8030870606208049,5.117482704279462,0.9555150018311618,106,0.0095186998443402,PGNN_ALL_RESULTS_May12/female_pgnn_target-ALM_l2_fw-none_80pct_knn2/alm/results_knn2_l2_fw-none_K200_p100.0_mu7.07e-08.csv
ALM,2.0,l2,none,800.0,10000.0,3.5355339059327374e-13,0.1885806436060404,21.07996978495527,0.8155242214929739,5.196735575823009,0.9541264866205728,72,0.0087420158948829,PGNN_ALL_RESULTS_May12/female_pgnn_target-ALM_l2_fw-none_80pct_knn2/alm/results_knn2_l2_fw-none_K800_p10000.0_mu3.54e-13.csv
ALM,2.0,l2,none,1600.0,1000000.0,2.500000000000001e-18,0.1911348852157639,21.36548867452343,0.8265703877388187,5.2671246624906605,0.9528753978961904,109,0.009577265879135,PGNN_ALL_RESULTS_May12/female_pgnn_target-ALM_l2_fw-none_80pct_knn2/alm/results_knn2_l2_fw-none_K1600_p1000000.0_mu2.5e-18.csv
ALM,2.0,l2,none,30.0,5.0,0.0017320508075688,0.1817304677768322,20.31424167659752,0.785900519249774,5.007965526721346,0.9573986594838516,116,0.0097023139142105,PGNN_ALL_RESULTS_May12/female_pgnn_target-ALM_l2_fw-none_80pct_knn2/alm/results_knn2_l2_fw-none_K30_p5.0_mu0.00173.csv
ALM,2.0,l2,none,400.0,10000.0,5e-13,0.1917545844489598,21.43476005286712,0.8292501442724842,5.284200778375421,0.9525693269139256,55,0.0083588383313389,PGNN_ALL_RESULTS_May12/female_pgnn_target-ALM_l2_fw-none_80pct_knn2/alm/results_knn2_l2_fw-none_K400_p10000.0_mu5e-13.csv
ALM,2.0,l2,none,15.0,3.0,0.0081649658092772,0.1864212946883328,20.83859289138848,0.8061861923633376,5.137231189678335,0.9551710243027096,99,0.0093723997248121,PGNN_ALL_RESULTS_May12/female_pgnn_target-ALM_l2_fw-none_80pct_knn2/alm/results_knn2_l2_fw-none_K15_p3.0_mu0.00816.csv
ALM,35.0,l2,none,15.0,3.0,0.0081649658092772,0.1081327221317705,10.371150747780442,0.8502820626992111,3.76736068213136,0.9890722648746356,68,0.0086481693832561,PGNN_ALL_RESULTS_May12/male_pgnn_target-ALM_l2_fw-none_80pct_knn35/alm/results_knn35_l2_fw-none_K15_p3.0_mu0.00816.csv
ALM,35.0,l2,none,5.0,2.0,0.0282842712474619,0.1075570894242841,10.315941062247692,0.8457554564703459,3.7473045630172126,0.98918830040222,114,0.0096683692864933,PGNN_ALL_RESULTS_May12/male_pgnn_target-ALM_l2_fw-none_80pct_knn35/alm/results_knn35_l2_fw-none_K5_p2.0_mu0.0283.csv
ALM,35.0,l2,none,400.0,10000.0,5e-13,0.1105363390054708,10.601684784523512,0.8691822039034961,3.851101892234885,0.988581053435354,118,0.0097347245058564,PGNN_ALL_RESULTS_May12/male_pgnn_target-ALM_l2_fw-none_80pct_knn35/alm/results_knn35_l2_fw-none_K400_p10000.0_mu5e-13.csv
ALM,35.0,l2,none,3200.0,1000000.0,1.7677669529663694e-18,0.1076962796568159,10.329290979421213,0.8468498254741906,3.752153404287297,0.9891602993336176,48,0.0082179672183702,PGNN_ALL_RESULTS_May12/male_pgnn_target-ALM_l2_fw-none_80pct_knn35/alm/results_knn35_l2_fw-none_K3200_p1000000.0_mu1.77e-18.csv
ALM,35.0,l2,none,40.0,10.0,5e-05,0.109598124095606,10.511699365936106,0.8618049315487983,3.818415273253138,0.988774075188889,59,0.0084445881687844,PGNN_ALL_RESULTS_May12/male_pgnn_target-ALM_l2_fw-none_80pct_knn35/alm/results_knn35_l2_fw-none_K40_p10.0_mu5e-05.csv
ALM,35.0,l2,none,80.0,10.0,3.535533905932738e-05,0.110568564084119,10.60477553394636,0.8694356838483639,3.852224990580595,0.9885743944471296,86,0.0090753945490454,PGNN_ALL_RESULTS_May12/male_pgnn_target-ALM_l2_fw-none_80pct_knn35/alm/results_knn35_l2_fw-none_K80_p10.0_mu3.54e-05.csv
ALM,35.0,l2,none,800.0,10000.0,3.5355339059327374e-13,0.1085472664205199,10.410910232471965,0.8535415062484486,3.781802359795408,0.988988317788174,81,0.0089564767647702,PGNN_ALL_RESULTS_May12/male_pgnn_target-ALM_l2_fw-none_80pct_knn35/alm/results_knn35_l2_fw-none_K800_p10000.0_mu3.54e-13.csv
ALM,35.0,l2,none,10.0,3.0,0.01,0.1131525152324119,10.852605666726976,0.889754219774513,3.942250708780093,0.988034129125381,67,0.0086249673641049,PGNN_ALL_RESULTS_May12/male_pgnn_target-ALM_l2_fw-none_80pct_knn35/alm/results_knn35_l2_fw-none_K10_p3.0_mu0.01.csv
ALM,35.0,l2,none,200.0,100.0,7.071067811865477e-08,0.1071655455998597,10.27838758215941,0.842676779821541,3.733663812649171,0.989266873539522,79,0.008908689783734,PGNN_ALL_RESULTS_May12/male_pgnn_target-ALM_l2_fw-none_80pct_knn35/alm/results_knn35_l2_fw-none_K200_p100.0_mu7.07e-08.csv
ALM,35.0,l2,none,100.0,100.0,1.0000000000000001e-07,0.1176055826476571,11.279705184274109,0.9247701512941378,4.097396453283356,0.9870737734482572,40,0.0080741665917822,PGNN_ALL_RESULTS_May12/male_pgnn_target-ALM_l2_fw-none_80pct_knn35/alm/results_knn35_l2_fw-none_K100_p100.0_mu1e-07.csv
ALM,35.0,l2,none,10.0,2.0,0.02,0.1163839087302955,11.162532841695434,0.9151636824645408,4.054832891671982,0.987340931054092,48,0.0082179672183702,PGNN_ALL_RESULTS_May12/male_pgnn_target-ALM_l2_fw-none_80pct_knn35/alm/results_knn35_l2_fw-none_K10_p2.0_mu0.02.csv
ALM,35.0,l2,none,1600.0,1000000.0,2.500000000000001e-18,0.1166543663977488,11.188472790165726,0.9172902861426449,4.064255274472734,0.9872820273720884,58,0.0084228335616671,PGNN_ALL_RESULTS_May12/male_pgnn_target-ALM_l2_fw-none_80pct_knn35/alm/results_knn35_l2_fw-none_K1600_p1000000.0_mu2.5e-18.csv
ALM,35.0,l2,none,15.0,5.0,0.0024494897427831,0.1139343363424463,10.927591151510049,0.8959019027656355,3.969489363107858,0.9878682028099208,60,0.0084665398864587,PGNN_ALL_RESULTS_May12/male_pgnn_target-ALM_l2_fw-none_80pct_knn35/alm/results_knn35_l2_fw-none_K15_p5.0_mu0.00245.csv
ALM,35.0,l2,none,30.0,5.0,0.0017320508075688,0.1154224184110881,11.070315048168691,0.9076033125074746,4.021335018709449,0.9875492295285832,47,0.0081989226111178,PGNN_ALL_RESULTS_May12/male_pgnn_target-ALM_l2_fw-none_80pct_knn35/alm/results_knn35_l2_fw-none_K30_p5.0_mu0.00173.csv
ALM,10.0,l2,none,1600.0,1000000.0,2.500000000000001e-18,0.1893781290264923,21.169114504400536,0.8189730301755197,5.218712294971808,0.9537376788301186,95,0.0092838061109327,PGNN_ALL_RESULTS_May12/female_pgnn_target-ALM_l2_fw-none_80pct_knn10/alm/results_knn10_l2_fw-none_K1600_p1000000.0_mu2.5e-18.csv
ALM,10.0,l2,none,3200.0,1000000.0,1.7677669529663694e-18,0.2032991268874257,22.72523505141676,0.8791750340586685,5.602335352472975,0.9466863025520076,78,0.0088847922325062,PGNN_ALL_RESULTS_May12/female_pgnn_target-ALM_l2_fw-none_80pct_knn10/alm/results_knn10_l2_fw-none_K3200_p1000000.0_mu1.77e-18.csv
ALM,10.0,l2,none,15.0,3.0,0.0081649658092772,0.1923623287017101,21.502695076525857,0.8318781991867319,5.300947437895951,0.952268198271114,71,0.0087184183421959,PGNN_ALL_RESULTS_May12/female_pgnn_target-ALM_l2_fw-none_80pct_knn10/alm/results_knn10_l2_fw-none_K15_p3.0_mu0.00816.csv
ALM,10.0,l2,none,30.0,5.0,0.0017320508075688,0.1890476412497563,21.132171835128247,0.8175438720662965,5.209605322310616,0.953899004650108,69,0.008671485117228,PGNN_ALL_RESULTS_May12/female_pgnn_target-ALM_l2_fw-none_80pct_knn10/alm/results_knn10_l2_fw-none_K30_p5.0_mu0.00173.csv
ALM,10.0,l2,none,100.0,100.0,1.0000000000000001e-07,0.1910381029960175,21.35467013965706,0.826151716830137,5.264456780963211,0.9529231094261066,52,0.0082969208501282,PGNN_ALL_RESULTS_May12/female_pgnn_target-ALM_l2_fw-none_80pct_knn10/alm/results_knn10_l2_fw-none_K100_p100.0_mu1e-07.csv
ALM,10.0,l2,none,40.0,10.0,5e-05,0.1906822016057989,21.314886679335945,0.8246125961310837,5.254649097657848,0.9530983532504744,110,0.0095961628708421,PGNN_ALL_RESULTS_May12/female_pgnn_target-ALM_l2_fw-none_80pct_knn10/alm/results_knn10_l2_fw-none_K40_p10.0_mu5e-05.csv
ALM,10.0,l2,none,200.0,100.0,7.071067811865477e-08,0.1967618008691798,21.99447800072541,0.8509040706463805,5.422185312222218,0.9500599062011408,72,0.0087420158948829,PGNN_ALL_RESULTS_May12/female_pgnn_target-ALM_l2_fw-none_80pct_knn10/alm/results_knn10_l2_fw-none_K200_p100.0_mu7.07e-08.csv
ALM,10.0,l2,none,10.0,3.0,0.01,0.1913851381411999,21.39346251110556,0.8276525506866533,5.274020490403109,0.9527519166190102,122,0.0097946754164446,PGNN_ALL_RESULTS_May12/female_pgnn_target-ALM_l2_fw-none_80pct_knn10/alm/results_knn10_l2_fw-none_K10_p3.0_mu0.01.csv
ALM,10.0,l2,none,5.0,2.0,0.0282842712474619,0.1937869439642745,21.661941784543146,0.838039175397371,5.340206804340045,0.9515585868609348,55,0.0083588383313389,PGNN_ALL_RESULTS_May12/female_pgnn_target-ALM_l2_fw-none_80pct_knn10/alm/results_knn10_l2_fw-none_K5_p2.0_mu0.0283.csv
ALM,10.0,l2,none,80.0,10.0,3.535533905932738e-05,0.1879249599371722,21.006675985210343,0.8126887679468024,5.178667317482371,0.9544449309994024,61,0.0084886799280466,PGNN_ALL_RESULTS_May12/female_pgnn_target-ALM_l2_fw-none_80pct_knn10/alm/results_knn10_l2_fw-none_K80_p10.0_mu3.54e-05.csv
ALM,10.0,l2,none,800.0,10000.0,3.5355339059327374e-13,0.2022458003877273,22.60749183894941,0.8746197120089734,5.573307638113193,0.9472373255938564,56,0.0083799501815843,PGNN_ALL_RESULTS_May12/female_pgnn_target-ALM_l2_fw-none_80pct_knn10/alm/results_knn10_l2_fw-none_K800_p10000.0_mu3.54e-13.csv
ALM,10.0,l2,none,10.0,2.0,0.02,0.1962351963906872,21.935612964086573,0.8486266887754933,5.407673233885037,0.9503268633506854,105,0.0094985858282077,PGNN_ALL_RESULTS_May12/female_pgnn_target-ALM_l2_fw-none_80pct_knn10/alm/results_knn10_l2_fw-none_K10_p2.0_mu0.02.csv
ALM,10.0,l2,none,15.0,5.0,0.0024494897427831,0.1816452805001461,20.304719250624917,0.7855320963911355,5.0056178390304416,0.9574385894047556,44,0.0081435685141446,PGNN_ALL_RESULTS_May12/female_pgnn_target-ALM_l2_fw-none_80pct_knn10/alm/results_knn10_l2_fw-none_K15_p5.0_mu0.00245.csv
ALM,10.0,l2,none,400.0,10000.0,5e-13,0.1806996818945529,20.19901810519748,0.7814426672807857,4.979558917440529,0.9578805635117768,141,0.0099780966452971,PGNN_ALL_RESULTS_May12/female_pgnn_target-ALM_l2_fw-none_80pct_knn10/alm/results_knn10_l2_fw-none_K400_p10000.0_mu5e-13.csv
ALM,35.0,l2,none,15.0,3.0,0.0081649658092772,0.1851236657861774,20.693541005222123,0.8005744715128766,5.101471823351005,0.95579293734012,114,0.0096683692864933,PGNN_ALL_RESULTS_May12/female_pgnn_target-ALM_l2_fw-none_80pct_knn35/alm/results_knn35_l2_fw-none_K15_p3.0_mu0.00816.csv
ALM,35.0,l2,none,5.0,2.0,0.0282842712474619,0.2099698243956924,23.47090066815206,0.908022619293827,5.786159779163442,0.9431302202666056,39,0.0080576450044444,PGNN_ALL_RESULTS_May12/female_pgnn_target-ALM_l2_fw-none_80pct_knn35/alm/results_knn35_l2_fw-none_K5_p2.0_mu0.0283.csv
ALM,35.0,l2,none,400.0,10000.0,5e-13,0.1958513608521768,21.892706961649257,0.8469669478559793,5.397096926700319,0.9505209943595356,85,0.0090517171631665,PGNN_ALL_RESULTS_May12/female_pgnn_target-ALM_l2_fw-none_80pct_knn35/alm/results_knn35_l2_fw-none_K400_p10000.0_mu5e-13.csv
ALM,35.0,l2,none,3200.0,1000000.0,1.7677669529663694e-18,0.1775738428414446,19.849604763869568,0.7679249522075953,4.893420469343811,0.9593251684838572,173,0.0098598433792501,PGNN_ALL_RESULTS_May12/female_pgnn_target-ALM_l2_fw-none_80pct_knn35/alm/results_knn35_l2_fw-none_K3200_p1000000.0_mu1.77e-18.csv
ALM,35.0,l2,none,40.0,10.0,5e-05,0.1848509749893705,20.66305901275776,0.7993953045691977,5.093957860375347,0.9559230771638738,114,0.0096683692864933,PGNN_ALL_RESULTS_May12/female_pgnn_target-ALM_l2_fw-none_80pct_knn35/alm/results_knn35_l2_fw-none_K40_p10.0_mu5e-05.csv
ALM,35.0,l2,none,80.0,10.0,3.535533905932738e-05,0.1944888308973227,21.740400289393843,0.8410745029254822,5.359548712445157,0.9512070464723372,52,0.0082969208501282,PGNN_ALL_RESULTS_May12/female_pgnn_target-ALM_l2_fw-none_80pct_knn35/alm/results_knn35_l2_fw-none_K80_p10.0_mu3.54e-05.csv
ALM,35.0,l2,none,800.0,10000.0,3.5355339059327374e-13,0.1970310204929107,22.02457197763229,0.85206824788348,5.429603756831407,0.9499231514939536,81,0.0089564767647702,PGNN_ALL_RESULTS_May12/female_pgnn_target-ALM_l2_fw-none_80pct_knn35/alm/results_knn35_l2_fw-none_K800_p10000.0_mu3.54e-13.csv
ALM,35.0,l2,none,10.0,3.0,0.01,0.1942062481691418,21.70881255452404,0.8398524329754841,5.351761360190097,0.9513487310018106,39,0.0080576450044444,PGNN_ALL_RESULTS_May12/female_pgnn_target-ALM_l2_fw-none_80pct_knn35/alm/results_knn35_l2_fw-none_K10_p3.0_mu0.01.csv
ALM,35.0,l2,none,200.0,100.0,7.071067811865477e-08,0.1904628970432395,21.290372320576445,0.8236641777863265,5.248605525654628,0.9532061748530514,102,0.0094366095580143,PGNN_ALL_RESULTS_May12/female_pgnn_target-ALM_l2_fw-none_80pct_knn35/alm/results_knn35_l2_fw-none_K200_p100.0_mu7.07e-08.csv
ALM,35.0,l2,none,100.0,100.0,1.0000000000000001e-07,0.1865356114109317,20.85137147254198,0.8066805685909719,5.140381485478606,0.955116027657986,116,0.0097023139142105,PGNN_ALL_RESULTS_May12/female_pgnn_target-ALM_l2_fw-none_80pct_knn35/alm/results_knn35_l2_fw-none_K100_p100.0_mu1e-07.csv
ALM,35.0,l2,none,10.0,2.0,0.02,0.1986749520754246,22.208334358676662,0.8591776333979896,5.474906637667805,0.9490840314011048,67,0.0086249673641049,PGNN_ALL_RESULTS_May12/female_pgnn_target-ALM_l2_fw-none_80pct_knn35/alm/results_knn35_l2_fw-none_K10_p2.0_mu0.02.csv
ALM,35.0,l2,none,1600.0,1000000.0,2.500000000000001e-18,0.2013435764548641,22.50663921229409,0.870718090994908,5.548445479279881,0.9477070269841787,53,0.0083173156107196,PGNN_ALL_RESULTS_May12/female_pgnn_target-ALM_l2_fw-none_80pct_knn35/alm/results_knn35_l2_fw-none_K1600_p1000000.0_mu2.5e-18.csv
ALM,35.0,l2,none,15.0,5.0,0.0024494897427831,0.1995690941116853,22.3082835726968,0.8630443124758603,5.499546137261668,0.948624702702554,77,0.0088609061729741,PGNN_ALL_RESULTS_May12/female_pgnn_target-ALM_l2_fw-none_80pct_knn35/alm/results_knn35_l2_fw-none_K15_p5.0_mu0.00245.csv
ALM,35.0,l2,none,30.0,5.0,0.0017320508075688,0.1891656532026645,21.145363477462265,0.8180542168406044,5.212857373904775,0.9538414300985548,106,0.0095186998443402,PGNN_ALL_RESULTS_May12/female_pgnn_target-ALM_l2_fw-none_80pct_knn35/alm/results_knn35_l2_fw-none_K30_p5.0_mu0.00173.csv
ALM,40.0,l2,none,100.0,100.0,1.0000000000000001e-07,0.208787682620598,23.338758193590447,0.9029103839575716,5.753583266358877,0.9437687776733016,38,0.008041467058907,PGNN_ALL_RESULTS_May12/female_pgnn_target-ALM_l2_fw-none_80pct_knn40/alm/results_knn40_l2_fw-none_K100_p100.0_mu1e-07.csv
ALM,40.0,l2,none,200.0,100.0,7.071067811865477e-08,0.1940038828187385,21.68619169911464,0.8389772296898852,5.34618433386705,0.9514500686437436,72,0.0087420158948829,PGNN_ALL_RESULTS_May12/female_pgnn_target-ALM_l2_fw-none_80pct_knn40/alm/results_knn40_l2_fw-none_K200_p100.0_mu7.07e-08.csv
ALM,40.0,l2,none,10.0,2.0,0.02,0.1936940057034336,21.6515529360753,0.8376373294201974,5.33764613571667,0.9516050397439446,64,0.00855614025384,PGNN_ALL_RESULTS_May12/female_pgnn_target-ALM_l2_fw-none_80pct_knn40/alm/results_knn40_l2_fw-none_K10_p2.0_mu0.02.csv
ALM,40.0,l2,none,15.0,3.0,0.0081649658092772,0.2022549506863699,22.60851467997498,0.8746592695549535,5.573559709236367,0.9472325511545482,51,0.0082767809973118,PGNN_ALL_RESULTS_May12/female_pgnn_target-ALM_l2_fw-none_80pct_knn40/alm/results_knn40_l2_fw-none_K15_p3.0_mu0.00816.csv
ALM,40.0,l2,none,10.0,3.0,0.01,0.1964256273613311,21.95689976760221,0.849450179946908,5.412920736968431,0.9502304087537552,49,0.0082372966913313,PGNN_ALL_RESULTS_May12/female_pgnn_target-ALM_l2_fw-none_80pct_knn40/alm/results_knn40_l2_fw-none_K10_p3.0_mu0.01.csv
ALM,40.0,l2,none,5.0,2.0,0.0282842712474619,0.1929454540901207,21.567878147987926,0.8344001219521706,5.317017795353441,0.9519783721611008,97,0.0093284929847445,PGNN_ALL_RESULTS_May12/female_pgnn_target-ALM_l2_fw-none_80pct_knn40/alm/results_knn40_l2_fw-none_K5_p2.0_mu0.0283.csv
ALM,40.0,l2,none,40.0,10.0,5e-05,0.1939791660271839,21.68342880039297,0.8388704383694279,5.345503831388296,0.9514624387269998,69,0.008671485117228,PGNN_ALL_RESULTS_May12/female_pgnn_target-ALM_l2_fw-none_80pct_knn40/alm/results_knn40_l2_fw-none_K40_p10.0_mu5e-05.csv
ALM,40.0,l2,none,80.0,10.0,3.535533905932738e-05,0.1703929069978952,19.046903554905857,0.7368707743342798,4.695535051990105,0.9625483634003704,132,0.0099133523761934,PGNN_ALL_RESULTS_May12/female_pgnn_target-ALM_l2_fw-none_80pct_knn40/alm/results_knn40_l2_fw-none_K80_p10.0_mu3.54e-05.csv
ALM,40.0,l2,none,30.0,5.0,0.0017320508075688,0.1904912891894393,21.293546058732066,0.8237868933058924,5.249387501332881,0.9531922227797563,50,0.0082569037570196,PGNN_ALL_RESULTS_May12/female_pgnn_target-ALM_l2_fw-none_80pct_knn40/alm/results_knn40_l2_fw-none_K30_p5.0_mu0.00173.csv
ALM,40.0,l2,none,1600.0,1000000.0,2.500000000000001e-18,0.1915189060378959,21.408415388381982,0.8282310005366508,5.27770652551413,0.9526858458094938,73,0.0087656872931931,PGNN_ALL_RESULTS_May12/female_pgnn_target-ALM_l2_fw-none_80pct_knn40/alm/results_knn40_l2_fw-none_K1600_p1000000.0_mu2.5e-18.csv
ALM,40.0,l2,none,400.0,10000.0,5e-13,0.215119099181377,24.046498220589232,0.9302909162780948,5.928059244686715,0.9403066822920436,39,0.0080576450044444,PGNN_ALL_RESULTS_May12/female_pgnn_target-ALM_l2_fw-none_80pct_knn40/alm/results_knn40_l2_fw-none_K400_p10000.0_mu5e-13.csv
ALM,40.0,l2,none,3200.0,1000000.0,1.7677669529663694e-18,0.1935934602859205,21.6403137424727,0.8372023738621526,5.334874484105568,0.951655269781152,89,0.0091459335569017,PGNN_ALL_RESULTS_May12/female_pgnn_target-ALM_l2_fw-none_80pct_knn40/alm/results_knn40_l2_fw-none_K3200_p1000000.0_mu1.77e-18.csv
ALM,40.0,l2,none,15.0,5.0,0.0024494897427831,0.1993059771041963,22.278871760001092,0.8619064383646973,5.492295303112973,0.9487600824164651,98,0.009350549257611,PGNN_ALL_RESULTS_May12/female_pgnn_target-ALM_l2_fw-none_80pct_knn40/alm/results_knn40_l2_fw-none_K15_p5.0_mu0.00245.csv
ALM,40.0,l2,none,800.0,10000.0,3.5355339059327374e-13,0.1751041775332442,19.573540004091907,0.7572447380917218,4.825363326231913,0.9604486974449676,115,0.0096855290063012,PGNN_ALL_RESULTS_May12/female_pgnn_target-ALM_l2_fw-none_80pct_knn40/alm/results_knn40_l2_fw-none_K800_p10000.0_mu3.54e-13.csv
ALM,20.0,l2,none,80.0,10.0,3.535533905932738e-05,0.1451631618242496,13.9693982460263,1.0041973174853072,5.149029815510413,0.980316131447068,57,0.0084012847233714,PGNN_ALL_RESULTS_May12/penn_data_pgnn_target-ALM_l2_fw-none_80pct_knn20/alm/results_knn20_l2_fw-none_K80_p10.0_mu3.54e-05.csv
ALM,20.0,l2,none,400.0,10000.0,5e-13,0.143785304648722,13.836803754633276,0.9946656608399976,5.100156169461638,0.980688028052446,69,0.008671485117228,PGNN_ALL_RESULTS_May12/penn_data_pgnn_target-ALM_l2_fw-none_80pct_knn20/alm/results_knn20_l2_fw-none_K400_p10000.0_mu5e-13.csv
ALM,20.0,l2,none,15.0,3.0,0.0081649658092772,0.1460769364297978,14.057332961773696,1.0105187151506636,5.18144283284064,0.980067539033176,111,0.0096147311545127,PGNN_ALL_RESULTS_May12/penn_data_pgnn_target-ALM_l2_fw-none_80pct_knn20/alm/results_knn20_l2_fw-none_K15_p3.0_mu0.00816.csv
ALM,20.0,l2,none,1600.0,1000000.0,2.500000000000001e-18,0.1550514820999311,14.920974955842604,1.0726019507951086,5.499775122531587,0.9775431177482188,78,0.0088847922325062,PGNN_ALL_RESULTS_May12/penn_data_pgnn_target-ALM_l2_fw-none_80pct_knn20/alm/results_knn20_l2_fw-none_K1600_p1000000.0_mu2.5e-18.csv
ALM,20.0,l2,none,10.0,3.0,0.01,0.1488861960673728,14.32767473554468,1.0299521393246842,5.2810878714671805,0.979293510029771,74,0.0087894223403149,PGNN_ALL_RESULTS_May12/penn_data_pgnn_target-ALM_l2_fw-none_80pct_knn20/alm/results_knn20_l2_fw-none_K10_p3.0_mu0.01.csv
ALM,20.0,l2,none,100.0,100.0,1.0000000000000001e-07,0.1418423840164255,13.649831855344994,0.9812251334136196,5.031239757069788,0.9812064137178278,122,0.0097946754164446,PGNN_ALL_RESULTS_May12/penn_data_pgnn_target-ALM_l2_fw-none_80pct_knn20/alm/results_knn20_l2_fw-none_K100_p100.0_mu1e-07.csv
ALM,20.0,l2,none,30.0,5.0,0.0017320508075688,0.1347041814120863,12.962905546440515,0.9318452548992214,4.778044033152074,0.9830503875665072,86,0.0090753945490454,PGNN_ALL_RESULTS_May12/penn_data_pgnn_target-ALM_l2_fw-none_80pct_knn20/alm/results_knn20_l2_fw-none_K30_p5.0_mu0.00173.csv
ALM,20.0,l2,none,5.0,2.0,0.0282842712474619,0.1464578653767959,14.09399066540307,1.013153736310367,5.194953925013032,0.9799634466062768,76,0.0088370421783673,PGNN_ALL_RESULTS_May12/penn_data_pgnn_target-ALM_l2_fw-none_80pct_knn20/alm/results_knn20_l2_fw-none_K5_p2.0_mu0.0283.csv
ALM,20.0,l2,none,10.0,2.0,0.02,0.136340294839391,13.120352654608093,0.943163266739223,4.836077229817451,0.9826361479911546,86,0.0090753945490454,PGNN_ALL_RESULTS_May12/penn_data_pgnn_target-ALM_l2_fw-none_80pct_knn20/alm/results_knn20_l2_fw-none_K10_p2.0_mu0.02.csv
ALM,20.0,l2,none,15.0,5.0,0.0024494897427831,0.1456760050637238,14.01875037751728,1.0077450216010997,5.167220696874813,0.9801768044923492,101,0.0094154404840178,PGNN_ALL_RESULTS_May12/penn_data_pgnn_target-ALM_l2_fw-none_80pct_knn20/alm/results_knn20_l2_fw-none_K15_p5.0_mu0.00245.csv
ALM,20.0,l2,none,40.0,10.0,5e-05,0.1524836945463575,14.67387061823877,1.0548387252678602,5.40869404088871,0.9782807697174298,57,0.0084012847233714,PGNN_ALL_RESULTS_May12/penn_data_pgnn_target-ALM_l2_fw-none_80pct_knn20/alm/results_knn20_l2_fw-none_K40_p10.0_mu5e-05.csv
ALM,20.0,l2,none,200.0,100.0,7.071067811865477e-08,0.1387555453748226,13.35277799013654,0.959871291038258,4.921747758682672,0.982015502180188,115,0.0096855290063012,PGNN_ALL_RESULTS_May12/penn_data_pgnn_target-ALM_l2_fw-none_80pct_knn20/alm/results_knn20_l2_fw-none_K200_p100.0_mu7.07e-08.csv
ALM,20.0,l2,none,800.0,10000.0,3.5355339059327374e-13,0.1391215723014676,13.388001636706491,0.9624033605622522,4.934730965515609,0.9819204934663894,99,0.0093723997248121,PGNN_ALL_RESULTS_May12/penn_data_pgnn_target-ALM_l2_fw-none_80pct_knn20/alm/results_knn20_l2_fw-none_K800_p10000.0_mu3.54e-13.csv
ALM,20.0,l2,none,3200.0,1000000.0,1.7677669529663694e-18,0.1382828942552726,13.307293642472509,0.9566016514770436,4.904982655556502,0.9821378167920256,105,0.0094985858282077,PGNN_ALL_RESULTS_May12/penn_data_pgnn_target-ALM_l2_fw-none_80pct_knn20/alm/results_knn20_l2_fw-none_K3200_p1000000.0_mu1.77e-18.csv
ALM,25.0,l2,none,3200.0,1000000.0,1.7677669529663694e-18,0.1117755084444963,10.720535145457877,0.8789262915208262,3.894275203990091,0.9883235937764936,127,0.0098598433792501,PGNN_ALL_RESULTS_May12/male_pgnn_target-ALM_l2_fw-none_80pct_knn25/alm/results_knn25_l2_fw-none_K3200_p1000000.0_mu1.77e-18.csv
ALM,25.0,l2,none,15.0,3.0,0.0081649658092772,0.1078951601916444,10.348365871524566,0.8484138337997074,3.759083085307937,0.9891202274571534,64,0.00855614025384,PGNN_ALL_RESULTS_May12/male_pgnn_target-ALM_l2_fw-none_80pct_knn25/alm/results_knn25_l2_fw-none_K15_p3.0_mu0.00816.csv
ALM,25.0,l2,none,15.0,5.0,0.0024494897427831,0.1188484277550268,11.398908083364775,0.9345429363415336,4.14069691528017,0.9867991234637165,51,0.0082767809973118,PGNN_ALL_RESULTS_May12/male_pgnn_target-ALM_l2_fw-none_80pct_knn25/alm/results_knn25_l2_fw-none_K15_p5.0_mu0.00245.csv
ALM,25.0,l2,none,800.0,10000.0,3.5355339059327374e-13,0.1066969880809826,10.23344761795173,0.8389922119161763,3.717338528527278,0.9893605247740392,61,0.0084886799280466,PGNN_ALL_RESULTS_May12/male_pgnn_target-ALM_l2_fw-none_80pct_knn25/alm/results_knn25_l2_fw-none_K800_p10000.0_mu3.54e-13.csv
ALM,25.0,l2,none,10.0,3.0,0.01,0.1141215379789949,10.945545905210883,0.8973739866184391,3.976011752643217,0.9878283033706734,94,0.0092611971691567,PGNN_ALL_RESULTS_May12/male_pgnn_target-ALM_l2_fw-none_80pct_knn25/alm/results_knn25_l2_fw-none_K10_p3.0_mu0.01.csv
ALM,25.0,l2,none,80.0,10.0,3.535533905932738e-05,0.1113824477133673,10.682836176864416,0.8758356576796982,3.880581474665768,0.988405570002478,48,0.0082179672183702,PGNN_ALL_RESULTS_May12/male_pgnn_target-ALM_l2_fw-none_80pct_knn25/alm/results_knn25_l2_fw-none_K80_p10.0_mu3.54e-05.csv
ALM,25.0,l2,none,30.0,5.0,0.0017320508075688,0.1127028777035127,10.809480343493275,0.8862185451657195,3.926585128979793,0.988129038454822,48,0.0082179672183702,PGNN_ALL_RESULTS_May12/male_pgnn_target-ALM_l2_fw-none_80pct_knn25/alm/results_knn25_l2_fw-none_K30_p5.0_mu0.00173.csv
ALM,25.0,l2,none,10.0,2.0,0.02,0.1032525594201761,9.903087961994228,0.8119077089623559,3.597334713323441,0.9900363712052576,56,0.0083799501815843,PGNN_ALL_RESULTS_May12/male_pgnn_target-ALM_l2_fw-none_80pct_knn25/alm/results_knn25_l2_fw-none_K10_p2.0_mu0.02.csv
ALM,25.0,l2,none,100.0,100.0,1.0000000000000001e-07,0.106434129818883,10.208236538384044,0.8369253998038033,3.708181065338193,0.9894128829348556,80,0.0089325881917434,PGNN_ALL_RESULTS_May12/male_pgnn_target-ALM_l2_fw-none_80pct_knn25/alm/results_knn25_l2_fw-none_K100_p100.0_mu1e-07.csv
ALM,25.0,l2,none,1600.0,1000000.0,2.500000000000001e-18,0.105715731860091,10.139334050953366,0.8312763424545232,3.683151680993399,0.9895553202340408,67,0.0086249673641049,PGNN_ALL_RESULTS_May12/male_pgnn_target-ALM_l2_fw-none_80pct_knn25/alm/results_knn25_l2_fw-none_K1600_p1000000.0_mu2.5e-18.csv
ALM,25.0,l2,none,400.0,10000.0,5e-13,0.1081323627565988,10.371116279637883,0.8502790865613902,3.7673474957016992,0.989072337510376,53,0.0083173156107196,PGNN_ALL_RESULTS_May12/male_pgnn_target-ALM_l2_fw-none_80pct_knn25/alm/results_knn25_l2_fw-none_K400_p10000.0_mu5e-13.csv
ALM,25.0,l2,none,40.0,10.0,5e-05,0.1095875449206084,10.51068470343133,0.8617218212855502,3.818047035051043,0.9887762422933398,61,0.0084886799280466,PGNN_ALL_RESULTS_May12/male_pgnn_target-ALM_l2_fw-none_80pct_knn25/alm/results_knn25_l2_fw-none_K40_p10.0_mu5e-05.csv
ALM,25.0,l2,none,200.0,100.0,7.071067811865477e-08,0.1151236358670672,11.04165842375606,0.9052538861844144,4.010925371436679,0.9876136062421564,97,0.0093284929847445,PGNN_ALL_RESULTS_May12/male_pgnn_target-ALM_l2_fw-none_80pct_knn25/alm/results_knn25_l2_fw-none_K200_p100.0_mu7.07e-08.csv
ALM,25.0,l2,none,5.0,2.0,0.0282842712474619,0.109426474187634,10.49523619885473,0.8604551102305641,3.812434594622714,0.9888092111918464,72,0.0087420158948829,PGNN_ALL_RESULTS_May12/male_pgnn_target-ALM_l2_fw-none_80pct_knn25/alm/results_knn25_l2_fw-none_K5_p2.0_mu0.0283.csv
ALM,5.0,l2,none,200.0,100.0,7.071067811865477e-08,0.1917088894875194,21.42965216698833,0.829052389107303,5.282940630270538,0.952591929602106,79,0.008908689783734,PGNN_ALL_RESULTS_May12/female_pgnn_target-ALM_l2_fw-none_80pct_knn5/alm/results_knn5_l2_fw-none_K200_p100.0_mu7.07e-08.csv
ALM,5.0,l2,none,1600.0,1000000.0,2.500000000000001e-18,0.1972037758374069,22.04388295978048,0.8528154847757089,5.43436534752249,0.9498352989742974,77,0.0088609061729741,PGNN_ALL_RESULTS_May12/female_pgnn_target-ALM_l2_fw-none_80pct_knn5/alm/results_knn5_l2_fw-none_K1600_p1000000.0_mu2.5e-18.csv
ALM,5.0,l2,none,15.0,5.0,0.0024494897427831,0.1962792157016978,21.94053354198001,0.8488170898864755,5.408886520015651,0.950304575580328,50,0.0082569037570196,PGNN_ALL_RESULTS_May12/female_pgnn_target-ALM_l2_fw-none_80pct_knn5/alm/results_knn5_l2_fw-none_K15_p5.0_mu0.00245.csv
ALM,5.0,l2,none,800.0,10000.0,3.5355339059327374e-13,0.1900864136884591,21.248288161823183,0.8220361393814705,5.238231235260367,0.95339098443965,62,0.0085109993808483,PGNN_ALL_RESULTS_May12/female_pgnn_target-ALM_l2_fw-none_80pct_knn5/alm/results_knn5_l2_fw-none_K800_p10000.0_mu3.54e-13.csv
ALM,5.0,l2,none,3200.0,1000000.0,1.7677669529663694e-18,0.1929091559805273,21.563820663408134,0.8342431604498123,5.316017595234495,0.9519964387214916,68,0.0086481693832561,PGNN_ALL_RESULTS_May12/female_pgnn_target-ALM_l2_fw-none_80pct_knn5/alm/results_knn5_l2_fw-none_K3200_p1000000.0_mu1.77e-18.csv
ALM,5.0,l2,none,5.0,2.0,0.0282842712474619,0.190845598347728,21.333151535775933,0.8253192468894133,5.259152062792067,0.9530179381966514,56,0.0083799501815843,PGNN_ALL_RESULTS_May12/female_pgnn_target-ALM_l2_fw-none_80pct_knn5/alm/results_knn5_l2_fw-none_K5_p2.0_mu0.0283.csv
ALM,5.0,l2,none,15.0,3.0,0.0081649658092772,0.1767280518746362,19.75506034147404,0.7642673152421808,4.870113041261765,0.9597117172518712,105,0.0094985858282077,PGNN_ALL_RESULTS_May12/female_pgnn_target-ALM_l2_fw-none_80pct_knn5/alm/results_knn5_l2_fw-none_K15_p3.0_mu0.00816.csv
ALM,5.0,l2,none,400.0,10000.0,5e-13,0.192638704713101,21.53358901059036,0.8330735930010326,5.308564802773872,0.9521309426889302,88,0.009122513696999,PGNN_ALL_RESULTS_May12/female_pgnn_target-ALM_l2_fw-none_80pct_knn5/alm/results_knn5_l2_fw-none_K400_p10000.0_mu5e-13.csv
ALM,5.0,l2,none,30.0,5.0,0.0017320508075688,0.1891017155804244,21.138216385803386,0.8177776872238163,5.211095254203779,0.9538726278386724,51,0.0082767809973118,PGNN_ALL_RESULTS_May12/female_pgnn_target-ALM_l2_fw-none_80pct_knn5/alm/results_knn5_l2_fw-none_K30_p5.0_mu0.00173.csv
ALM,5.0,l2,none,10.0,2.0,0.02,0.1908888671421784,21.337988219235093,0.825506302962977,5.260344033461414,0.9529966320974924,129,0.009882689784668,PGNN_ALL_RESULTS_May12/female_pgnn_target-ALM_l2_fw-none_80pct_knn5/alm/results_knn5_l2_fw-none_K10_p2.0_mu0.02.csv
ALM,5.0,l2,none,80.0,10.0,3.535533905932738e-05,0.187578607809111,20.967959962956552,0.811190994870073,5.169123112139088,0.9546126953593168,102,0.0094366095580143,PGNN_ALL_RESULTS_May12/female_pgnn_target-ALM_l2_fw-none_80pct_knn5/alm/results_knn5_l2_fw-none_K80_p10.0_mu3.54e-05.csv
ALM,5.0,l2,none,100.0,100.0,1.0000000000000001e-07,0.1895407060843461,21.18728773470536,0.8196762543745112,5.223193425165572,0.9536582143165032,57,0.0084012847233714,PGNN_ALL_RESULTS_May12/female_pgnn_target-ALM_l2_fw-none_80pct_knn5/alm/results_knn5_l2_fw-none_K100_p100.0_mu1e-07.csv
ALM,5.0,l2,none,10.0,3.0,0.01,0.1934797745840595,21.62760569824087,0.836710837675118,5.331742285793554,0.9517120329674044,107,0.0095385245205017,PGNN_ALL_RESULTS_May12/female_pgnn_target-ALM_l2_fw-none_80pct_knn5/alm/results_knn5_l2_fw-none_K10_p3.0_mu0.01.csv
ALM,5.0,l2,none,40.0,10.0,5e-05,0.1962641035391121,21.938844270352767,0.8487517552867188,5.408470190702627,0.9503122277040617,88,0.009122513696999,PGNN_ALL_RESULTS_May12/female_pgnn_target-ALM_l2_fw-none_80pct_knn5/alm/results_knn5_l2_fw-none_K40_p10.0_mu5e-05.csv
ALM,2.0,l2,none,100.0,100.0,1.0000000000000001e-07,0.1064175185506497,10.206643329930928,0.8367946243542149,3.7076016361010256,0.9894161873583136,63,0.0085334892085578,PGNN_ALL_RESULTS_May12/male_pgnn_target-ALM_l2_fw-none_80pct_knn2/alm/results_knn2_l2_fw-none_K100_p100.0_mu1e-07.csv
ALM,2.0,l2,none,5.0,2.0,0.0282842712474619,0.1113876210809918,10.68333236131672,0.8758761171505205,3.880760739201953,0.9884044929271758,65,0.0085789432410379,PGNN_ALL_RESULTS_May12/male_pgnn_target-ALM_l2_fw-none_80pct_knn2/alm/results_knn2_l2_fw-none_K5_p2.0_mu0.0283.csv
ALM,2.0,l2,none,15.0,5.0,0.0024494897427831,0.106244931116856,10.1900902435223,0.8354377252769878,3.701589597911088,0.9894504890762256,77,0.0088609061729741,PGNN_ALL_RESULTS_May12/male_pgnn_target-ALM_l2_fw-none_80pct_knn2/alm/results_knn2_l2_fw-none_K15_p5.0_mu0.00245.csv
ALM,2.0,l2,none,3200.0,1000000.0,1.7677669529663694e-18,0.1089174321749069,10.44641331391419,0.8564523239671835,3.794699374453816,0.9889130860852124,74,0.0087894223403149,PGNN_ALL_RESULTS_May12/male_pgnn_target-ALM_l2_fw-none_80pct_knn2/alm/results_knn2_l2_fw-none_K3200_p1000000.0_mu1.77e-18.csv
ALM,2.0,l2,none,40.0,10.0,5e-05,0.1068946856289567,10.252409048239292,0.8405471198585888,3.7242278883098217,0.9893210607388836,87,0.0090989970417043,PGNN_ALL_RESULTS_May12/male_pgnn_target-ALM_l2_fw-none_80pct_knn2/alm/results_knn2_l2_fw-none_K40_p10.0_mu5e-05.csv
ALM,2.0,l2,none,80.0,10.0,3.535533905932738e-05,0.1149494776566346,11.024954682106433,0.9038843903721973,4.004857520656772,0.987651053990604,82,0.0089803447591593,PGNN_ALL_RESULTS_May12/male_pgnn_target-ALM_l2_fw-none_80pct_knn2/alm/results_knn2_l2_fw-none_K80_p10.0_mu3.54e-05.csv
ALM,2.0,l2,none,10.0,2.0,0.02,0.1113210288352649,10.67694541196918,0.8753526152920459,3.8784412496994,0.988418353354943,67,0.0086249673641049,PGNN_ALL_RESULTS_May12/male_pgnn_target-ALM_l2_fw-none_80pct_knn2/alm/results_knn2_l2_fw-none_K10_p2.0_mu0.02.csv
ALM,2.0,l2,none,10.0,3.0,0.01,0.1138424484755504,10.918778066065771,0.8951794817317856,3.9662885186842662,0.9878877634704392,63,0.0085334892085578,PGNN_ALL_RESULTS_May12/male_pgnn_target-ALM_l2_fw-none_80pct_knn2/alm/results_knn2_l2_fw-none_K10_p3.0_mu0.01.csv
ALM,2.0,l2,none,200.0,100.0,7.071067811865477e-08,0.1134636964812476,10.882451467127945,0.8922012817754581,3.9530929522820113,0.9879682238343352,68,0.0086481693832561,PGNN_ALL_RESULTS_May12/male_pgnn_target-ALM_l2_fw-none_80pct_knn2/alm/results_knn2_l2_fw-none_K200_p100.0_mu7.07e-08.csv
ALM,2.0,l2,none,800.0,10000.0,3.5355339059327374e-13,0.1142839409811776,10.961122189469004,0.8986508695343899,3.9816692617266938,0.9877936363548696,62,0.0085109993808483,PGNN_ALL_RESULTS_May12/male_pgnn_target-ALM_l2_fw-none_80pct_knn2/alm/results_knn2_l2_fw-none_K800_p10000.0_mu3.54e-13.csv
ALM,2.0,l2,none,1600.0,1000000.0,2.500000000000001e-18,0.1150669673766636,11.036223274755471,0.9048082340638272,4.008950812227846,0.9876257974047148,87,0.0090989970417043,PGNN_ALL_RESULTS_May12/male_pgnn_target-ALM_l2_fw-none_80pct_knn2/alm/results_knn2_l2_fw-none_K1600_p1000000.0_mu2.5e-18.csv
ALM,2.0,l2,none,30.0,5.0,0.0017320508075688,0.1105397360849296,10.602010602855607,0.8692090948398009,3.8512210384107073,0.9885803515545928,45,0.0081617163535314,PGNN_ALL_RESULTS_May12/male_pgnn_target-ALM_l2_fw-none_80pct_knn2/alm/results_knn2_l2_fw-none_K30_p5.0_mu0.00173.csv
ALM,2.0,l2,none,400.0,10000.0,5e-13,0.1119308233800767,10.735431603981532,0.8801475289542768,3.8996861635906304,0.9882911219001024,81,0.0089564767647702,PGNN_ALL_RESULTS_May12/male_pgnn_target-ALM_l2_fw-none_80pct_knn2/alm/results_knn2_l2_fw-none_K400_p10000.0_mu5e-13.csv
ALM,2.0,l2,none,15.0,3.0,0.0081649658092772,0.11506753258085,11.036277484227922,0.9048125163095448,4.008969785654259,0.9876256758412733,53,0.0083173156107196,PGNN_ALL_RESULTS_May12/male_pgnn_target-ALM_l2_fw-none_80pct_knn2/alm/results_knn2_l2_fw-none_K15_p3.0_mu0.00816.csv
ALM,40.0,l2,none,100.0,100.0,1.0000000000000001e-07,0.1175097551080949,11.27051423967384,0.9240165762727696,4.094057574302978,0.987094829996824,68,0.0086481693832561,PGNN_ALL_RESULTS_May12/male_pgnn_target-ALM_l2_fw-none_80pct_knn40/alm/results_knn40_l2_fw-none_K100_p100.0_mu1e-07.csv
ALM,40.0,l2,none,200.0,100.0,7.071067811865477e-08,0.1132716158033866,10.864028758196184,0.8906907359186585,3.9464001484241984,0.9880089261136938,47,0.0081989226111178,PGNN_ALL_RESULTS_May12/male_pgnn_target-ALM_l2_fw-none_80pct_knn40/alm/results_knn40_l2_fw-none_K200_p100.0_mu7.07e-08.csv
ALM,40.0,l2,none,10.0,2.0,0.02,0.1039353673394789,9.968576962208594,0.817276996907463,3.621124518122127,0.9899041567677384,101,0.0094154404840178,PGNN_ALL_RESULTS_May12/male_pgnn_target-ALM_l2_fw-none_80pct_knn40/alm/results_knn40_l2_fw-none_K10_p2.0_mu0.02.csv
ALM,40.0,l2,none,15.0,3.0,0.0081649658092772,0.1140716621793049,10.940762252057114,0.8969816883538456,3.97427358936478,0.9878389401085896,98,0.009350549257611,PGNN_ALL_RESULTS_May12/male_pgnn_target-ALM_l2_fw-none_80pct_knn40/alm/results_knn40_l2_fw-none_K15_p3.0_mu0.00816.csv
ALM,40.0,l2,none,10.0,3.0,0.01,0.1179938284666322,11.316942348348084,0.9278231321322292,4.110923352740948,0.9869882870783298,80,0.0089325881917434,PGNN_ALL_RESULTS_May12/male_pgnn_target-ALM_l2_fw-none_80pct_knn40/alm/results_knn40_l2_fw-none_K10_p3.0_mu0.01.csv
ALM,40.0,l2,none,5.0,2.0,0.0282842712474619,0.107286178148996,10.28995760765693,0.8436252308466764,3.737866132394315,0.9892426961206764,55,0.0083588383313389,PGNN_ALL_RESULTS_May12/male_pgnn_target-ALM_l2_fw-none_80pct_knn40/alm/results_knn40_l2_fw-none_K5_p2.0_mu0.0283.csv
ALM,40.0,l2,none,40.0,10.0,5e-05,0.1279497110660114,12.271824064352051,1.0061089474625955,4.457785782965529,0.9846998916404306,53,0.0083173156107196,PGNN_ALL_RESULTS_May12/male_pgnn_target-ALM_l2_fw-none_80pct_knn40/alm/results_knn40_l2_fw-none_K40_p10.0_mu5e-05.csv
ALM,40.0,l2,none,80.0,10.0,3.535533905932738e-05,0.1143336064705319,10.96588567148352,0.8990415338702586,3.983400185526487,0.9877830247720486,59,0.0084445881687844,PGNN_ALL_RESULTS_May12/male_pgnn_target-ALM_l2_fw-none_80pct_knn40/alm/results_knn40_l2_fw-none_K80_p10.0_mu3.54e-05.csv
ALM,40.0,l2,none,30.0,5.0,0.0017320508075688,0.1098714970413081,10.537918922554558,0.8639543184366175,3.827938602048472,0.9887180032163816,61,0.0084886799280466,PGNN_ALL_RESULTS_May12/male_pgnn_target-ALM_l2_fw-none_80pct_knn40/alm/results_knn40_l2_fw-none_K30_p5.0_mu0.00173.csv
ALM,40.0,l2,none,1600.0,1000000.0,2.500000000000001e-18,0.1065325278562072,10.217674022785216,0.8376988937712617,3.711608199566591,0.9893932983694532,51,0.0082767809973118,PGNN_ALL_RESULTS_May12/male_pgnn_target-ALM_l2_fw-none_80pct_knn40/alm/results_knn40_l2_fw-none_K1600_p1000000.0_mu2.5e-18.csv
ALM,40.0,l2,none,400.0,10000.0,5e-13,0.1136859199971212,10.903765215060949,0.8939485047634121,3.9608344059436806,0.987921048182466,108,0.00955804983431,PGNN_ALL_RESULTS_May12/male_pgnn_target-ALM_l2_fw-none_80pct_knn40/alm/results_knn40_l2_fw-none_K400_p10000.0_mu5e-13.csv
ALM,40.0,l2,none,3200.0,1000000.0,1.7677669529663694e-18,0.1180821457616529,11.325412975575796,0.9285174154080572,4.113999526672352,0.9869688014938488,48,0.0082179672183702,PGNN_ALL_RESULTS_May12/male_pgnn_target-ALM_l2_fw-none_80pct_knn40/alm/results_knn40_l2_fw-none_K3200_p1000000.0_mu1.77e-18.csv
ALM,40.0,l2,none,15.0,5.0,0.0024494897427831,0.1045398951003385,10.026558010086532,0.8220303824146983,3.642185432438164,0.989786372668236,103,0.0094575304037343,PGNN_ALL_RESULTS_May12/male_pgnn_target-ALM_l2_fw-none_80pct_knn40/alm/results_knn40_l2_fw-none_K15_p5.0_mu0.00245.csv
ALM,40.0,l2,none,800.0,10000.0,3.5355339059327374e-13,0.112116009456114,10.753193042638673,0.8816037024408159,3.9061380587677847,0.988252345898378,54,0.0083379574330586,PGNN_ALL_RESULTS_May12/male_pgnn_target-ALM_l2_fw-none_80pct_knn40/alm/results_knn40_l2_fw-none_K800_p10000.0_mu3.54e-13.csv
ALM,30.0,l2,none,40.0,10.0,5e-05,0.1891007627778066,21.138109879377215,0.8177735858597258,5.211069119229346,0.953873092669677,53,0.0083173156107196,PGNN_ALL_RESULTS_May12/female_pgnn_target-ALM_l2_fw-none_80pct_knn30/alm/results_knn30_l2_fw-none_K40_p10.0_mu5e-05.csv
ALM,30.0,l2,none,15.0,5.0,0.0024494897427831,0.2180421614585183,24.37324471643005,0.9429318323407992,6.0086104980802535,0.9386734218127109,34,0.0079803049361372,PGNN_ALL_RESULTS_May12/female_pgnn_target-ALM_l2_fw-none_80pct_knn30/alm/results_knn30_l2_fw-none_K15_p5.0_mu0.00245.csv
ALM,30.0,l2,none,5.0,2.0,0.0282842712474619,0.186563936717844,20.85453773925124,0.8068028371510909,5.1411606130133,0.9551023954211236,145,0.0099932223927485,PGNN_ALL_RESULTS_May12/female_pgnn_target-ALM_l2_fw-none_80pct_knn30/alm/results_knn30_l2_fw-none_K5_p2.0_mu0.0283.csv
ALM,30.0,l2,none,1600.0,1000000.0,2.500000000000001e-18,0.1898895095128772,21.22627776885588,0.8211845933687403,5.232804959323762,0.9534874958763956,99,0.0093723997248121,PGNN_ALL_RESULTS_May12/female_pgnn_target-ALM_l2_fw-none_80pct_knn30/alm/results_knn30_l2_fw-none_K1600_p1000000.0_mu2.5e-18.csv
ALM,30.0,l2,none,15.0,3.0,0.0081649658092772,0.20284097851142,22.67402219235259,0.8771937263924693,5.589709937109175,0.9469263238636868,40,0.0080741665917822,PGNN_ALL_RESULTS_May12/female_pgnn_target-ALM_l2_fw-none_80pct_knn30/alm/results_knn30_l2_fw-none_K15_p3.0_mu0.00816.csv
ALM,30.0,l2,none,30.0,5.0,0.0017320508075688,0.187170814555198,20.92237591304233,0.8094274583618719,5.157885392069103,0.9548098235724312,115,0.0096855290063012,PGNN_ALL_RESULTS_May12/female_pgnn_target-ALM_l2_fw-none_80pct_knn30/alm/results_knn30_l2_fw-none_K30_p5.0_mu0.00173.csv
ALM,30.0,l2,none,800.0,10000.0,3.5355339059327374e-13,0.1814187070553116,20.27939235980592,0.7845523135575964,4.99937440422686,0.957544700294735,71,0.0087184183421959,PGNN_ALL_RESULTS_May12/female_pgnn_target-ALM_l2_fw-none_80pct_knn30/alm/results_knn30_l2_fw-none_K800_p10000.0_mu3.54e-13.csv
ALM,30.0,l2,none,10.0,3.0,0.01,0.1992468325222232,22.27226044519648,0.8616506868443591,5.490665586926396,0.948790489069451,52,0.0082969208501282,PGNN_ALL_RESULTS_May12/female_pgnn_target-ALM_l2_fw-none_80pct_knn30/alm/results_knn30_l2_fw-none_K10_p3.0_mu0.01.csv
ALM,30.0,l2,none,10.0,2.0,0.02,0.1925555266491266,21.524291178947504,0.8327138119004069,5.306272182645794,0.9521722718279764,85,0.0090517171631665,PGNN_ALL_RESULTS_May12/female_pgnn_target-ALM_l2_fw-none_80pct_knn30/alm/results_knn30_l2_fw-none_K10_p2.0_mu0.02.csv
ALM,30.0,l2,none,400.0,10000.0,5e-13,0.1966278604181118,21.979505834932013,0.8503248604136328,5.418494431751627,0.9501278738857196,78,0.0088847922325062,PGNN_ALL_RESULTS_May12/female_pgnn_target-ALM_l2_fw-none_80pct_knn30/alm/results_knn30_l2_fw-none_K400_p10000.0_mu5e-13.csv
ALM,30.0,l2,none,100.0,100.0,1.0000000000000001e-07,0.187906003514625,21.00455699353185,0.8126067682746042,5.178144793929437,0.9544541210248544,87,0.0090989970417043,PGNN_ALL_RESULTS_May12/female_pgnn_target-ALM_l2_fw-none_80pct_knn30/alm/results_knn30_l2_fw-none_K100_p100.0_mu1e-07.csv
ALM,30.0,l2,none,3200.0,1000000.0,1.7677669529663694e-18,0.1910709966537092,21.35834706692276,0.8262938821898549,5.265362696156193,0.9529068962789344,91,0.0091924390242644,PGNN_ALL_RESULTS_May12/female_pgnn_target-ALM_l2_fw-none_80pct_knn30/alm/results_knn30_l2_fw-none_K3200_p1000000.0_mu1.77e-18.csv
ALM,30.0,l2,none,200.0,100.0,7.071067811865477e-08,0.1892789956378263,21.158033150568038,0.8185442706635805,5.215980126201776,0.9537860998419828,135,0.0099395558543473,PGNN_ALL_RESULTS_May12/female_pgnn_target-ALM_l2_fw-none_80pct_knn30/alm/results_knn30_l2_fw-none_K200_p100.0_mu7.07e-08.csv
ALM,30.0,l2,none,80.0,10.0,3.535533905932738e-05,0.1912035969595116,21.373169428254972,0.826867440536865,5.269017561319194,0.9528415098322436,50,0.0082569037570196,PGNN_ALL_RESULTS_May12/female_pgnn_target-ALM_l2_fw-none_80pct_knn30/alm/results_knn30_l2_fw-none_K80_p10.0_mu3.54e-05.csv
ALM,20.0,l2,none,80.0,10.0,3.535533905932738e-05,0.1085071965328401,10.40706707715893,0.8532264189490605,3.7804062965885863,0.9889964461444803,64,0.00855614025384,PGNN_ALL_RESULTS_May12/male_pgnn_target-ALM_l2_fw-none_80pct_knn20/alm/results_knn20_l2_fw-none_K80_p10.0_mu3.54e-05.csv
ALM,20.0,l2,none,400.0,10000.0,5e-13,0.1105423665066012,10.602262890037029,0.8692297812977873,3.851312694288079,0.9885798080604752,42,0.0081082168258816,PGNN_ALL_RESULTS_May12/male_pgnn_target-ALM_l2_fw-none_80pct_knn20/alm/results_knn20_l2_fw-none_K400_p10000.0_mu5e-13.csv
ALM,20.0,l2,none,15.0,3.0,0.0081649658092772,0.1161764457533906,11.142634796352212,0.913532276619648,4.047604591198209,0.987386022293594,51,0.0082767809973118,PGNN_ALL_RESULTS_May12/male_pgnn_target-ALM_l2_fw-none_80pct_knn20/alm/results_knn20_l2_fw-none_K15_p3.0_mu0.00816.csv
ALM,20.0,l2,none,1600.0,1000000.0,2.500000000000001e-18,0.1156038663533851,11.087717957531728,0.9090300384504612,4.0276564401031,0.9875100526952372,87,0.0090989970417043,PGNN_ALL_RESULTS_May12/male_pgnn_target-ALM_l2_fw-none_80pct_knn20/alm/results_knn20_l2_fw-none_K1600_p1000000.0_mu2.5e-18.csv
ALM,20.0,l2,none,10.0,3.0,0.01,0.120154582449653,11.524183087737468,0.9448136055345988,4.186203361898955,0.9865073714420182,56,0.0083799501815843,PGNN_ALL_RESULTS_May12/male_pgnn_target-ALM_l2_fw-none_80pct_knn20/alm/results_knn20_l2_fw-none_K10_p3.0_mu0.01.csv
ALM,20.0,l2,none,100.0,100.0,1.0000000000000001e-07,0.1110483019354328,10.650787818454733,0.8732078760295873,3.868938513224917,0.9884750319077086,76,0.0088370421783673,PGNN_ALL_RESULTS_May12/male_pgnn_target-ALM_l2_fw-none_80pct_knn20/alm/results_knn20_l2_fw-none_K100_p100.0_mu1e-07.csv
ALM,20.0,l2,none,30.0,5.0,0.0017320508075688,0.1170751040411208,11.228826287596036,0.9205986690984266,4.078913788883209,0.9871901220349016,66,0.0086018887790109,PGNN_ALL_RESULTS_May12/male_pgnn_target-ALM_l2_fw-none_80pct_knn20/alm/results_knn20_l2_fw-none_K30_p5.0_mu0.00173.csv
ALM,20.0,l2,none,5.0,2.0,0.0282842712474619,0.1141704027663733,10.950232590852094,0.8977581040533061,3.977713668965955,0.9878178777365172,63,0.0085334892085578,PGNN_ALL_RESULTS_May12/male_pgnn_target-ALM_l2_fw-none_80pct_knn20/alm/results_knn20_l2_fw-none_K5_p2.0_mu0.0283.csv
ALM,20.0,l2,none,10.0,2.0,0.02,0.1169608156836804,11.217864741818197,0.919699926005964,4.0749317110076255,0.9872151197547456,94,0.0092611971691567,PGNN_ALL_RESULTS_May12/male_pgnn_target-ALM_l2_fw-none_80pct_knn20/alm/results_knn20_l2_fw-none_K10_p2.0_mu0.02.csv
ALM,20.0,l2,none,15.0,5.0,0.0024494897427831,0.1237728655401149,11.871217349333111,0.9732651983246906,4.312264367679952,0.9856825136101048,42,0.0081082168258816,PGNN_ALL_RESULTS_May12/male_pgnn_target-ALM_l2_fw-none_80pct_knn20/alm/results_knn20_l2_fw-none_K15_p5.0_mu0.00245.csv
ALM,20.0,l2,none,40.0,10.0,5e-05,0.1115253775505071,10.696544764404884,0.8769594904754198,3.88556086171111,0.9883757941570503,36,0.0080101650465708,PGNN_ALL_RESULTS_May12/male_pgnn_target-ALM_l2_fw-none_80pct_knn20/alm/results_knn20_l2_fw-none_K40_p10.0_mu5e-05.csv
ALM,20.0,l2,none,200.0,100.0,7.071067811865477e-08,0.1152114407914833,11.050079908849233,0.9059442161398372,4.01398402931722,0.9875947048043904,41,0.0080910258923681,PGNN_ALL_RESULTS_May12/male_pgnn_target-ALM_l2_fw-none_80pct_knn20/alm/results_knn20_l2_fw-none_K200_p100.0_mu7.07e-08.csv
ALM,20.0,l2,none,800.0,10000.0,3.5355339059327374e-13,0.1096075159784341,10.512600153696702,0.8618787166366052,3.8187421942255138,0.9887721511215056,87,0.0090989970417043,PGNN_ALL_RESULTS_May12/male_pgnn_target-ALM_l2_fw-none_80pct_knn20/alm/results_knn20_l2_fw-none_K800_p10000.0_mu3.54e-13.csv
ALM,20.0,l2,none,3200.0,1000000.0,1.7677669529663694e-18,0.1105534327908251,10.603324271824537,0.8693168168304101,3.8516983242548113,0.9885775214183536,92,0.0092155026994788,PGNN_ALL_RESULTS_May12/male_pgnn_target-ALM_l2_fw-none_80pct_knn20/alm/results_knn20_l2_fw-none_K3200_p1000000.0_mu1.77e-18.csv
ALM,15.0,l2,none,400.0,10000.0,5e-13,0.1361621194844738,13.103206414066166,0.941930810768944,4.829757801925369,0.9826815019921242,137,0.0099544836035988,PGNN_ALL_RESULTS_May12/penn_data_pgnn_target-ALM_l2_fw-none_80pct_knn15/alm/results_knn15_l2_fw-none_K400_p10000.0_mu5e-13.csv
ALM,15.0,l2,none,800.0,10000.0,3.5355339059327374e-13,0.1484917851574065,14.289719630374348,1.0272234820913404,5.267096659574702,0.9794030708680672,86,0.0090753945490454,PGNN_ALL_RESULTS_May12/penn_data_pgnn_target-ALM_l2_fw-none_80pct_knn15/alm/results_knn15_l2_fw-none_K800_p10000.0_mu3.54e-13.csv
ALM,15.0,l2,none,5.0,2.0,0.0282842712474619,0.1576574105380374,15.17174968198577,1.0906289860690213,5.592208890770559,0.976781915022087,57,0.0084012847233714,PGNN_ALL_RESULTS_May12/penn_data_pgnn_target-ALM_l2_fw-none_80pct_knn15/alm/results_knn15_l2_fw-none_K5_p2.0_mu0.0283.csv
ALM,15.0,l2,none,10.0,3.0,0.01,0.1402759253208619,13.49908778860462,0.9703889955696506,4.975677373191588,0.9816192214644046,153,0.0099975582771974,PGNN_ALL_RESULTS_May12/penn_data_pgnn_target-ALM_l2_fw-none_80pct_knn15/alm/results_knn15_l2_fw-none_K10_p3.0_mu0.01.csv
ALM,15.0,l2,none,15.0,5.0,0.0024494897427831,0.1459732749801986,14.047357372553856,1.0098015418159805,5.177765520803579,0.9800958185783744,72,0.0087420158948829,PGNN_ALL_RESULTS_May12/penn_data_pgnn_target-ALM_l2_fw-none_80pct_knn15/alm/results_knn15_l2_fw-none_K15_p5.0_mu0.00245.csv
ALM,15.0,l2,none,30.0,5.0,0.0017320508075688,0.1435985676299929,13.818833604705972,0.9933738782458436,5.093532543828864,0.980738157212904,97,0.0093284929847445,PGNN_ALL_RESULTS_May12/penn_data_pgnn_target-ALM_l2_fw-none_80pct_knn15/alm/results_knn15_l2_fw-none_K30_p5.0_mu0.00173.csv
ALM,15.0,l2,none,1600.0,1000000.0,2.500000000000001e-18,0.1420166198108495,13.666598982558504,0.98243042494622,5.037419899089369,0.9811602141756116,68,0.0086481693832561,PGNN_ALL_RESULTS_May12/penn_data_pgnn_target-ALM_l2_fw-none_80pct_knn15/alm/results_knn15_l2_fw-none_K1600_p1000000.0_mu2.5e-18.csv
ALM,15.0,l2,none,200.0,100.0,7.071067811865477e-08,0.1402545733297777,13.497033035435486,0.9702410714824056,4.974918891245467,0.9816248166704108,100,0.0093940336813573,PGNN_ALL_RESULTS_May12/penn_data_pgnn_target-ALM_l2_fw-none_80pct_knn15/alm/results_knn15_l2_fw-none_K200_p100.0_mu7.07e-08.csv
ALM,15.0,l2,none,3200.0,1000000.0,1.7677669529663694e-18,0.1432721036224902,13.787417192466895,0.9911155406510932,5.081952899662938,0.98082563928782,80,0.0089325881917434,PGNN_ALL_RESULTS_May12/penn_data_pgnn_target-ALM_l2_fw-none_80pct_knn15/alm/results_knn15_l2_fw-none_K3200_p1000000.0_mu1.77e-18.csv
ALM,15.0,l2,none,80.0,10.0,3.535533905932738e-05,0.1419662193180506,13.66174882259466,0.982081750189239,5.035632066470869,0.9811735839628968,75,0.0088132107555243,PGNN_ALL_RESULTS_May12/penn_data_pgnn_target-ALM_l2_fw-none_80pct_knn15/alm/results_knn15_l2_fw-none_K80_p10.0_mu3.54e-05.csv
ALM,15.0,l2,none,40.0,10.0,5e-05,0.1496402527287345,14.400239411528966,1.035168652614206,5.307835585281051,0.9790832365926924,70,0.0086949047439844,PGNN_ALL_RESULTS_May12/penn_data_pgnn_target-ALM_l2_fw-none_80pct_knn15/alm/results_knn15_l2_fw-none_K40_p10.0_mu5e-05.csv
ALM,15.0,l2,none,100.0,100.0,1.0000000000000001e-07,0.1498628007741203,14.42165574219992,1.0367079725502917,5.31572846062388,0.9790209746515172,73,0.0087656872931931,PGNN_ALL_RESULTS_May12/penn_data_pgnn_target-ALM_l2_fw-none_80pct_knn15/alm/results_knn15_l2_fw-none_K100_p100.0_mu1e-07.csv
ALM,15.0,l2,none,15.0,3.0,0.0081649658092772,0.1398695197408224,13.45997840764575,0.9675776551343608,4.961262202516659,0.981725572285163,102,0.0094366095580143,PGNN_ALL_RESULTS_May12/penn_data_pgnn_target-ALM_l2_fw-none_80pct_knn15/alm/results_knn15_l2_fw-none_K15_p3.0_mu0.00816.csv
ALM,15.0,l2,none,10.0,2.0,0.02,0.1381782583079873,13.29722427500966,0.955877825565308,4.901271232377142,0.9821648384904478,99,0.0093723997248121,PGNN_ALL_RESULTS_May12/penn_data_pgnn_target-ALM_l2_fw-none_80pct_knn15/alm/results_knn15_l2_fw-none_K10_p2.0_mu0.02.csv
ALM,30.0,l2,none,40.0,10.0,5e-05,0.1162007933541255,11.144970006569707,0.9137236239145538,4.048452397246442,0.9873807346077274,69,0.008671485117228,PGNN_ALL_RESULTS_May12/male_pgnn_target-ALM_l2_fw-none_80pct_knn30/alm/results_knn30_l2_fw-none_K40_p10.0_mu5e-05.csv
ALM,30.0,l2,none,15.0,5.0,0.0024494897427831,0.107845399384814,10.3435932474863,0.8480226557143028,3.757349885228441,0.9891302605562532,52,0.0082969208501282,PGNN_ALL_RESULTS_May12/male_pgnn_target-ALM_l2_fw-none_80pct_knn30/alm/results_knn30_l2_fw-none_K15_p5.0_mu0.00245.csv
ALM,30.0,l2,none,5.0,2.0,0.0282842712474619,0.1125066165552778,10.790656680182586,0.8846751727003749,3.91974687965184,0.9881703467163848,56,0.0083799501815843,PGNN_ALL_RESULTS_May12/male_pgnn_target-ALM_l2_fw-none_80pct_knn30/alm/results_knn30_l2_fw-none_K5_p2.0_mu0.0283.csv
ALM,30.0,l2,none,1600.0,1000000.0,2.500000000000001e-18,0.1161642816142135,11.14146811786085,0.9134365224825765,4.04718033154723,0.9873886636232818,61,0.0084886799280466,PGNN_ALL_RESULTS_May12/male_pgnn_target-ALM_l2_fw-none_80pct_knn30/alm/results_knn30_l2_fw-none_K1600_p1000000.0_mu2.5e-18.csv
ALM,30.0,l2,none,15.0,3.0,0.0081649658092772,0.11923533124607,11.436016503011892,0.9375852780844112,4.154176675899064,0.9867130343361228,46,0.0081801699963272,PGNN_ALL_RESULTS_May12/male_pgnn_target-ALM_l2_fw-none_80pct_knn30/alm/results_knn30_l2_fw-none_K15_p3.0_mu0.00816.csv
ALM,30.0,l2,none,30.0,5.0,0.0017320508075688,0.1073378571350486,10.294914206772145,0.8440317296179916,3.739667214124213,0.9892323301917252,67,0.0086249673641049,PGNN_ALL_RESULTS_May12/male_pgnn_target-ALM_l2_fw-none_80pct_knn30/alm/results_knn30_l2_fw-none_K30_p5.0_mu0.00173.csv
ALM,30.0,l2,none,800.0,10000.0,3.5355339059327374e-13,0.1053265472083169,10.102006842198245,0.828216123700425,3.66959271236561,0.9896320813112262,55,0.0083588383313389,PGNN_ALL_RESULTS_May12/male_pgnn_target-ALM_l2_fw-none_80pct_knn30/alm/results_knn30_l2_fw-none_K800_p10000.0_mu3.54e-13.csv
ALM,30.0,l2,none,10.0,3.0,0.01,0.1166389023634588,11.186989614419955,0.9171687870307318,4.0637169460788805,0.9872853990097776,61,0.0084886799280466,PGNN_ALL_RESULTS_May12/male_pgnn_target-ALM_l2_fw-none_80pct_knn30/alm/results_knn30_l2_fw-none_K10_p3.0_mu0.01.csv
ALM,30.0,l2,none,10.0,2.0,0.02,0.1134426733670499,10.880435112760518,0.8920355860988044,3.952358801339861,0.9879726820351288,80,0.0089325881917434,PGNN_ALL_RESULTS_May12/male_pgnn_target-ALM_l2_fw-none_80pct_knn30/alm/results_knn30_l2_fw-none_K10_p2.0_mu0.02.csv
ALM,30.0,l2,none,400.0,10000.0,5e-13,0.1119183953410913,10.734239614514554,0.880049804687168,3.8992531748475456,0.9882937219044696,84,0.0090279758085674,PGNN_ALL_RESULTS_May12/male_pgnn_target-ALM_l2_fw-none_80pct_knn30/alm/results_knn30_l2_fw-none_K400_p10000.0_mu5e-13.csv
ALM,30.0,l2,none,100.0,100.0,1.0000000000000001e-07,0.1131360668494322,10.851028080811474,0.8896246786684051,3.941676748571735,0.9880376077033188,56,0.0083799501815843,PGNN_ALL_RESULTS_May12/male_pgnn_target-ALM_l2_fw-none_80pct_knn30/alm/results_knn30_l2_fw-none_K100_p100.0_mu1e-07.csv
ALM,30.0,l2,none,3200.0,1000000.0,1.7677669529663694e-18,0.11480164143995,11.010775517289428,0.9027215414306052,3.9997052640421793,0.9876827974579396,70,0.0086949047439844,PGNN_ALL_RESULTS_May12/male_pgnn_target-ALM_l2_fw-none_80pct_knn30/alm/results_knn30_l2_fw-none_K3200_p1000000.0_mu1.77e-18.csv
ALM,30.0,l2,none,200.0,100.0,7.071067811865477e-08,0.1198507065791189,11.495037955720154,0.9424242443409204,4.175616774445964,0.9865755319653156,45,0.0081617163535314,PGNN_ALL_RESULTS_May12/male_pgnn_target-ALM_l2_fw-none_80pct_knn30/alm/results_knn30_l2_fw-none_K200_p100.0_mu7.07e-08.csv
ALM,30.0,l2,none,80.0,10.0,3.535533905932738e-05,0.113968316667795,10.930850248938672,0.8961690012616217,3.970672801423422,0.9878609652395202,49,0.0082372966913313,PGNN_ALL_RESULTS_May12/male_pgnn_target-ALM_l2_fw-none_80pct_knn30/alm/results_knn30_l2_fw-none_K80_p10.0_mu3.54e-05.csv
ALM,15.0,l2,none,400.0,10000.0,5e-13,0.1917440554627088,21.43358309903033,0.8292046614718815,5.283910949965975,0.9525745354798184,92,0.0092155026994788,PGNN_ALL_RESULTS_May12/female_pgnn_target-ALM_l2_fw-none_80pct_knn15/alm/results_knn15_l2_fw-none_K400_p10000.0_mu5e-13.csv
ALM,15.0,l2,none,800.0,10000.0,3.5355339059327374e-13,0.1944669109590813,21.73795002924528,0.8409797544664761,5.358944950257971,0.9512180443096075,78,0.0088847922325062,PGNN_ALL_RESULTS_May12/female_pgnn_target-ALM_l2_fw-none_80pct_knn15/alm/results_knn15_l2_fw-none_K800_p10000.0_mu3.54e-13.csv
ALM,15.0,l2,none,5.0,2.0,0.0282842712474619,0.1971963066502569,22.04304803719017,0.8527831060618148,5.434159021812034,0.949839098926331,67,0.0086249673641049,PGNN_ALL_RESULTS_May12/female_pgnn_target-ALM_l2_fw-none_80pct_knn15/alm/results_knn15_l2_fw-none_K5_p2.0_mu0.0283.csv
ALM,15.0,l2,none,10.0,3.0,0.01,0.1863685342725687,20.832695213085547,0.8059580167766252,5.135777194618775,0.9551963954461152,106,0.0095186998443402,PGNN_ALL_RESULTS_May12/female_pgnn_target-ALM_l2_fw-none_80pct_knn15/alm/results_knn15_l2_fw-none_K10_p3.0_mu0.01.csv
ALM,15.0,l2,none,15.0,5.0,0.0024494897427831,0.192611581566144,21.53055712403301,0.8329562497615074,5.307817060681912,0.9521444214763304,51,0.0082767809973118,PGNN_ALL_RESULTS_May12/female_pgnn_target-ALM_l2_fw-none_80pct_knn15/alm/results_knn15_l2_fw-none_K15_p5.0_mu0.00245.csv
ALM,15.0,l2,none,30.0,5.0,0.0017320508075688,0.1887632912258434,21.10038654795447,0.8163141274667933,5.2017690651633846,0.954037583057497,111,0.0096147311545127,PGNN_ALL_RESULTS_May12/female_pgnn_target-ALM_l2_fw-none_80pct_knn15/alm/results_knn15_l2_fw-none_K30_p5.0_mu0.00173.csv
ALM,15.0,l2,none,1600.0,1000000.0,2.500000000000001e-18,0.2005704165350114,22.420213652184746,0.867374450271477,5.527138918122918,0.948107866229038,38,0.008041467058907,PGNN_ALL_RESULTS_May12/female_pgnn_target-ALM_l2_fw-none_80pct_knn15/alm/results_knn15_l2_fw-none_K1600_p1000000.0_mu2.5e-18.csv
ALM,15.0,l2,none,200.0,100.0,7.071067811865477e-08,0.1896419351365671,21.19860334653791,0.8201138607488682,5.2259819684778295,0.953608701071036,83,0.0090041813844477,PGNN_ALL_RESULTS_May12/female_pgnn_target-ALM_l2_fw-none_80pct_knn15/alm/results_knn15_l2_fw-none_K200_p100.0_mu7.07e-08.csv
ALM,15.0,l2,none,3200.0,1000000.0,1.7677669529663694e-18,0.1982216797370709,22.157666554101706,0.8572172644634649,5.462414649428471,0.949316093601492,68,0.0086481693832561,PGNN_ALL_RESULTS_May12/female_pgnn_target-ALM_l2_fw-none_80pct_knn15/alm/results_knn15_l2_fw-none_K3200_p1000000.0_mu1.77e-18.csv
ALM,15.0,l2,none,80.0,10.0,3.535533905932738e-05,0.1903009963576246,21.27227469668641,0.8229639413487959,5.244143434265434,0.9532856940934702,85,0.0090517171631665,PGNN_ALL_RESULTS_May12/female_pgnn_target-ALM_l2_fw-none_80pct_knn15/alm/results_knn15_l2_fw-none_K80_p10.0_mu3.54e-05.csv
ALM,15.0,l2,none,40.0,10.0,5e-05,0.1957893002457074,21.88576968704781,0.8466984084088558,5.395385722469225,0.95055234681549,75,0.0088132107555243,PGNN_ALL_RESULTS_May12/female_pgnn_target-ALM_l2_fw-none_80pct_knn15/alm/results_knn15_l2_fw-none_K40_p10.0_mu5e-05.csv
ALM,15.0,l2,none,100.0,100.0,1.0000000000000001e-07,0.1901944231511184,21.2603617032313,0.8225032058226323,5.2412075058935255,0.953338001747413,90,0.0091692456553619,PGNN_ALL_RESULTS_May12/female_pgnn_target-ALM_l2_fw-none_80pct_knn15/alm/results_knn15_l2_fw-none_K100_p100.0_mu1e-07.csv
ALM,15.0,l2,none,15.0,3.0,0.0081649658092772,0.1973295766747639,22.0579452611901,0.8533594129396977,5.437831401339159,0.94977127612019,58,0.0084228335616671,PGNN_ALL_RESULTS_May12/female_pgnn_target-ALM_l2_fw-none_80pct_knn15/alm/results_knn15_l2_fw-none_K15_p3.0_mu0.00816.csv
ALM,15.0,l2,none,10.0,2.0,0.02,0.2052510866287594,22.943429514973285,0.887616251476309,5.656125017698617,0.9456576136034468,52,0.0082969208501282,PGNN_ALL_RESULTS_May12/female_pgnn_target-ALM_l2_fw-none_80pct_knn15/alm/results_knn15_l2_fw-none_K10_p2.0_mu0.02.csv
ALM,5.0,l2,none,200.0,100.0,7.071067811865477e-08,0.1452694960186725,13.979631039872867,1.0049330326766202,5.152802201066352,0.9802872834269316,71,0.0087184183421959,PGNN_ALL_RESULTS_May12/penn_data_pgnn_target-ALM_l2_fw-none_80pct_knn5/alm/results_knn5_l2_fw-none_K200_p100.0_mu7.07e-08.csv
ALM,5.0,l2,none,1600.0,1000000.0,2.500000000000001e-18,0.1456714359925437,14.018310684869876,1.0077135242307989,5.167059193855471,0.9801780479664662,63,0.0085334892085578,PGNN_ALL_RESULTS_May12/penn_data_pgnn_target-ALM_l2_fw-none_80pct_knn5/alm/results_knn5_l2_fw-none_K1600_p1000000.0_mu2.5e-18.csv
ALM,5.0,l2,none,15.0,5.0,0.0024494897427831,0.1469745039655565,14.14370803243314,1.0167276717590783,5.213279307747779,0.9798218370767916,79,0.008908689783734,PGNN_ALL_RESULTS_May12/penn_data_pgnn_target-ALM_l2_fw-none_80pct_knn5/alm/results_knn5_l2_fw-none_K15_p5.0_mu0.00245.csv
ALM,5.0,l2,none,800.0,10000.0,3.5355339059327374e-13,0.1415004869128643,13.616930279361195,0.9788599892876364,5.019112461556628,0.9812969047057674,122,0.0097946754164446,PGNN_ALL_RESULTS_May12/penn_data_pgnn_target-ALM_l2_fw-none_80pct_knn5/alm/results_knn5_l2_fw-none_K800_p10000.0_mu3.54e-13.csv
ALM,5.0,l2,none,3200.0,1000000.0,1.7677669529663694e-18,0.1373982679917666,13.222163941393312,0.9504819711071668,4.873603945279923,0.9823656224665896,104,0.0094781926034759,PGNN_ALL_RESULTS_May12/penn_data_pgnn_target-ALM_l2_fw-none_80pct_knn5/alm/results_knn5_l2_fw-none_K3200_p1000000.0_mu1.77e-18.csv
ALM,5.0,l2,none,5.0,2.0,0.0282842712474619,0.1374070329336801,13.223007412716578,0.9505426703796996,4.873915181287637,0.9823633725222924,162,0.0099611725283593,PGNN_ALL_RESULTS_May12/penn_data_pgnn_target-ALM_l2_fw-none_80pct_knn5/alm/results_knn5_l2_fw-none_K5_p2.0_mu0.0283.csv
ALM,5.0,l2,none,15.0,3.0,0.0081649658092772,0.1501888981947822,14.453036876910549,1.0389638740128682,5.327295613502508,0.9789295757298516,74,0.0087894223403149,PGNN_ALL_RESULTS_May12/penn_data_pgnn_target-ALM_l2_fw-none_80pct_knn5/alm/results_knn5_l2_fw-none_K15_p3.0_mu0.00816.csv
ALM,5.0,l2,none,400.0,10000.0,5e-13,0.1356970214776619,13.058448920505535,0.938713340323906,4.813260196361643,0.982799611820008,155,0.0099932223927485,PGNN_ALL_RESULTS_May12/penn_data_pgnn_target-ALM_l2_fw-none_80pct_knn5/alm/results_knn5_l2_fw-none_K400_p10000.0_mu5e-13.csv
ALM,5.0,l2,none,30.0,5.0,0.0017320508075688,0.1385407704053907,13.332109681155345,0.9583855345068412,4.914129530127739,0.9820711342711478,99,0.0093723997248121,PGNN_ALL_RESULTS_May12/penn_data_pgnn_target-ALM_l2_fw-none_80pct_knn5/alm/results_knn5_l2_fw-none_K30_p5.0_mu0.00173.csv
ALM,5.0,l2,none,10.0,2.0,0.02,0.1447702272005704,13.93158520741618,1.0014790147957715,5.135091696624524,0.980422549705847,95,0.0092838061109327,PGNN_ALL_RESULTS_May12/penn_data_pgnn_target-ALM_l2_fw-none_80pct_knn5/alm/results_knn5_l2_fw-none_K10_p2.0_mu0.02.csv
ALM,5.0,l2,none,80.0,10.0,3.535533905932738e-05,0.1596979048049845,15.36811132550128,1.1047445256451989,5.664586433385155,0.9761770217228514,70,0.0086949047439844,PGNN_ALL_RESULTS_May12/penn_data_pgnn_target-ALM_l2_fw-none_80pct_knn5/alm/results_knn5_l2_fw-none_K80_p10.0_mu3.54e-05.csv
ALM,5.0,l2,none,100.0,100.0,1.0000000000000001e-07,0.1419533135544408,13.660506870096048,0.9819925929430346,5.035174911974455,0.9811770067240624,115,0.0096855290063012,PGNN_ALL_RESULTS_May12/penn_data_pgnn_target-ALM_l2_fw-none_80pct_knn5/alm/results_knn5_l2_fw-none_K100_p100.0_mu1e-07.csv
ALM,5.0,l2,none,10.0,3.0,0.01,0.1386101257203128,13.338783908985937,0.9588653891750714,4.916589988795381,0.9820531789303214,102,0.0094366095580143,PGNN_ALL_RESULTS_May12/penn_data_pgnn_target-ALM_l2_fw-none_80pct_knn5/alm/results_knn5_l2_fw-none_K10_p3.0_mu0.01.csv
ALM,5.0,l2,none,40.0,10.0,5e-05,0.147085168014105,14.154357498497832,1.0174931943115415,5.217204530787559,0.9797914394526374,83,0.0090041813844477,PGNN_ALL_RESULTS_May12/penn_data_pgnn_target-ALM_l2_fw-none_80pct_knn5/alm/results_knn5_l2_fw-none_K40_p10.0_mu5e-05.csv
