target,kNN_graph,edge_metrics,fw_source,K,p,mu_used,RMSE_scaled,RelRMSE_scaled_pct,RMSE_orig,RelRMSE_orig_pct,R2,best_epoch,best_lr,source_file
Age,25.0,l2,none,3200.0,1000000.0,1.7677669529663694e-18,0.5995127235726149,58.45646420090444,11.869827015526004,34.506454851359614,0.6582559753592199,55,0.0083588383313389,PGNN_ALL_RESULTS_May12/penn_data_pgnn_target-AGE_l2_fw-none_80pct_knn25/age/results_knn25_l2_fw-none_K3200_p1000000.0_mu1.77e-18.csv
Age,25.0,l2,none,15.0,3.0,0.0081649658092772,0.5774752974638553,56.30766908821698,11.433505055779234,33.23803501803221,0.6829184716143404,40,0.0080741665917822,PGNN_ALL_RESULTS_May12/penn_data_pgnn_target-AGE_l2_fw-none_80pct_knn25/age/results_knn25_l2_fw-none_K15_p3.0_mu0.00816.csv
Age,25.0,l2,none,15.0,5.0,0.0024494897427831,0.5709795054576159,55.67428631260811,11.304894204574778,32.86415387177147,0.6900118011960676,142,0.0099826802054872,PGNN_ALL_RESULTS_May12/penn_data_pgnn_target-AGE_l2_fw-none_80pct_knn25/age/results_knn25_l2_fw-none_K15_p5.0_mu0.00245.csv
Age,25.0,l2,none,800.0,10000.0,3.5355339059327374e-13,0.6159606616604951,60.06024718366277,12.195481667555566,35.45315673106644,0.6392468980610186,53,0.0083173156107196,PGNN_ALL_RESULTS_May12/penn_data_pgnn_target-AGE_l2_fw-none_80pct_knn25/age/results_knn25_l2_fw-none_K800_p10000.0_mu3.54e-13.csv
Age,25.0,l2,none,10.0,3.0,0.01,0.5639046849560583,54.98444442082542,11.164819013533863,32.45694505153117,0.6976461340686645,132,0.0099133523761934,PGNN_ALL_RESULTS_May12/penn_data_pgnn_target-AGE_l2_fw-none_80pct_knn25/age/results_knn25_l2_fw-none_K10_p3.0_mu0.01.csv
Age,25.0,l2,none,80.0,10.0,3.535533905932738e-05,0.6025506256240032,58.75267978654634,11.929974618176097,34.68130832921975,0.6547837712771704,62,0.0085109993808483,PGNN_ALL_RESULTS_May12/penn_data_pgnn_target-AGE_l2_fw-none_80pct_knn25/age/results_knn25_l2_fw-none_K80_p10.0_mu3.54e-05.csv
Age,25.0,l2,none,30.0,5.0,0.0017320508075688,0.6162519398047751,60.08864873336157,12.201248887207004,35.4699224601929,0.6389056284123507,33,0.0079659287950588,PGNN_ALL_RESULTS_May12/penn_data_pgnn_target-AGE_l2_fw-none_80pct_knn25/age/results_knn25_l2_fw-none_K30_p5.0_mu0.00173.csv
Age,25.0,l2,none,10.0,2.0,0.02,0.5932935657396762,57.85005509076164,11.74669347632302,34.14849665149384,0.6653094907688628,27,0.0078877329137354,PGNN_ALL_RESULTS_May12/penn_data_pgnn_target-AGE_l2_fw-none_80pct_knn25/age/results_knn25_l2_fw-none_K10_p2.0_mu0.02.csv
Age,25.0,l2,none,100.0,100.0,1.0000000000000001e-07,0.5821209147793145,56.76064756826312,11.525484423078431,33.505425762717444,0.6777962974619737,41,0.0080910258923681,PGNN_ALL_RESULTS_May12/penn_data_pgnn_target-AGE_l2_fw-none_80pct_knn25/age/results_knn25_l2_fw-none_K100_p100.0_mu1e-07.csv
Age,25.0,l2,none,1600.0,1000000.0,2.500000000000001e-18,0.6036257744740688,58.85751392566181,11.95126182250217,34.74319178834924,0.6535507131726349,64,0.00855614025384,PGNN_ALL_RESULTS_May12/penn_data_pgnn_target-AGE_l2_fw-none_80pct_knn25/age/results_knn25_l2_fw-none_K1600_p1000000.0_mu2.5e-18.csv
Age,25.0,l2,none,400.0,10000.0,5e-13,0.5810939270816599,56.660509460726445,11.505151039758337,33.44631513097929,0.6789321692068184,64,0.00855614025384,PGNN_ALL_RESULTS_May12/penn_data_pgnn_target-AGE_l2_fw-none_80pct_knn25/age/results_knn25_l2_fw-none_K400_p10000.0_mu5e-13.csv
Age,25.0,l2,none,40.0,10.0,5e-05,0.5593888024974574,54.5441159492234,11.075408508312291,32.19702217669653,0.702469386487587,62,0.0085109993808483,PGNN_ALL_RESULTS_May12/penn_data_pgnn_target-AGE_l2_fw-none_80pct_knn25/age/results_knn25_l2_fw-none_K40_p10.0_mu5e-05.csv
Age,25.0,l2,none,200.0,100.0,7.071067811865477e-08,0.5859016228208992,57.12929166136917,11.600339173464029,33.72303399417792,0.6735974655984796,54,0.0083379574330586,PGNN_ALL_RESULTS_May12/penn_data_pgnn_target-AGE_l2_fw-none_80pct_knn25/age/results_knn25_l2_fw-none_K200_p100.0_mu7.07e-08.csv
Age,25.0,l2,none,5.0,2.0,0.0282842712474619,0.6001403264512818,58.51765964141244,11.882252921636324,34.54257786879047,0.6575400879737558,33,0.0079659287950588,PGNN_ALL_RESULTS_May12/penn_data_pgnn_target-AGE_l2_fw-none_80pct_knn25/age/results_knn25_l2_fw-none_K5_p2.0_mu0.0283.csv
Age,10.0,l2,none,1600.0,1000000.0,2.500000000000001e-18,0.5675190655679239,63.104664562834095,11.70176785319747,36.81991897356215,0.5947378004299158,42,0.0081082168258816,PGNN_ALL_RESULTS_May12/female_pgnn_target-AGE_l2_fw-none_80pct_knn10/age/results_knn10_l2_fw-none_K1600_p1000000.0_mu2.5e-18.csv
Age,10.0,l2,none,3200.0,1000000.0,1.7677669529663694e-18,0.5734968749138597,63.76936056422457,11.825025294634871,37.20775174067465,0.5861553963839705,29,0.0079122321709504,PGNN_ALL_RESULTS_May12/female_pgnn_target-AGE_l2_fw-none_80pct_knn10/age/results_knn10_l2_fw-none_K3200_p1000000.0_mu1.77e-18.csv
Age,10.0,l2,none,15.0,3.0,0.0081649658092772,0.5381701223068408,59.84124077299028,11.096617373442845,34.915797142492906,0.6355698064363409,44,0.0081435685141446,PGNN_ALL_RESULTS_May12/female_pgnn_target-AGE_l2_fw-none_80pct_knn10/age/results_knn10_l2_fw-none_K15_p3.0_mu0.00816.csv
Age,10.0,l2,none,30.0,5.0,0.0017320508075688,0.5702039416437346,63.403206434704536,11.757127647224264,36.99411001512368,0.5908942200242155,94,0.0092611971691567,PGNN_ALL_RESULTS_May12/female_pgnn_target-AGE_l2_fw-none_80pct_knn10/age/results_knn10_l2_fw-none_K30_p5.0_mu0.00173.csv
Age,10.0,l2,none,100.0,100.0,1.0000000000000001e-07,0.5553017690261637,61.74617557645805,11.449857041433656,36.027275007789626,0.6119985941761371,58,0.0084228335616671,PGNN_ALL_RESULTS_May12/female_pgnn_target-AGE_l2_fw-none_80pct_knn10/age/results_knn10_l2_fw-none_K100_p100.0_mu1e-07.csv
Age,10.0,l2,none,40.0,10.0,5e-05,0.5620550255895984,62.49709658686647,11.589103935034991,36.46541900483708,0.602503914689984,33,0.0079659287950588,PGNN_ALL_RESULTS_May12/female_pgnn_target-AGE_l2_fw-none_80pct_knn10/age/results_knn10_l2_fw-none_K40_p10.0_mu5e-05.csv
Age,10.0,l2,none,200.0,100.0,7.071067811865477e-08,0.5579100089865281,62.03619597891531,11.503637280615717,36.19649593866984,0.6083451664350576,74,0.0087894223403149,PGNN_ALL_RESULTS_May12/female_pgnn_target-AGE_l2_fw-none_80pct_knn10/age/results_knn10_l2_fw-none_K200_p100.0_mu7.07e-08.csv
Age,10.0,l2,none,10.0,3.0,0.01,0.5729829383665572,63.71221394943789,11.814428095596467,37.17440737640117,0.5868967938544223,92,0.0092155026994788,PGNN_ALL_RESULTS_May12/female_pgnn_target-AGE_l2_fw-none_80pct_knn10/age/results_knn10_l2_fw-none_K10_p3.0_mu0.01.csv
Age,10.0,l2,none,5.0,2.0,0.0282842712474619,0.5568275741057807,61.91583581094047,11.481318197412389,36.12626835892118,0.6098634385206061,47,0.0081989226111178,PGNN_ALL_RESULTS_May12/female_pgnn_target-AGE_l2_fw-none_80pct_knn10/age/results_knn10_l2_fw-none_K5_p2.0_mu0.0283.csv
Age,10.0,l2,none,80.0,10.0,3.535533905932738e-05,0.5801974829146896,64.51442737503959,11.963186324951266,37.64247904046154,0.5764283683977081,44,0.0081435685141446,PGNN_ALL_RESULTS_May12/female_pgnn_target-AGE_l2_fw-none_80pct_knn10/age/results_knn10_l2_fw-none_K80_p10.0_mu3.54e-05.csv
Age,10.0,l2,none,800.0,10000.0,3.5355339059327374e-13,0.5666777202152471,63.011112082427054,11.684420175522169,36.76533405148907,0.5959385097936755,33,0.0079659287950588,PGNN_ALL_RESULTS_May12/female_pgnn_target-AGE_l2_fw-none_80pct_knn10/age/results_knn10_l2_fw-none_K800_p10000.0_mu3.54e-13.csv
Age,10.0,l2,none,10.0,2.0,0.02,0.5944765918482339,66.10217734535249,12.257609338824585,38.56888876339971,0.5553229641064072,23,0.0078435994062494,PGNN_ALL_RESULTS_May12/female_pgnn_target-AGE_l2_fw-none_80pct_knn10/age/results_knn10_l2_fw-none_K10_p2.0_mu0.02.csv
Age,10.0,l2,none,15.0,5.0,0.0024494897427831,0.5598725700163608,62.25442081572805,11.544103581833792,36.32382421510648,0.6055848702019716,63,0.0085334892085578,PGNN_ALL_RESULTS_May12/female_pgnn_target-AGE_l2_fw-none_80pct_knn10/age/results_knn10_l2_fw-none_K15_p5.0_mu0.00245.csv
Age,10.0,l2,none,400.0,10000.0,5e-13,0.589186839204573,65.51398905979325,12.14853923794503,38.22569683486337,0.5632013777648894,78,0.0088847922325062,PGNN_ALL_RESULTS_May12/female_pgnn_target-AGE_l2_fw-none_80pct_knn10/age/results_knn10_l2_fw-none_K400_p10000.0_mu5e-13.csv
Age,5.0,l2,none,200.0,100.0,7.071067811865477e-08,0.604531626294475,58.945840482261545,11.969196916239904,34.79533041694985,0.6525101108271987,38,0.008041467058907,PGNN_ALL_RESULTS_May12/penn_data_pgnn_target-AGE_l2_fw-none_80pct_knn5/age/results_knn5_l2_fw-none_K200_p100.0_mu7.07e-08.csv
Age,5.0,l2,none,1600.0,1000000.0,2.500000000000001e-18,0.5991740451657406,58.423440811427255,11.8631215122529,34.48696146315385,0.6586419842788598,60,0.0084665398864587,PGNN_ALL_RESULTS_May12/penn_data_pgnn_target-AGE_l2_fw-none_80pct_knn5/age/results_knn5_l2_fw-none_K1600_p1000000.0_mu2.5e-18.csv
Age,5.0,l2,none,15.0,5.0,0.0024494897427831,0.5699089408746519,55.569899169920205,11.283697913164426,32.80253470313398,0.6911731433073343,38,0.008041467058907,PGNN_ALL_RESULTS_May12/penn_data_pgnn_target-AGE_l2_fw-none_80pct_knn5/age/results_knn5_l2_fw-none_K15_p5.0_mu0.00245.csv
Age,5.0,l2,none,800.0,10000.0,3.5355339059327374e-13,0.5821570313395029,56.764169172267,11.526199465526297,33.50750444338497,0.6777563152173429,71,0.0087184183421959,PGNN_ALL_RESULTS_May12/penn_data_pgnn_target-AGE_l2_fw-none_80pct_knn5/age/results_knn5_l2_fw-none_K800_p10000.0_mu3.54e-13.csv
Age,5.0,l2,none,3200.0,1000000.0,1.7677669529663694e-18,0.5556023346847817,54.17491024025942,11.000439668480018,31.979082278874305,0.7064836862998436,126,0.0098477168001498,PGNN_ALL_RESULTS_May12/penn_data_pgnn_target-AGE_l2_fw-none_80pct_knn5/age/results_knn5_l2_fw-none_K3200_p1000000.0_mu1.77e-18.csv
Age,5.0,l2,none,5.0,2.0,0.0282842712474619,0.5632539431544777,54.92099278196538,11.15193516925584,32.41949077437025,0.6983435596378424,136,0.0099472767389608,PGNN_ALL_RESULTS_May12/penn_data_pgnn_target-AGE_l2_fw-none_80pct_knn5/age/results_knn5_l2_fw-none_K5_p2.0_mu0.0283.csv
Age,5.0,l2,none,15.0,3.0,0.0081649658092772,0.5738466579573924,55.95385268521642,11.36166153695747,33.02918065685716,0.6868907962311147,50,0.0082569037570196,PGNN_ALL_RESULTS_May12/penn_data_pgnn_target-AGE_l2_fw-none_80pct_knn5/age/results_knn5_l2_fw-none_K15_p3.0_mu0.00816.csv
Age,5.0,l2,none,400.0,10000.0,5e-13,0.580885831746806,56.64021878629376,11.50103068297721,33.43433695260707,0.6791620830004668,72,0.0087420158948829,PGNN_ALL_RESULTS_May12/penn_data_pgnn_target-AGE_l2_fw-none_80pct_knn5/age/results_knn5_l2_fw-none_K400_p10000.0_mu5e-13.csv
Age,5.0,l2,none,30.0,5.0,0.0017320508075688,0.5674603178288117,55.331142193141325,11.235217424927535,32.6615983797714,0.6938212015859311,41,0.0080910258923681,PGNN_ALL_RESULTS_May12/penn_data_pgnn_target-AGE_l2_fw-none_80pct_knn5/age/results_knn5_l2_fw-none_K30_p5.0_mu0.00173.csv
Age,5.0,l2,none,10.0,2.0,0.02,0.5722106432916985,55.79433041158162,11.32926961129542,32.93501496101812,0.6886735757871845,48,0.0082179672183702,PGNN_ALL_RESULTS_May12/penn_data_pgnn_target-AGE_l2_fw-none_80pct_knn5/age/results_knn5_l2_fw-none_K10_p2.0_mu0.02.csv
Age,5.0,l2,none,80.0,10.0,3.535533905932738e-05,0.630511502876907,61.47905064723464,12.483575776085075,36.29066736503887,0.6220014371299913,20,0.007814872014491,PGNN_ALL_RESULTS_May12/penn_data_pgnn_target-AGE_l2_fw-none_80pct_knn5/age/results_knn5_l2_fw-none_K80_p10.0_mu3.54e-05.csv
Age,5.0,l2,none,100.0,100.0,1.0000000000000001e-07,0.5802207473103485,56.575368645468274,11.487862768780388,33.39605686342591,0.6798963482778508,36,0.0080101650465708,PGNN_ALL_RESULTS_May12/penn_data_pgnn_target-AGE_l2_fw-none_80pct_knn5/age/results_knn5_l2_fw-none_K100_p100.0_mu1e-07.csv
Age,5.0,l2,none,10.0,3.0,0.01,0.5783541073939165,56.39335888127072,11.450904814662971,33.28861738907779,0.6819526591299818,92,0.0092155026994788,PGNN_ALL_RESULTS_May12/penn_data_pgnn_target-AGE_l2_fw-none_80pct_knn5/age/results_knn5_l2_fw-none_K10_p3.0_mu0.01.csv
Age,5.0,l2,none,40.0,10.0,5e-05,0.5900277252015435,57.53161399185459,11.682032145154652,33.96052143486502,0.6689840205755042,71,0.0087184183421959,PGNN_ALL_RESULTS_May12/penn_data_pgnn_target-AGE_l2_fw-none_80pct_knn5/age/results_knn5_l2_fw-none_K40_p10.0_mu5e-05.csv
Age,20.0,l2,none,80.0,10.0,3.535533905932738e-05,0.5742825603771444,63.85672400383493,11.84122572097738,37.25872680638708,0.5850206930202038,29,0.0079122321709504,PGNN_ALL_RESULTS_May12/female_pgnn_target-AGE_l2_fw-none_80pct_knn20/age/results_knn20_l2_fw-none_K80_p10.0_mu3.54e-05.csv
Age,20.0,l2,none,400.0,10000.0,5e-13,0.5586521457701946,62.11871707051274,11.51893954288596,36.24464490760949,0.6073025080349065,39,0.0080576450044444,PGNN_ALL_RESULTS_May12/female_pgnn_target-AGE_l2_fw-none_80pct_knn20/age/results_knn20_l2_fw-none_K400_p10000.0_mu5e-13.csv
Age,20.0,l2,none,15.0,3.0,0.0081649658092772,0.5580756383191182,62.05461295221013,11.507052224059276,36.207241147639,0.6081125871419709,44,0.0081435685141446,PGNN_ALL_RESULTS_May12/female_pgnn_target-AGE_l2_fw-none_80pct_knn20/age/results_knn20_l2_fw-none_K15_p3.0_mu0.00816.csv
Age,20.0,l2,none,1600.0,1000000.0,2.500000000000001e-18,0.5606614863060778,62.34214350356574,11.560370129587426,36.37500733357048,0.6044725465569569,82,0.0089803447591593,PGNN_ALL_RESULTS_May12/female_pgnn_target-AGE_l2_fw-none_80pct_knn20/age/results_knn20_l2_fw-none_K1600_p1000000.0_mu2.5e-18.csv
Age,20.0,l2,none,10.0,3.0,0.01,0.5856494154690784,65.12064907918554,12.075600509071192,37.99619321448216,0.568430630241572,35,0.0079950520752105,PGNN_ALL_RESULTS_May12/female_pgnn_target-AGE_l2_fw-none_80pct_knn20/age/results_knn20_l2_fw-none_K10_p3.0_mu0.01.csv
Age,20.0,l2,none,100.0,100.0,1.0000000000000001e-07,0.5774731078849644,64.21149345999635,11.907011973253615,37.465724971858585,0.580396874723893,69,0.008671485117228,PGNN_ALL_RESULTS_May12/female_pgnn_target-AGE_l2_fw-none_80pct_knn20/age/results_knn20_l2_fw-none_K100_p100.0_mu1e-07.csv
Age,20.0,l2,none,30.0,5.0,0.0017320508075688,0.5706584683453315,63.45374703638534,11.766499711301112,37.02359946015913,0.5902417390427315,41,0.0080910258923681,PGNN_ALL_RESULTS_May12/female_pgnn_target-AGE_l2_fw-none_80pct_knn20/age/results_knn20_l2_fw-none_K30_p5.0_mu0.00173.csv
Age,20.0,l2,none,5.0,2.0,0.0282842712474619,0.5796611579420535,64.45479130367518,11.952127686379972,37.60768274461452,0.5772110917061404,34,0.0079803049361372,PGNN_ALL_RESULTS_May12/female_pgnn_target-AGE_l2_fw-none_80pct_knn20/age/results_knn20_l2_fw-none_K5_p2.0_mu0.0283.csv
Age,20.0,l2,none,10.0,2.0,0.02,0.5997231527277083,66.6855629697216,12.36578913597346,38.90927932793391,0.5474393224475549,41,0.0080910258923681,PGNN_ALL_RESULTS_May12/female_pgnn_target-AGE_l2_fw-none_80pct_knn20/age/results_knn20_l2_fw-none_K10_p2.0_mu0.02.csv
Age,20.0,l2,none,15.0,5.0,0.0024494897427831,0.5360976338221787,59.61079267253032,11.053884217178007,34.781336147291576,0.6383712369322057,45,0.0081617163535314,PGNN_ALL_RESULTS_May12/female_pgnn_target-AGE_l2_fw-none_80pct_knn20/age/results_knn20_l2_fw-none_K15_p5.0_mu0.00245.csv
Age,20.0,l2,none,40.0,10.0,5e-05,0.566356020126078,62.975340991289286,11.67778690569886,36.74446229429067,0.5963971469216911,32,0.0079519286647152,PGNN_ALL_RESULTS_May12/female_pgnn_target-AGE_l2_fw-none_80pct_knn20/age/results_knn20_l2_fw-none_K40_p10.0_mu5e-05.csv
Age,20.0,l2,none,200.0,100.0,7.071067811865477e-08,0.5812089225417582,64.6268933030835,11.984041158335543,37.70809931981159,0.574950283543355,69,0.008671485117228,PGNN_ALL_RESULTS_May12/female_pgnn_target-AGE_l2_fw-none_80pct_knn20/age/results_knn20_l2_fw-none_K200_p100.0_mu7.07e-08.csv
Age,20.0,l2,none,800.0,10000.0,3.5355339059327374e-13,0.5612810689959916,62.41103732614916,11.5731455631963,36.41520556995937,0.6035978748430191,66,0.0086018887790109,PGNN_ALL_RESULTS_May12/female_pgnn_target-AGE_l2_fw-none_80pct_knn20/age/results_knn20_l2_fw-none_K800_p10000.0_mu3.54e-13.csv
Age,20.0,l2,none,3200.0,1000000.0,1.7677669529663694e-18,0.595276820429779,66.19115789116282,12.274109735180891,38.6208076926156,0.5541249933874025,72,0.0087420158948829,PGNN_ALL_RESULTS_May12/female_pgnn_target-AGE_l2_fw-none_80pct_knn20/age/results_knn20_l2_fw-none_K3200_p1000000.0_mu1.77e-18.csv
Age,30.0,l2,none,40.0,10.0,5e-05,0.557648010329102,62.00706332347537,11.498234863098698,36.17949709048438,0.6087129280632608,95,0.0092838061109327,PGNN_ALL_RESULTS_May12/female_pgnn_target-AGE_l2_fw-none_80pct_knn30/age/results_knn30_l2_fw-none_K40_p10.0_mu5e-05.csv
Age,30.0,l2,none,15.0,5.0,0.0024494897427831,0.577507732392724,64.21534349443641,11.907725908866796,37.46797138896064,0.5803465555418398,31,0.007938309404863,PGNN_ALL_RESULTS_May12/female_pgnn_target-AGE_l2_fw-none_80pct_knn30/age/results_knn30_l2_fw-none_K15_p5.0_mu0.00245.csv
Age,30.0,l2,none,5.0,2.0,0.0282842712474619,0.5725508634383292,63.66416984825063,11.805519545852352,37.14637639135128,0.5875195846139949,32,0.0079519286647152,PGNN_ALL_RESULTS_May12/female_pgnn_target-AGE_l2_fw-none_80pct_knn30/age/results_knn30_l2_fw-none_K5_p2.0_mu0.0283.csv
Age,30.0,l2,none,1600.0,1000000.0,2.500000000000001e-18,0.5396166160896629,60.00208207418228,11.12644275015939,35.009643471341334,0.6336081425721916,55,0.0083588383313389,PGNN_ALL_RESULTS_May12/female_pgnn_target-AGE_l2_fw-none_80pct_knn30/age/results_knn30_l2_fw-none_K1600_p1000000.0_mu2.5e-18.csv
Age,30.0,l2,none,15.0,3.0,0.0081649658092772,0.5561913040307621,61.84508645274008,11.468198875903376,36.084988070249416,0.610754523686075,40,0.0080741665917822,PGNN_ALL_RESULTS_May12/female_pgnn_target-AGE_l2_fw-none_80pct_knn30/age/results_knn30_l2_fw-none_K15_p3.0_mu0.00816.csv
Age,30.0,l2,none,30.0,5.0,0.0017320508075688,0.5948011373931029,66.13826483383859,12.264301373346388,38.58994542526075,0.5548373021072956,46,0.0081801699963272,PGNN_ALL_RESULTS_May12/female_pgnn_target-AGE_l2_fw-none_80pct_knn30/age/results_knn30_l2_fw-none_K30_p5.0_mu0.00173.csv
Age,30.0,l2,none,800.0,10000.0,3.5355339059327374e-13,0.5926368984469002,65.89761464070847,12.219676361019172,38.449531655418845,0.5580709397309367,61,0.0084886799280466,PGNN_ALL_RESULTS_May12/female_pgnn_target-AGE_l2_fw-none_80pct_knn30/age/results_knn30_l2_fw-none_K800_p10000.0_mu3.54e-13.csv
Age,30.0,l2,none,10.0,3.0,0.01,0.6168983376759591,68.5953389591492,12.7199271407087,40.0235838333209,0.5211468098244294,21,0.0078240246106395,PGNN_ALL_RESULTS_May12/female_pgnn_target-AGE_l2_fw-none_80pct_knn30/age/results_knn30_l2_fw-none_K10_p3.0_mu0.01.csv
Age,30.0,l2,none,10.0,2.0,0.02,0.569286943075925,63.30124177741445,11.73822003148087,36.93461670707067,0.5922090048947581,30,0.0079250757223036,PGNN_ALL_RESULTS_May12/female_pgnn_target-AGE_l2_fw-none_80pct_knn30/age/results_knn30_l2_fw-none_K10_p2.0_mu0.02.csv
Age,30.0,l2,none,400.0,10000.0,5e-13,0.5887826955723221,65.46905074864968,12.140206056755916,38.19947626203844,0.5638004028150284,37,0.008025638531605,PGNN_ALL_RESULTS_May12/female_pgnn_target-AGE_l2_fw-none_80pct_knn30/age/results_knn30_l2_fw-none_K400_p10000.0_mu5e-13.csv
Age,30.0,l2,none,100.0,100.0,1.0000000000000001e-07,0.5958635306828701,66.2563964989263,12.286206589135238,38.65887076035219,0.5532456433223978,49,0.0082372966913313,PGNN_ALL_RESULTS_May12/female_pgnn_target-AGE_l2_fw-none_80pct_knn30/age/results_knn30_l2_fw-none_K100_p100.0_mu1e-07.csv
Age,30.0,l2,none,3200.0,1000000.0,1.7677669529663694e-18,0.5779106394958161,64.26014431106653,11.916033245204586,37.4941106402841,0.5797607959919034,67,0.0086249673641049,PGNN_ALL_RESULTS_May12/female_pgnn_target-AGE_l2_fw-none_80pct_knn30/age/results_knn30_l2_fw-none_K3200_p1000000.0_mu1.77e-18.csv
Age,30.0,l2,none,200.0,100.0,7.071067811865477e-08,0.5772251856048619,64.1839260120061,11.901899793502215,37.44963936440284,0.5807570876278074,40,0.0080741665917822,PGNN_ALL_RESULTS_May12/female_pgnn_target-AGE_l2_fw-none_80pct_knn30/age/results_knn30_l2_fw-none_K200_p100.0_mu7.07e-08.csv
Age,30.0,l2,none,80.0,10.0,3.535533905932738e-05,0.5686961488098236,63.23554905227108,11.726038408273524,36.89628691065976,0.5930549599035477,55,0.0083588383313389,PGNN_ALL_RESULTS_May12/female_pgnn_target-AGE_l2_fw-none_80pct_knn30/age/results_knn30_l2_fw-none_K80_p10.0_mu3.54e-05.csv
Age,25.0,l2,none,3200.0,1000000.0,1.7677669529663694e-18,0.4927469104379767,48.12444346931966,9.585060646596355,28.728927488353037,0.7681223667280198,120,0.0097655332711616,PGNN_ALL_RESULTS_May12/male_pgnn_target-AGE_l2_fw-none_80pct_knn25/age/results_knn25_l2_fw-none_K3200_p1000000.0_mu1.77e-18.csv
Age,25.0,l2,none,15.0,3.0,0.0081649658092772,0.5308132995139315,51.84222180615106,10.325538949896124,30.94833415321871,0.7309118144308099,94,0.0092611971691567,PGNN_ALL_RESULTS_May12/male_pgnn_target-AGE_l2_fw-none_80pct_knn25/age/results_knn25_l2_fw-none_K15_p3.0_mu0.00816.csv
Age,25.0,l2,none,15.0,5.0,0.0024494897427831,0.5518471875953131,53.89650999440721,10.734696443213789,32.17468590937723,0.7091636361266281,72,0.0087420158948829,PGNN_ALL_RESULTS_May12/male_pgnn_target-AGE_l2_fw-none_80pct_knn25/age/results_knn25_l2_fw-none_K15_p5.0_mu0.00245.csv
Age,25.0,l2,none,800.0,10000.0,3.5355339059327374e-13,0.5302400857248536,51.78623851330038,10.314388763002514,30.91491413402855,0.7314926656477554,84,0.0090279758085674,PGNN_ALL_RESULTS_May12/male_pgnn_target-AGE_l2_fw-none_80pct_knn25/age/results_knn25_l2_fw-none_K800_p10000.0_mu3.54e-13.csv
Age,25.0,l2,none,10.0,3.0,0.01,0.571092848433462,55.77614982048334,11.109068710178851,33.29677726673436,0.6885240761963787,50,0.0082569037570196,PGNN_ALL_RESULTS_May12/male_pgnn_target-AGE_l2_fw-none_80pct_knn25/age/results_knn25_l2_fw-none_K10_p3.0_mu0.01.csv
Age,25.0,l2,none,80.0,10.0,3.535533905932738e-05,0.5706342832109537,55.731363753518494,11.100148788017949,33.270041932821435,0.6890240813441619,50,0.0082569037570196,PGNN_ALL_RESULTS_May12/male_pgnn_target-AGE_l2_fw-none_80pct_knn25/age/results_knn25_l2_fw-none_K80_p10.0_mu3.54e-05.csv
Age,25.0,l2,none,30.0,5.0,0.0017320508075688,0.5437486345385742,53.10555960891235,10.577161260987786,31.70251186751112,0.7176372532832939,67,0.0086249673641049,PGNN_ALL_RESULTS_May12/male_pgnn_target-AGE_l2_fw-none_80pct_knn25/age/results_knn25_l2_fw-none_K30_p5.0_mu0.00173.csv
Age,25.0,l2,none,10.0,2.0,0.02,0.5234700690277544,51.1250404846079,10.182696032468908,30.52019666214832,0.7383054076786508,131,0.0099036200483983,PGNN_ALL_RESULTS_May12/male_pgnn_target-AGE_l2_fw-none_80pct_knn25/age/results_knn25_l2_fw-none_K10_p2.0_mu0.02.csv
Age,25.0,l2,none,100.0,100.0,1.0000000000000001e-07,0.5128697354883756,50.08975210153446,9.976495156851843,29.902158840369797,0.7487967908516868,184,0.0097023139142105,PGNN_ALL_RESULTS_May12/male_pgnn_target-AGE_l2_fw-none_80pct_knn25/age/results_knn25_l2_fw-none_K100_p100.0_mu1e-07.csv
Age,25.0,l2,none,1600.0,1000000.0,2.500000000000001e-18,0.5703242857423628,55.70108765165604,11.094118545692124,33.25196772328816,0.6893618653338505,69,0.008671485117228,PGNN_ALL_RESULTS_May12/male_pgnn_target-AGE_l2_fw-none_80pct_knn25/age/results_knn25_l2_fw-none_K1600_p1000000.0_mu2.5e-18.csv
Age,25.0,l2,none,400.0,10000.0,5e-13,0.492746390461968,48.12439268552881,9.58505012350084,28.7288959478903,0.7681228561100538,130,0.0098933973470633,PGNN_ALL_RESULTS_May12/male_pgnn_target-AGE_l2_fw-none_80pct_knn25/age/results_knn25_l2_fw-none_K400_p10000.0_mu5e-13.csv
Age,25.0,l2,none,40.0,10.0,5e-05,0.5434383821070777,53.07525860593396,10.571126154653168,31.68442307927447,0.717959382777237,70,0.0086949047439844,PGNN_ALL_RESULTS_May12/male_pgnn_target-AGE_l2_fw-none_80pct_knn25/age/results_knn25_l2_fw-none_K40_p10.0_mu5e-05.csv
Age,25.0,l2,none,200.0,100.0,7.071067811865477e-08,0.5332759495055587,52.08273809919376,10.3734429693849,31.09191499772619,0.7284092124390245,67,0.0086249673641049,PGNN_ALL_RESULTS_May12/male_pgnn_target-AGE_l2_fw-none_80pct_knn25/age/results_knn25_l2_fw-none_K200_p100.0_mu7.07e-08.csv
Age,25.0,l2,none,5.0,2.0,0.0282842712474619,0.4921595199609829,48.067075601138846,9.573633894636805,28.69467853150476,0.7686748675308193,128,0.0098715031251188,PGNN_ALL_RESULTS_May12/male_pgnn_target-AGE_l2_fw-none_80pct_knn25/age/results_knn25_l2_fw-none_K5_p2.0_mu0.0283.csv
Age,2.0,l2,none,100.0,100.0,1.0000000000000001e-07,0.5426122032876293,60.33517313096856,11.188209056509404,35.20399277168934,0.6295289308600072,84,0.0090279758085674,PGNN_ALL_RESULTS_May12/female_pgnn_target-AGE_l2_fw-none_80pct_knn2/age/results_knn2_l2_fw-none_K100_p100.0_mu1e-07.csv
Age,2.0,l2,none,5.0,2.0,0.0282842712474619,0.5515529035214868,61.329324558550695,11.37255859360364,35.784053417548826,0.6172197378929566,64,0.00855614025384,PGNN_ALL_RESULTS_May12/female_pgnn_target-AGE_l2_fw-none_80pct_knn2/age/results_knn2_l2_fw-none_K5_p2.0_mu0.0283.csv
Age,2.0,l2,none,15.0,5.0,0.0024494897427831,0.5721155407524304,63.61576461618545,11.79654316257212,37.1181319663037,0.5881465815545979,61,0.0084886799280466,PGNN_ALL_RESULTS_May12/female_pgnn_target-AGE_l2_fw-none_80pct_knn2/age/results_knn2_l2_fw-none_K15_p5.0_mu0.00245.csv
Age,2.0,l2,none,3200.0,1000000.0,1.7677669529663694e-18,0.5829840146052436,64.82427273230552,12.02064168957315,37.823263849775294,0.5723499980830719,61,0.0084886799280466,PGNN_ALL_RESULTS_May12/female_pgnn_target-AGE_l2_fw-none_80pct_knn2/age/results_knn2_l2_fw-none_K3200_p1000000.0_mu1.77e-18.csv
Age,2.0,l2,none,40.0,10.0,5e-05,0.5341364552351284,59.39272155493751,11.013446589400155,34.65409809258545,0.6410122533921385,112,0.0096329612111306,PGNN_ALL_RESULTS_May12/female_pgnn_target-AGE_l2_fw-none_80pct_knn2/age/results_knn2_l2_fw-none_K40_p10.0_mu5e-05.csv
Age,2.0,l2,none,80.0,10.0,3.535533905932738e-05,0.6029608548020133,67.04557572655992,12.432547631892076,39.119336683485415,0.5425396888421983,47,0.0081989226111178,PGNN_ALL_RESULTS_May12/female_pgnn_target-AGE_l2_fw-none_80pct_knn2/age/results_knn2_l2_fw-none_K80_p10.0_mu3.54e-05.csv
Age,2.0,l2,none,10.0,2.0,0.02,0.580879073557693,64.59021610445055,11.97723992286624,37.6866990543097,0.5754325969689643,80,0.0089325881917434,PGNN_ALL_RESULTS_May12/female_pgnn_target-AGE_l2_fw-none_80pct_knn2/age/results_knn2_l2_fw-none_K10_p2.0_mu0.02.csv
Age,2.0,l2,none,10.0,3.0,0.01,0.5678606102612068,63.14264225311886,11.708810154717058,36.84207775970384,0.5942498633275324,52,0.0082969208501282,PGNN_ALL_RESULTS_May12/female_pgnn_target-AGE_l2_fw-none_80pct_knn2/age/results_knn2_l2_fw-none_K10_p3.0_mu0.01.csv
Age,2.0,l2,none,200.0,100.0,7.071067811865477e-08,0.5444141604309907,60.53553979349581,11.225364092248546,35.32090206458744,0.6270642555184852,50,0.0082569037570196,PGNN_ALL_RESULTS_May12/female_pgnn_target-AGE_l2_fw-none_80pct_knn2/age/results_knn2_l2_fw-none_K200_p100.0_mu7.07e-08.csv
Age,2.0,l2,none,800.0,10000.0,3.5355339059327374e-13,0.5676117602965524,63.114971652254944,11.703679353978366,36.82593356082396,0.5946054040409549,61,0.0084886799280466,PGNN_ALL_RESULTS_May12/female_pgnn_target-AGE_l2_fw-none_80pct_knn2/age/results_knn2_l2_fw-none_K800_p10000.0_mu3.54e-13.csv
Age,2.0,l2,none,1600.0,1000000.0,2.500000000000001e-18,0.5450831875559434,60.609931536196704,11.239158941669036,35.3643079195221,0.6261470955542793,70,0.0086949047439844,PGNN_ALL_RESULTS_May12/female_pgnn_target-AGE_l2_fw-none_80pct_knn2/age/results_knn2_l2_fw-none_K1600_p1000000.0_mu2.5e-18.csv
Age,2.0,l2,none,30.0,5.0,0.0017320508075688,0.5736522603956071,63.786638483678765,11.828229303330454,37.21783323793574,0.5859311086589676,85,0.0090517171631665,PGNN_ALL_RESULTS_May12/female_pgnn_target-AGE_l2_fw-none_80pct_knn2/age/results_knn2_l2_fw-none_K30_p5.0_mu0.00173.csv
Age,2.0,l2,none,400.0,10000.0,5e-13,0.5719019936287081,63.59201947628012,11.792140478568976,37.10427880579875,0.5884539799472883,37,0.008025638531605,PGNN_ALL_RESULTS_May12/female_pgnn_target-AGE_l2_fw-none_80pct_knn2/age/results_knn2_l2_fw-none_K400_p10000.0_mu5e-13.csv
Age,2.0,l2,none,15.0,3.0,0.0081649658092772,0.5763211981711736,64.08340811360767,11.883260580196223,37.39099059164753,0.582069204864325,67,0.0086249673641049,PGNN_ALL_RESULTS_May12/female_pgnn_target-AGE_l2_fw-none_80pct_knn2/age/results_knn2_l2_fw-none_K15_p3.0_mu0.00816.csv
Age,10.0,l2,none,1600.0,1000000.0,2.500000000000001e-18,0.576546689363887,56.21712364352819,11.415119634494385,33.184587254331944,0.6839374164469594,74,0.0087894223403149,PGNN_ALL_RESULTS_May12/penn_data_pgnn_target-AGE_l2_fw-none_80pct_knn10/age/results_knn10_l2_fw-none_K1600_p1000000.0_mu2.5e-18.csv
Age,10.0,l2,none,3200.0,1000000.0,1.7677669529663694e-18,0.6011956442505441,58.620560121631655,11.903147184120575,34.60331901726063,0.6563346305814306,35,0.0079950520752105,PGNN_ALL_RESULTS_May12/penn_data_pgnn_target-AGE_l2_fw-none_80pct_knn10/age/results_knn10_l2_fw-none_K3200_p1000000.0_mu1.77e-18.csv
Age,10.0,l2,none,15.0,3.0,0.0081649658092772,0.6076818374337661,59.253006948374015,12.031568186879262,34.97664826021107,0.6488791389386254,35,0.0079950520752105,PGNN_ALL_RESULTS_May12/penn_data_pgnn_target-AGE_l2_fw-none_80pct_knn10/age/results_knn10_l2_fw-none_K15_p3.0_mu0.00816.csv
Age,10.0,l2,none,30.0,5.0,0.0017320508075688,0.6091494181754605,59.3961057980157,12.060624890758747,35.06111822251425,0.6471811436494707,39,0.0080576450044444,PGNN_ALL_RESULTS_May12/penn_data_pgnn_target-AGE_l2_fw-none_80pct_knn10/age/results_knn10_l2_fw-none_K30_p5.0_mu0.00173.csv
Age,10.0,l2,none,100.0,100.0,1.0000000000000001e-07,0.629467698302012,61.377272782702455,12.46290944286102,36.23058882359035,0.6232519457581046,32,0.0079519286647152,PGNN_ALL_RESULTS_May12/penn_data_pgnn_target-AGE_l2_fw-none_80pct_knn10/age/results_knn10_l2_fw-none_K100_p100.0_mu1e-07.csv
Age,10.0,l2,none,40.0,10.0,5e-05,0.6095975555158374,59.43980215901821,12.069497746322526,35.08691226226847,0.646661831117467,30,0.0079250757223036,PGNN_ALL_RESULTS_May12/penn_data_pgnn_target-AGE_l2_fw-none_80pct_knn10/age/results_knn10_l2_fw-none_K40_p10.0_mu5e-05.csv
Age,10.0,l2,none,200.0,100.0,7.071067811865477e-08,0.6083103762268102,59.31429364673716,12.044012872911498,35.01282587224779,0.648152419124093,65,0.0085789432410379,PGNN_ALL_RESULTS_May12/penn_data_pgnn_target-AGE_l2_fw-none_80pct_knn10/age/results_knn10_l2_fw-none_K200_p100.0_mu7.07e-08.csv
Age,10.0,l2,none,10.0,3.0,0.01,0.5700418518674846,55.58285887267368,11.28632937209578,32.810184546614366,0.6910290807474813,62,0.0085109993808483,PGNN_ALL_RESULTS_May12/penn_data_pgnn_target-AGE_l2_fw-none_80pct_knn10/age/results_knn10_l2_fw-none_K10_p3.0_mu0.01.csv
Age,10.0,l2,none,5.0,2.0,0.0282842712474619,0.5916185556120765,57.68673050112376,11.71352944808561,34.052086397025384,0.6671966463243002,41,0.0080910258923681,PGNN_ALL_RESULTS_May12/penn_data_pgnn_target-AGE_l2_fw-none_80pct_knn10/age/results_knn10_l2_fw-none_K5_p2.0_mu0.0283.csv
Age,10.0,l2,none,80.0,10.0,3.535533905932738e-05,0.5844283499974331,56.98563779602684,11.571169300406297,33.63823504080059,0.6752369059716086,64,0.00855614025384,PGNN_ALL_RESULTS_May12/penn_data_pgnn_target-AGE_l2_fw-none_80pct_knn10/age/results_knn10_l2_fw-none_K80_p10.0_mu3.54e-05.csv
Age,10.0,l2,none,800.0,10000.0,3.5355339059327374e-13,0.5873572955913087,57.27122940488291,11.629160253057968,33.80681897945823,0.671973556396418,87,0.0090989970417043,PGNN_ALL_RESULTS_May12/penn_data_pgnn_target-AGE_l2_fw-none_80pct_knn10/age/results_knn10_l2_fw-none_K800_p10000.0_mu3.54e-13.csv
Age,10.0,l2,none,10.0,2.0,0.02,0.6005405516357857,58.556684249649,11.890177016459631,34.5656137917151,0.6570831722242506,28,0.0078997831519332,PGNN_ALL_RESULTS_May12/penn_data_pgnn_target-AGE_l2_fw-none_80pct_knn10/age/results_knn10_l2_fw-none_K10_p2.0_mu0.02.csv
Age,10.0,l2,none,15.0,5.0,0.0024494897427831,0.576310136011318,56.19405812374465,11.410436180946766,33.17097211249558,0.6841967200808456,32,0.0079519286647152,PGNN_ALL_RESULTS_May12/penn_data_pgnn_target-AGE_l2_fw-none_80pct_knn10/age/results_knn10_l2_fw-none_K15_p5.0_mu0.00245.csv
Age,10.0,l2,none,400.0,10000.0,5e-13,0.5749148293126336,56.05800647233871,11.382810179673836,33.09066130725798,0.6857240540071092,90,0.0091692456553619,PGNN_ALL_RESULTS_May12/penn_data_pgnn_target-AGE_l2_fw-none_80pct_knn10/age/results_knn10_l2_fw-none_K400_p10000.0_mu5e-13.csv
Age,15.0,l2,none,400.0,10000.0,5e-13,0.5591132112670218,54.51724397759945,11.06995199096898,32.18115968189299,0.7027624800533663,87,0.0090989970417043,PGNN_ALL_RESULTS_May12/penn_data_pgnn_target-AGE_l2_fw-none_80pct_knn15/age/results_knn15_l2_fw-none_K400_p10000.0_mu5e-13.csv
Age,15.0,l2,none,800.0,10000.0,3.5355339059327374e-13,0.5715177426275629,55.72676800418775,11.315550858698744,32.895133544340766,0.6894271013636697,48,0.0082179672183702,PGNN_ALL_RESULTS_May12/penn_data_pgnn_target-AGE_l2_fw-none_80pct_knn15/age/results_knn15_l2_fw-none_K800_p10000.0_mu3.54e-13.csv
Age,15.0,l2,none,5.0,2.0,0.0282842712474619,0.6061408692551549,59.10275233721094,12.001058487611576,34.88795433409639,0.650657635576049,126,0.0098477168001498,PGNN_ALL_RESULTS_May12/penn_data_pgnn_target-AGE_l2_fw-none_80pct_knn15/age/results_knn15_l2_fw-none_K5_p2.0_mu0.0283.csv
Age,15.0,l2,none,10.0,3.0,0.01,0.583961443071942,56.94011127606831,11.561924973739622,33.611361107394686,0.6757556130691232,44,0.0081435685141446,PGNN_ALL_RESULTS_May12/penn_data_pgnn_target-AGE_l2_fw-none_80pct_knn15/age/results_knn15_l2_fw-none_K10_p3.0_mu0.01.csv
Age,15.0,l2,none,15.0,5.0,0.0024494897427831,0.6101017807327694,59.488967459743,12.079481044043646,35.115934438550475,0.6460770659847963,45,0.0081617163535314,PGNN_ALL_RESULTS_May12/penn_data_pgnn_target-AGE_l2_fw-none_80pct_knn15/age/results_knn15_l2_fw-none_K15_p5.0_mu0.00245.csv
Age,15.0,l2,none,30.0,5.0,0.0017320508075688,0.5758122347211058,56.1455094477909,11.400577745802847,33.14231292085331,0.684742158821898,77,0.0088609061729741,PGNN_ALL_RESULTS_May12/penn_data_pgnn_target-AGE_l2_fw-none_80pct_knn15/age/results_knn15_l2_fw-none_K30_p5.0_mu0.00173.csv
Age,15.0,l2,none,1600.0,1000000.0,2.500000000000001e-18,0.6010252565772148,58.60394619412918,11.899773858737973,34.59351251377397,0.6565294026008066,25,0.0078648450115282,PGNN_ALL_RESULTS_May12/penn_data_pgnn_target-AGE_l2_fw-none_80pct_knn15/age/results_knn15_l2_fw-none_K1600_p1000000.0_mu2.5e-18.csv
Age,15.0,l2,none,200.0,100.0,7.071067811865477e-08,0.6063096639218396,59.1192109360069,12.004400461102977,34.89766969534342,0.6504630427301658,39,0.0080576450044444,PGNN_ALL_RESULTS_May12/penn_data_pgnn_target-AGE_l2_fw-none_80pct_knn15/age/results_knn15_l2_fw-none_K200_p100.0_mu7.07e-08.csv
Age,15.0,l2,none,3200.0,1000000.0,1.7677669529663694e-18,0.5984149134330224,58.34942043585797,11.84809137713582,34.44326776162399,0.6595064127242647,64,0.00855614025384,PGNN_ALL_RESULTS_May12/penn_data_pgnn_target-AGE_l2_fw-none_80pct_knn15/age/results_knn15_l2_fw-none_K3200_p1000000.0_mu1.77e-18.csv
Age,15.0,l2,none,80.0,10.0,3.535533905932738e-05,0.5836997859483747,56.91459797222119,11.5567445879072,33.59630134707929,0.6760461180234911,42,0.0081082168258816,PGNN_ALL_RESULTS_May12/penn_data_pgnn_target-AGE_l2_fw-none_80pct_knn15/age/results_knn15_l2_fw-none_K80_p10.0_mu3.54e-05.csv
Age,15.0,l2,none,40.0,10.0,5e-05,0.5577835683044376,54.38759497569153,11.043626178932476,32.10462862181311,0.7041745369569995,89,0.0091459335569017,PGNN_ALL_RESULTS_May12/penn_data_pgnn_target-AGE_l2_fw-none_80pct_knn15/age/results_knn15_l2_fw-none_K40_p10.0_mu5e-05.csv
Age,15.0,l2,none,100.0,100.0,1.0000000000000001e-07,0.573825590726684,55.95179849058586,11.361244190288316,33.02796739958073,0.6869137857272032,30,0.0079250757223036,PGNN_ALL_RESULTS_May12/penn_data_pgnn_target-AGE_l2_fw-none_80pct_knn15/age/results_knn15_l2_fw-none_K100_p100.0_mu1e-07.csv
Age,15.0,l2,none,15.0,3.0,0.0081649658092772,0.5967134119994851,58.18351276830317,11.814403045478198,34.345333318784945,0.6614399430116189,53,0.0083173156107196,PGNN_ALL_RESULTS_May12/penn_data_pgnn_target-AGE_l2_fw-none_80pct_knn15/age/results_knn15_l2_fw-none_K15_p3.0_mu0.00816.csv
Age,15.0,l2,none,10.0,2.0,0.02,0.6033842375414538,58.83396247379192,11.946479579055335,34.729289457054044,0.6538279165642761,38,0.008041467058907,PGNN_ALL_RESULTS_May12/penn_data_pgnn_target-AGE_l2_fw-none_80pct_knn15/age/results_knn15_l2_fw-none_K10_p2.0_mu0.02.csv
Age,2.0,l2,none,100.0,100.0,1.0000000000000001e-07,0.5525628827610037,53.966408822411886,10.748618523588243,32.21641401651309,0.7084087707937792,89,0.0091459335569017,PGNN_ALL_RESULTS_May12/male_pgnn_target-AGE_l2_fw-none_80pct_knn2/age/results_knn2_l2_fw-none_K100_p100.0_mu1e-07.csv
Age,2.0,l2,none,5.0,2.0,0.0282842712474619,0.5282920592673161,51.59598325822599,10.276495039696515,30.801336758854784,0.7334619568522935,104,0.0094781926034759,PGNN_ALL_RESULTS_May12/male_pgnn_target-AGE_l2_fw-none_80pct_knn2/age/results_knn2_l2_fw-none_K5_p2.0_mu0.0283.csv
Age,2.0,l2,none,15.0,5.0,0.0024494897427831,0.5660011753491943,55.27886829863616,11.010024075688124,32.99991465654264,0.6940533478548535,58,0.0084228335616671,PGNN_ALL_RESULTS_May12/male_pgnn_target-AGE_l2_fw-none_80pct_knn2/age/results_knn2_l2_fw-none_K15_p5.0_mu0.00245.csv
Age,2.0,l2,none,3200.0,1000000.0,1.7677669529663694e-18,0.5379640388678039,52.54060335763232,10.464637258677245,31.36524807521297,0.7236130520641215,93,0.0092384257269977,PGNN_ALL_RESULTS_May12/male_pgnn_target-AGE_l2_fw-none_80pct_knn2/age/results_knn2_l2_fw-none_K3200_p1000000.0_mu1.77e-18.csv
Age,2.0,l2,none,40.0,10.0,5e-05,0.5805994076555818,56.70461403239692,11.293993106856652,33.8510439301248,0.6780679493328923,28,0.0078997831519332,PGNN_ALL_RESULTS_May12/male_pgnn_target-AGE_l2_fw-none_80pct_knn2/age/results_knn2_l2_fw-none_K40_p10.0_mu5e-05.csv
Age,2.0,l2,none,80.0,10.0,3.535533905932738e-05,0.5091531992970132,49.72677420749972,9.9042002146102,29.6854720368103,0.7524243127863575,140,0.0099729822694463,PGNN_ALL_RESULTS_May12/male_pgnn_target-AGE_l2_fw-none_80pct_knn2/age/results_knn2_l2_fw-none_K80_p10.0_mu3.54e-05.csv
Age,2.0,l2,none,10.0,2.0,0.02,0.5636576615601205,55.04998751932979,10.96443758496756,32.8632800503939,0.6965816318554675,22,0.007833601469858,PGNN_ALL_RESULTS_May12/male_pgnn_target-AGE_l2_fw-none_80pct_knn2/age/results_knn2_l2_fw-none_K10_p2.0_mu0.02.csv
Age,2.0,l2,none,10.0,3.0,0.01,0.5103165715167559,49.84039570250416,9.926830067304534,29.75329960943588,0.7512916410051445,143,0.0099867304449397,PGNN_ALL_RESULTS_May12/male_pgnn_target-AGE_l2_fw-none_80pct_knn2/age/results_knn2_l2_fw-none_K10_p3.0_mu0.01.csv
Age,2.0,l2,none,200.0,100.0,7.071067811865477e-08,0.4753824099006973,46.42852837218288,9.247280945254063,27.7165135971226,0.7841772335869432,148,0.0099989145419203,PGNN_ALL_RESULTS_May12/male_pgnn_target-AGE_l2_fw-none_80pct_knn2/age/results_knn2_l2_fw-none_K200_p100.0_mu7.07e-08.csv
Age,2.0,l2,none,800.0,10000.0,3.5355339059327374e-13,0.4966261901033614,48.50331580926502,9.660520911467788,28.955101589662764,0.7644569595372241,101,0.0094154404840178,PGNN_ALL_RESULTS_May12/male_pgnn_target-AGE_l2_fw-none_80pct_knn2/age/results_knn2_l2_fw-none_K800_p10000.0_mu3.54e-13.csv
Age,2.0,l2,none,1600.0,1000000.0,2.500000000000001e-18,0.5061526473269989,49.4337233722761,9.845832662355688,29.51052925468111,0.7553337506029261,116,0.0097023139142105,PGNN_ALL_RESULTS_May12/male_pgnn_target-AGE_l2_fw-none_80pct_knn2/age/results_knn2_l2_fw-none_K1600_p1000000.0_mu2.5e-18.csv
Age,2.0,l2,none,30.0,5.0,0.0017320508075688,0.5208359568592124,50.86777822793709,10.131456855488471,30.366619480499864,0.7409324864060058,70,0.0086949047439844,PGNN_ALL_RESULTS_May12/male_pgnn_target-AGE_l2_fw-none_80pct_knn2/age/results_knn2_l2_fw-none_K30_p5.0_mu0.00173.csv
Age,2.0,l2,none,400.0,10000.0,5e-13,0.4779952011909913,46.68370831158649,9.298105345852058,27.868847585738237,0.7817983088204886,127,0.0098598433792501,PGNN_ALL_RESULTS_May12/male_pgnn_target-AGE_l2_fw-none_80pct_knn2/age/results_knn2_l2_fw-none_K400_p10000.0_mu5e-13.csv
Age,2.0,l2,none,15.0,3.0,0.0081649658092772,0.5249621674434737,51.27076723466325,10.21172076594375,30.6071913608896,0.7368114136065544,88,0.009122513696999,PGNN_ALL_RESULTS_May12/male_pgnn_target-AGE_l2_fw-none_80pct_knn2/age/results_knn2_l2_fw-none_K15_p3.0_mu0.00816.csv
Age,5.0,l2,none,200.0,100.0,7.071067811865477e-08,0.5330993275689646,52.065488204322754,10.370007368327473,31.081617605012998,0.7285890853442769,100,0.0093940336813573,PGNN_ALL_RESULTS_May12/male_pgnn_target-AGE_l2_fw-none_80pct_knn5/age/results_knn5_l2_fw-none_K200_p100.0_mu7.07e-08.csv
Age,5.0,l2,none,1600.0,1000000.0,2.500000000000001e-18,0.5259924570725806,51.3713911329824,10.231762752689496,30.66726242409623,0.7357773331437161,110,0.0095961628708421,PGNN_ALL_RESULTS_May12/male_pgnn_target-AGE_l2_fw-none_80pct_knn5/age/results_knn5_l2_fw-none_K1600_p1000000.0_mu2.5e-18.csv
Age,5.0,l2,none,15.0,5.0,0.0024494897427831,0.5320878872479347,51.96670523578271,10.350332707684084,31.022647513970064,0.7296179950098653,104,0.0094781926034759,PGNN_ALL_RESULTS_May12/male_pgnn_target-AGE_l2_fw-none_80pct_knn5/age/results_knn5_l2_fw-none_K15_p5.0_mu0.00245.csv
Age,5.0,l2,none,800.0,10000.0,3.5355339059327374e-13,0.5048427663609395,49.30579300646897,9.820351953263842,29.434156921647265,0.756598463816524,139,0.0099673398709189,PGNN_ALL_RESULTS_May12/male_pgnn_target-AGE_l2_fw-none_80pct_knn5/age/results_knn5_l2_fw-none_K800_p10000.0_mu3.54e-13.csv
Age,5.0,l2,none,3200.0,1000000.0,1.7677669529663694e-18,0.580335552302966,56.67884442992544,11.288860691356916,33.83566074183122,0.678360489050291,33,0.0079659287950588,PGNN_ALL_RESULTS_May12/male_pgnn_target-AGE_l2_fw-none_80pct_knn5/age/results_knn5_l2_fw-none_K3200_p1000000.0_mu1.77e-18.csv
Age,5.0,l2,none,5.0,2.0,0.0282842712474619,0.5699068957225911,55.66032298731079,11.085999261984012,33.22763211170384,0.6898163780235047,36,0.0080101650465708,PGNN_ALL_RESULTS_May12/male_pgnn_target-AGE_l2_fw-none_80pct_knn5/age/results_knn5_l2_fw-none_K5_p2.0_mu0.0283.csv
Age,5.0,l2,none,15.0,3.0,0.0081649658092772,0.5390644350159368,52.648074254157294,10.48604236816568,31.429404772916488,0.722481206206455,87,0.0090989970417043,PGNN_ALL_RESULTS_May12/male_pgnn_target-AGE_l2_fw-none_80pct_knn5/age/results_knn5_l2_fw-none_K15_p3.0_mu0.00816.csv
Age,5.0,l2,none,400.0,10000.0,5e-13,0.504328816992604,49.25559781133203,9.81035471681775,29.404192595751667,0.7570937958200686,167,0.0099225890737155,PGNN_ALL_RESULTS_May12/male_pgnn_target-AGE_l2_fw-none_80pct_knn5/age/results_knn5_l2_fw-none_K400_p10000.0_mu5e-13.csv
Age,5.0,l2,none,30.0,5.0,0.0017320508075688,0.5070911427715801,49.52538213260971,9.86408826160728,29.565246048501468,0.7544256014988557,157,0.0099867304449397,PGNN_ALL_RESULTS_May12/male_pgnn_target-AGE_l2_fw-none_80pct_knn5/age/results_knn5_l2_fw-none_K30_p5.0_mu0.00173.csv
Age,5.0,l2,none,10.0,2.0,0.02,0.4842318243767164,47.29281212042439,9.419421994202104,28.23246523220729,0.7760672073916852,200,0.0093940336813573,PGNN_ALL_RESULTS_May12/male_pgnn_target-AGE_l2_fw-none_80pct_knn5/age/results_knn5_l2_fw-none_K10_p2.0_mu0.02.csv
Age,5.0,l2,none,80.0,10.0,3.535533905932738e-05,0.5313682196876292,51.89641844130674,10.336333520554955,30.980688297773405,0.7303489027073005,77,0.0088609061729741,PGNN_ALL_RESULTS_May12/male_pgnn_target-AGE_l2_fw-none_80pct_knn5/age/results_knn5_l2_fw-none_K80_p10.0_mu3.54e-05.csv
Age,5.0,l2,none,100.0,100.0,1.0000000000000001e-07,0.5473670716010074,53.45895658851711,10.64754803084839,31.91347938060481,0.7138667192115862,59,0.0084445881687844,PGNN_ALL_RESULTS_May12/male_pgnn_target-AGE_l2_fw-none_80pct_knn5/age/results_knn5_l2_fw-none_K100_p100.0_mu1e-07.csv
Age,5.0,l2,none,10.0,3.0,0.01,0.5971848496176448,58.32444187344322,11.616618251391309,34.818035660797555,0.6594125807874587,19,0.0078061467165669,PGNN_ALL_RESULTS_May12/male_pgnn_target-AGE_l2_fw-none_80pct_knn5/age/results_knn5_l2_fw-none_K10_p3.0_mu0.01.csv
Age,5.0,l2,none,40.0,10.0,5e-05,0.5539456692548018,54.10145955340841,10.775516704188604,32.29703488147452,0.7069475328431125,66,0.0086018887790109,PGNN_ALL_RESULTS_May12/male_pgnn_target-AGE_l2_fw-none_80pct_knn5/age/results_knn5_l2_fw-none_K40_p10.0_mu5e-05.csv
Age,30.0,l2,none,40.0,10.0,5e-05,0.6043058593110163,59.01991985853811,11.755138284725138,35.23321634040494,0.6512416217578423,16,0.0077825627087219,PGNN_ALL_RESULTS_May12/male_pgnn_target-AGE_l2_fw-none_80pct_knn30/age/results_knn30_l2_fw-none_K40_p10.0_mu5e-05.csv
Age,30.0,l2,none,15.0,5.0,0.0024494897427831,0.5180521410373947,50.59589506782354,10.077305008509482,30.20431226695372,0.7436944650024746,125,0.0098351298783183,PGNN_ALL_RESULTS_May12/male_pgnn_target-AGE_l2_fw-none_80pct_knn30/age/results_knn30_l2_fw-none_K15_p5.0_mu0.00245.csv
Age,30.0,l2,none,5.0,2.0,0.0282842712474619,0.5278415672196555,51.55198566306753,10.267732064760658,30.775071836722663,0.7339163345833805,77,0.0088609061729741,PGNN_ALL_RESULTS_May12/male_pgnn_target-AGE_l2_fw-none_80pct_knn30/age/results_knn30_l2_fw-none_K5_p2.0_mu0.0283.csv
Age,30.0,l2,none,1600.0,1000000.0,2.500000000000001e-18,0.5644743715521702,55.12975202522651,10.980324131918453,32.91089617638623,0.6957017206684182,45,0.0081617163535314,PGNN_ALL_RESULTS_May12/male_pgnn_target-AGE_l2_fw-none_80pct_knn30/age/results_knn30_l2_fw-none_K1600_p1000000.0_mu2.5e-18.csv
Age,30.0,l2,none,15.0,3.0,0.0081649658092772,0.5513726642245373,53.85016536464287,10.725466076885247,32.14702009329941,0.7096635908940496,44,0.0081435685141446,PGNN_ALL_RESULTS_May12/male_pgnn_target-AGE_l2_fw-none_80pct_knn30/age/results_knn30_l2_fw-none_K15_p3.0_mu0.00816.csv
Age,30.0,l2,none,30.0,5.0,0.0017320508075688,0.5483510405954216,53.55505655230006,10.666687926935586,31.97084664275343,0.712837065253122,116,0.0097023139142105,PGNN_ALL_RESULTS_May12/male_pgnn_target-AGE_l2_fw-none_80pct_knn30/age/results_knn30_l2_fw-none_K30_p5.0_mu0.00173.csv
Age,30.0,l2,none,800.0,10000.0,3.5355339059327374e-13,0.5150973865412486,50.30731707229819,10.01982812877982,30.03203906275688,0.7466098480411466,92,0.0092155026994788,PGNN_ALL_RESULTS_May12/male_pgnn_target-AGE_l2_fw-none_80pct_knn30/age/results_knn30_l2_fw-none_K800_p10000.0_mu3.54e-13.csv
Age,30.0,l2,none,10.0,3.0,0.01,0.483616054022475,47.23267251330552,9.407443947232846,28.19656390038273,0.7766363707298664,174,0.0098477168001498,PGNN_ALL_RESULTS_May12/male_pgnn_target-AGE_l2_fw-none_80pct_knn30/age/results_knn30_l2_fw-none_K10_p3.0_mu0.01.csv
Age,30.0,l2,none,10.0,2.0,0.02,0.5247154032791554,51.246666854073496,10.20692123349304,30.59280590994272,0.737058784756077,99,0.0093723997248121,PGNN_ALL_RESULTS_May12/male_pgnn_target-AGE_l2_fw-none_80pct_knn30/age/results_knn30_l2_fw-none_K10_p2.0_mu0.02.csv
Age,30.0,l2,none,400.0,10000.0,5e-13,0.5073701111332679,49.55262775681837,9.869515044474042,29.58151153259411,0.7541553292499025,174,0.0098477168001498,PGNN_ALL_RESULTS_May12/male_pgnn_target-AGE_l2_fw-none_80pct_knn30/age/results_knn30_l2_fw-none_K400_p10000.0_mu5e-13.csv
Age,30.0,l2,none,100.0,100.0,1.0000000000000001e-07,0.6136338626452218,59.93094529498293,11.936589271075356,35.77707228683514,0.6403917269749488,22,0.007833601469858,PGNN_ALL_RESULTS_May12/male_pgnn_target-AGE_l2_fw-none_80pct_knn30/age/results_knn30_l2_fw-none_K100_p100.0_mu1e-07.csv
Age,30.0,l2,none,3200.0,1000000.0,1.7677669529663694e-18,0.5464035365825154,53.3648523221161,10.628804908735356,31.8573013535746,0.7148731983815222,94,0.0092611971691567,PGNN_ALL_RESULTS_May12/male_pgnn_target-AGE_l2_fw-none_80pct_knn30/age/results_knn30_l2_fw-none_K3200_p1000000.0_mu1.77e-18.csv
Age,30.0,l2,none,200.0,100.0,7.071067811865477e-08,0.5174413137913272,50.536238232539134,10.065423132751492,30.16869918534029,0.7442985204397818,139,0.0099673398709189,PGNN_ALL_RESULTS_May12/male_pgnn_target-AGE_l2_fw-none_80pct_knn30/age/results_knn30_l2_fw-none_K200_p100.0_mu7.07e-08.csv
Age,30.0,l2,none,80.0,10.0,3.535533905932738e-05,0.568707875421458,55.54321989954276,11.062675629376317,33.157725099671595,0.6911201882680258,36,0.0080101650465708,PGNN_ALL_RESULTS_May12/male_pgnn_target-AGE_l2_fw-none_80pct_knn30/age/results_knn30_l2_fw-none_K80_p10.0_mu3.54e-05.csv
Age,40.0,l2,none,100.0,100.0,1.0000000000000001e-07,0.5678442629536635,63.14082453205605,11.708473428416436,36.84101824158138,0.5942732240843003,29,0.0079122321709504,PGNN_ALL_RESULTS_May12/female_pgnn_target-AGE_l2_fw-none_80pct_knn40/age/results_knn40_l2_fw-none_K100_p100.0_mu1e-07.csv
Age,40.0,l2,none,200.0,100.0,7.071067811865477e-08,0.5299694860189611,58.92937995007574,10.927527036599871,34.38374996980272,0.6465915614996804,73,0.0087656872931931,PGNN_ALL_RESULTS_May12/female_pgnn_target-AGE_l2_fw-none_80pct_knn40/age/results_knn40_l2_fw-none_K200_p100.0_mu7.07e-08.csv
Age,40.0,l2,none,10.0,2.0,0.02,0.5917133643850331,65.79492327627271,12.200633828258258,38.38961382743726,0.5594472243731359,45,0.0081617163535314,PGNN_ALL_RESULTS_May12/female_pgnn_target-AGE_l2_fw-none_80pct_knn40/age/results_knn40_l2_fw-none_K10_p2.0_mu0.02.csv
Age,40.0,l2,none,15.0,3.0,0.0081649658092772,0.5982423625834496,66.52090812196265,12.335256412218715,38.81320731310714,0.5496714192069816,33,0.0079659287950588,PGNN_ALL_RESULTS_May12/female_pgnn_target-AGE_l2_fw-none_80pct_knn40/age/results_knn40_l2_fw-none_K15_p3.0_mu0.00816.csv
Age,40.0,l2,none,10.0,3.0,0.01,0.5796587003068474,64.45451802960439,11.952076847773576,37.60752277960823,0.5772146767616124,30,0.0079250757223036,PGNN_ALL_RESULTS_May12/female_pgnn_target-AGE_l2_fw-none_80pct_knn40/age/results_knn40_l2_fw-none_K10_p3.0_mu0.01.csv
Age,40.0,l2,none,5.0,2.0,0.0282842712474619,0.5545082697638475,61.65794328997229,11.433496324414538,35.97579558326586,0.6131066722501193,36,0.0080101650465708,PGNN_ALL_RESULTS_May12/female_pgnn_target-AGE_l2_fw-none_80pct_knn40/age/results_knn40_l2_fw-none_K5_p2.0_mu0.0283.csv
Age,40.0,l2,none,40.0,10.0,5e-05,0.5919276755318751,65.81875337089694,12.20505275224365,38.40351808747161,0.5591280412202668,65,0.0085789432410379,PGNN_ALL_RESULTS_May12/female_pgnn_target-AGE_l2_fw-none_80pct_knn40/age/results_knn40_l2_fw-none_K40_p10.0_mu5e-05.csv
Age,40.0,l2,none,80.0,10.0,3.535533905932738e-05,0.5247745884321089,58.3517389692771,10.820412608738817,34.0467116176305,0.6534860058354561,35,0.0079950520752105,PGNN_ALL_RESULTS_May12/female_pgnn_target-AGE_l2_fw-none_80pct_knn40/age/results_knn40_l2_fw-none_K80_p10.0_mu3.54e-05.csv
Age,40.0,l2,none,30.0,5.0,0.0017320508075688,0.5768245755333357,64.13938061129984,11.893639715543824,37.42364881280766,0.5813388177925125,25,0.0078648450115282,PGNN_ALL_RESULTS_May12/female_pgnn_target-AGE_l2_fw-none_80pct_knn40/age/results_knn40_l2_fw-none_K30_p5.0_mu0.00173.csv
Age,40.0,l2,none,1600.0,1000000.0,2.500000000000001e-18,0.595019700523634,66.16256772315943,12.268808115428106,38.6041260072348,0.5545100867650667,58,0.0084228335616671,PGNN_ALL_RESULTS_May12/female_pgnn_target-AGE_l2_fw-none_80pct_knn40/age/results_knn40_l2_fw-none_K1600_p1000000.0_mu2.5e-18.csv
Age,40.0,l2,none,400.0,10000.0,5e-13,0.5548302390965387,61.69374431935034,11.440135055128536,35.99668452329981,0.6126572508155499,74,0.0087894223403149,PGNN_ALL_RESULTS_May12/female_pgnn_target-AGE_l2_fw-none_80pct_knn40/age/results_knn40_l2_fw-none_K400_p10000.0_mu5e-13.csv
Age,40.0,l2,none,3200.0,1000000.0,1.7677669529663694e-18,0.5452544820806425,60.62897844435964,11.242690936854562,35.37542143486248,0.6259120891578875,74,0.0087894223403149,PGNN_ALL_RESULTS_May12/female_pgnn_target-AGE_l2_fw-none_80pct_knn40/age/results_knn40_l2_fw-none_K3200_p1000000.0_mu1.77e-18.csv
Age,40.0,l2,none,15.0,5.0,0.0024494897427831,0.5767615122065703,64.13236835334556,11.89233925194465,37.41955687003881,0.5814303559301147,28,0.0078997831519332,PGNN_ALL_RESULTS_May12/female_pgnn_target-AGE_l2_fw-none_80pct_knn40/age/results_knn40_l2_fw-none_K15_p5.0_mu0.00245.csv
Age,40.0,l2,none,800.0,10000.0,3.5355339059327374e-13,0.610934269617068,67.93217090520972,12.596952918665623,39.63664222344904,0.5303609950557227,29,0.0079122321709504,PGNN_ALL_RESULTS_May12/female_pgnn_target-AGE_l2_fw-none_80pct_knn40/age/results_knn40_l2_fw-none_K800_p10000.0_mu3.54e-13.csv
Age,35.0,l2,none,15.0,3.0,0.0081649658092772,0.4879388274274829,47.65485895416026,9.491531801135892,28.44859713694756,0.7726254798362584,119,0.0097503332389233,PGNN_ALL_RESULTS_May12/male_pgnn_target-AGE_l2_fw-none_80pct_knn35/age/results_knn35_l2_fw-none_K15_p3.0_mu0.00816.csv
Age,35.0,l2,none,5.0,2.0,0.0282842712474619,0.5125886595475813,50.06230063925879,9.971027353553758,29.885770407342285,0.7490720569689289,76,0.0088370421783673,PGNN_ALL_RESULTS_May12/male_pgnn_target-AGE_l2_fw-none_80pct_knn35/age/results_knn35_l2_fw-none_K5_p2.0_mu0.0283.csv
Age,35.0,l2,none,400.0,10000.0,5e-13,0.5926024399619406,57.87689789141564,11.527479762007015,34.55086435199087,0.6646194213044077,22,0.007833601469858,PGNN_ALL_RESULTS_May12/male_pgnn_target-AGE_l2_fw-none_80pct_knn35/age/results_knn35_l2_fw-none_K400_p10000.0_mu5e-13.csv
Age,35.0,l2,none,3200.0,1000000.0,1.7677669529663694e-18,0.5061212010848295,49.43065215483861,9.84522078920876,29.508695311222816,0.7553641508988396,93,0.0092384257269977,PGNN_ALL_RESULTS_May12/male_pgnn_target-AGE_l2_fw-none_80pct_knn35/age/results_knn35_l2_fw-none_K3200_p1000000.0_mu1.77e-18.csv
Age,35.0,l2,none,40.0,10.0,5e-05,0.5038691239137372,49.21070159155158,9.80141269892925,29.377391035178388,0.7575364094773223,132,0.0099133523761934,PGNN_ALL_RESULTS_May12/male_pgnn_target-AGE_l2_fw-none_80pct_knn35/age/results_knn35_l2_fw-none_K40_p10.0_mu5e-05.csv
Age,35.0,l2,none,80.0,10.0,3.535533905932738e-05,0.5057950823227519,49.39880155649405,9.838877183714931,29.48968187051896,0.7556793111288429,217,0.0090041813844477,PGNN_ALL_RESULTS_May12/male_pgnn_target-AGE_l2_fw-none_80pct_knn35/age/results_knn35_l2_fw-none_K80_p10.0_mu3.54e-05.csv
Age,35.0,l2,none,800.0,10000.0,3.5355339059327374e-13,0.5059904704187516,49.41788426037574,9.842677806121207,29.50107332744827,0.7554905130312541,166,0.0099313251441108,PGNN_ALL_RESULTS_May12/male_pgnn_target-AGE_l2_fw-none_80pct_knn35/age/results_knn35_l2_fw-none_K800_p10000.0_mu3.54e-13.csv
Age,35.0,l2,none,10.0,3.0,0.01,0.5300675595150979,51.76938863022149,10.311032789360608,30.904855405454374,0.7316673677026826,101,0.0094154404840178,PGNN_ALL_RESULTS_May12/male_pgnn_target-AGE_l2_fw-none_80pct_knn35/age/results_knn35_l2_fw-none_K10_p3.0_mu0.01.csv
Age,35.0,l2,none,200.0,100.0,7.071067811865477e-08,0.5437532737176934,53.106012697320494,10.577251420795196,31.702782099976503,0.7176324351123102,98,0.009350549257611,PGNN_ALL_RESULTS_May12/male_pgnn_target-AGE_l2_fw-none_80pct_knn35/age/results_knn35_l2_fw-none_K200_p100.0_mu7.07e-08.csv
Age,35.0,l2,none,100.0,100.0,1.0000000000000001e-07,0.5190200684795719,50.690428323104754,10.096133502203418,30.26074617488524,0.7427358089054878,132,0.0099133523761934,PGNN_ALL_RESULTS_May12/male_pgnn_target-AGE_l2_fw-none_80pct_knn35/age/results_knn35_l2_fw-none_K100_p100.0_mu1e-07.csv
Age,35.0,l2,none,10.0,2.0,0.02,0.5146181003854239,50.2605072820732,10.010504674737415,30.00409423851413,0.7470811759628342,69,0.008671485117228,PGNN_ALL_RESULTS_May12/male_pgnn_target-AGE_l2_fw-none_80pct_knn35/age/results_knn35_l2_fw-none_K10_p2.0_mu0.02.csv
Age,35.0,l2,none,1600.0,1000000.0,2.500000000000001e-18,0.5402875061923819,52.76752628610908,10.509834280205103,31.50071534057915,0.7212204652905914,108,0.00955804983431,PGNN_ALL_RESULTS_May12/male_pgnn_target-AGE_l2_fw-none_80pct_knn35/age/results_knn35_l2_fw-none_K1600_p1000000.0_mu2.5e-18.csv
Age,35.0,l2,none,15.0,5.0,0.0024494897427831,0.5243760698888651,51.213525640577565,10.200320089851491,30.57302056021877,0.737398762895258,99,0.0093723997248121,PGNN_ALL_RESULTS_May12/male_pgnn_target-AGE_l2_fw-none_80pct_knn35/age/results_knn35_l2_fw-none_K15_p5.0_mu0.00245.csv
Age,35.0,l2,none,30.0,5.0,0.0017320508075688,0.5187524470341716,50.66429090276273,10.090927425036856,30.245142203357936,0.7430010459107472,103,0.0094575304037343,PGNN_ALL_RESULTS_May12/male_pgnn_target-AGE_l2_fw-none_80pct_knn35/age/results_knn35_l2_fw-none_K30_p5.0_mu0.00173.csv
Age,40.0,l2,none,100.0,100.0,1.0000000000000001e-07,0.5087757560680599,49.68991097213515,9.896857895600318,29.663465191135703,0.7527912401886289,177,0.0098086021253405,PGNN_ALL_RESULTS_May12/male_pgnn_target-AGE_l2_fw-none_80pct_knn40/age/results_knn40_l2_fw-none_K100_p100.0_mu1e-07.csv
Age,40.0,l2,none,200.0,100.0,7.071067811865477e-08,0.5453130260557691,53.25834691115279,10.6075920387499,31.79372084781657,0.7160101730805422,63,0.0085334892085578,PGNN_ALL_RESULTS_May12/male_pgnn_target-AGE_l2_fw-none_80pct_knn40/age/results_knn40_l2_fw-none_K200_p100.0_mu7.07e-08.csv
Age,40.0,l2,none,10.0,2.0,0.02,0.5223402136405946,51.01469243258349,10.160717928231094,30.45432254968729,0.7394338693364,176,0.0098220893366632,PGNN_ALL_RESULTS_May12/male_pgnn_target-AGE_l2_fw-none_80pct_knn40/age/results_knn40_l2_fw-none_K10_p2.0_mu0.02.csv
Age,40.0,l2,none,15.0,3.0,0.0081649658092772,0.5132410570688923,50.12601746217291,9.983718390905205,29.923808757360568,0.7484329131147662,118,0.0097347245058564,PGNN_ALL_RESULTS_May12/male_pgnn_target-AGE_l2_fw-none_80pct_knn40/age/results_knn40_l2_fw-none_K15_p3.0_mu0.00816.csv
Age,40.0,l2,none,10.0,3.0,0.01,0.5802746682456716,56.67289814936765,11.2876763247946,33.83211088624419,0.6784279730812306,48,0.0082179672183702,PGNN_ALL_RESULTS_May12/male_pgnn_target-AGE_l2_fw-none_80pct_knn40/age/results_knn40_l2_fw-none_K10_p3.0_mu0.01.csv
Age,40.0,l2,none,5.0,2.0,0.0282842712474619,0.4935322667378872,48.20114579673703,9.600337059320385,28.774714882884187,0.7673826292280466,133,0.0099225890737155,PGNN_ALL_RESULTS_May12/male_pgnn_target-AGE_l2_fw-none_80pct_knn40/age/results_knn40_l2_fw-none_K5_p2.0_mu0.0283.csv
Age,40.0,l2,none,40.0,10.0,5e-05,0.5259455424265326,51.3668091839457,10.230849700660787,30.664525768952043,0.7358244644662845,92,0.0092155026994788,PGNN_ALL_RESULTS_May12/male_pgnn_target-AGE_l2_fw-none_80pct_knn40/age/results_knn40_l2_fw-none_K40_p10.0_mu5e-05.csv
Age,40.0,l2,none,80.0,10.0,3.535533905932738e-05,0.5256915431915838,51.34200218553615,10.22590882463275,30.649716674427545,0.7360795638095978,103,0.0094575304037343,PGNN_ALL_RESULTS_May12/male_pgnn_target-AGE_l2_fw-none_80pct_knn40/age/results_knn40_l2_fw-none_K80_p10.0_mu3.54e-05.csv
Age,40.0,l2,none,30.0,5.0,0.0017320508075688,0.4868045737573389,47.54408134100345,9.469467918829086,28.38246592523437,0.7736813524754343,96,0.0093062416663153,PGNN_ALL_RESULTS_May12/male_pgnn_target-AGE_l2_fw-none_80pct_knn40/age/results_knn40_l2_fw-none_K30_p5.0_mu0.00173.csv
Age,40.0,l2,none,1600.0,1000000.0,2.500000000000001e-18,0.5052389672814064,49.34448822382214,9.828059566871463,29.457258650536197,0.7562162705453127,95,0.0092838061109327,PGNN_ALL_RESULTS_May12/male_pgnn_target-AGE_l2_fw-none_80pct_knn40/age/results_knn40_l2_fw-none_K1600_p1000000.0_mu2.5e-18.csv
Age,40.0,l2,none,400.0,10000.0,5e-13,0.5043940324090945,49.26196711686748,9.811623089308704,29.407994239023875,0.7570309707227713,113,0.0096508436642295,PGNN_ALL_RESULTS_May12/male_pgnn_target-AGE_l2_fw-none_80pct_knn40/age/results_knn40_l2_fw-none_K400_p10000.0_mu5e-13.csv
Age,40.0,l2,none,3200.0,1000000.0,1.7677669529663694e-18,0.5134961445676411,50.15093074656541,9.988680420838664,29.93868125565864,0.7481827867262292,94,0.0092611971691567,PGNN_ALL_RESULTS_May12/male_pgnn_target-AGE_l2_fw-none_80pct_knn40/age/results_knn40_l2_fw-none_K3200_p1000000.0_mu1.77e-18.csv
Age,40.0,l2,none,15.0,5.0,0.0024494897427831,0.5957790123943643,58.18713987814772,11.589271288309035,34.73606967765104,0.6610142519832338,19,0.0078061467165669,PGNN_ALL_RESULTS_May12/male_pgnn_target-AGE_l2_fw-none_80pct_knn40/age/results_knn40_l2_fw-none_K15_p5.0_mu0.00245.csv
Age,40.0,l2,none,800.0,10000.0,3.5355339059327374e-13,0.5029418729087524,49.120141026632766,9.783375407381122,29.323328566501527,0.7584279812338618,104,0.0094781926034759,PGNN_ALL_RESULTS_May12/male_pgnn_target-AGE_l2_fw-none_80pct_knn40/age/results_knn40_l2_fw-none_K800_p10000.0_mu3.54e-13.csv
Age,30.0,l2,none,40.0,10.0,5e-05,0.5619590455029875,54.79473167818581,11.126297047988809,32.344958881629324,0.6997289568211706,134,0.0099313251441108,PGNN_ALL_RESULTS_May12/penn_data_pgnn_target-AGE_l2_fw-none_80pct_knn30/age/results_knn30_l2_fw-none_K40_p10.0_mu5e-05.csv
Age,30.0,l2,none,15.0,5.0,0.0024494897427831,0.5812294411003615,56.67372297575536,11.507834091940088,33.45411495981019,0.6787824024882914,42,0.0081082168258816,PGNN_ALL_RESULTS_May12/penn_data_pgnn_target-AGE_l2_fw-none_80pct_knn30/age/results_knn30_l2_fw-none_K15_p5.0_mu0.00245.csv
Age,30.0,l2,none,5.0,2.0,0.0282842712474619,0.5820799500985476,56.75665324036882,11.52467340622284,33.503068077430655,0.6778416437364883,50,0.0082569037570196,PGNN_ALL_RESULTS_May12/penn_data_pgnn_target-AGE_l2_fw-none_80pct_knn30/age/results_knn30_l2_fw-none_K5_p2.0_mu0.0283.csv
Age,30.0,l2,none,1600.0,1000000.0,2.500000000000001e-18,0.5853406846883608,57.07459647547178,11.589233099647505,33.69074782570853,0.674222157443152,41,0.0080910258923681,PGNN_ALL_RESULTS_May12/penn_data_pgnn_target-AGE_l2_fw-none_80pct_knn30/age/results_knn30_l2_fw-none_K1600_p1000000.0_mu2.5e-18.csv
Age,30.0,l2,none,15.0,3.0,0.0081649658092772,0.6165488930724362,60.11760364520553,12.207128191084202,35.48701402635731,0.6385575435410189,41,0.0080910258923681,PGNN_ALL_RESULTS_May12/penn_data_pgnn_target-AGE_l2_fw-none_80pct_knn30/age/results_knn30_l2_fw-none_K15_p3.0_mu0.00816.csv
Age,30.0,l2,none,30.0,5.0,0.0017320508075688,0.5564122969635903,54.25388693098435,11.016476184853982,32.02570160428717,0.705627280863169,66,0.0086018887790109,PGNN_ALL_RESULTS_May12/penn_data_pgnn_target-AGE_l2_fw-none_80pct_knn30/age/results_knn30_l2_fw-none_K30_p5.0_mu0.00173.csv
Age,30.0,l2,none,800.0,10000.0,3.5355339059327374e-13,0.5898843057911789,57.51762964874053,11.67919275394391,33.95226711704803,0.669144922664477,44,0.0081435685141446,PGNN_ALL_RESULTS_May12/penn_data_pgnn_target-AGE_l2_fw-none_80pct_knn30/age/results_knn30_l2_fw-none_K800_p10000.0_mu3.54e-13.csv
Age,30.0,l2,none,10.0,3.0,0.01,0.6137132072047701,59.84110547779314,12.15098399736571,35.32379875092161,0.6418746536241262,25,0.0078648450115282,PGNN_ALL_RESULTS_May12/penn_data_pgnn_target-AGE_l2_fw-none_80pct_knn30/age/results_knn30_l2_fw-none_K10_p3.0_mu0.01.csv
Age,30.0,l2,none,10.0,2.0,0.02,0.5858155394852532,57.12089796557154,11.598634769737146,33.71807916794723,0.6736933716472101,27,0.0078877329137354,PGNN_ALL_RESULTS_May12/penn_data_pgnn_target-AGE_l2_fw-none_80pct_knn30/age/results_knn30_l2_fw-none_K10_p2.0_mu0.02.csv
Age,30.0,l2,none,400.0,10000.0,5e-13,0.5747638026623909,56.04328037291469,11.379819830704644,33.08196814420175,0.6858891491018844,75,0.0088132107555243,PGNN_ALL_RESULTS_May12/penn_data_pgnn_target-AGE_l2_fw-none_80pct_knn30/age/results_knn30_l2_fw-none_K400_p10000.0_mu5e-13.csv
Age,30.0,l2,none,100.0,100.0,1.0000000000000001e-07,0.5835487159566085,56.89986764671136,11.553753559919532,33.58760621006671,0.6762137842735276,40,0.0080741665917822,PGNN_ALL_RESULTS_May12/penn_data_pgnn_target-AGE_l2_fw-none_80pct_knn30/age/results_knn30_l2_fw-none_K100_p100.0_mu1e-07.csv
Age,30.0,l2,none,3200.0,1000000.0,1.7677669529663694e-18,0.5959146272133001,58.10562595719498,11.798587895070774,34.29935752041928,0.662345756786135,36,0.0080101650465708,PGNN_ALL_RESULTS_May12/penn_data_pgnn_target-AGE_l2_fw-none_80pct_knn30/age/results_knn30_l2_fw-none_K3200_p1000000.0_mu1.77e-18.csv
Age,30.0,l2,none,200.0,100.0,7.071067811865477e-08,0.6086484558298777,59.347258648874224,12.050706554500422,35.03228489395345,0.6477612190060529,53,0.0083173156107196,PGNN_ALL_RESULTS_May12/penn_data_pgnn_target-AGE_l2_fw-none_80pct_knn30/age/results_knn30_l2_fw-none_K200_p100.0_mu7.07e-08.csv
Age,30.0,l2,none,80.0,10.0,3.535533905932738e-05,0.5450913179647322,53.15001644159384,10.792330946701098,31.374095011339108,0.7174842593511668,133,0.0099225890737155,PGNN_ALL_RESULTS_May12/penn_data_pgnn_target-AGE_l2_fw-none_80pct_knn30/age/results_knn30_l2_fw-none_K80_p10.0_mu3.54e-05.csv
Age,15.0,l2,none,400.0,10000.0,5e-13,0.5714606639471229,63.542946302870185,11.783040353999942,37.07564502554567,0.5890889047986603,27,0.0078877329137354,PGNN_ALL_RESULTS_May12/female_pgnn_target-AGE_l2_fw-none_80pct_knn15/age/results_knn15_l2_fw-none_K400_p10000.0_mu5e-13.csv
Age,15.0,l2,none,800.0,10000.0,3.5355339059327374e-13,0.5784224880724794,64.31705875623143,11.926587437267454,37.52731968198288,0.5790160646131621,22,0.007833601469858,PGNN_ALL_RESULTS_May12/female_pgnn_target-AGE_l2_fw-none_80pct_knn15/age/results_knn15_l2_fw-none_K800_p10000.0_mu3.54e-13.csv
Age,15.0,l2,none,5.0,2.0,0.0282842712474619,0.6127019844944517,68.12873003625565,12.633401378854773,39.75132825787664,0.527639298284903,54,0.0083379574330586,PGNN_ALL_RESULTS_May12/female_pgnn_target-AGE_l2_fw-none_80pct_knn15/age/results_knn15_l2_fw-none_K5_p2.0_mu0.0283.csv
Age,15.0,l2,none,10.0,3.0,0.01,0.5404807817932668,60.09817203866312,11.144261053749403,35.06570923017892,0.6324336909522141,36,0.0080101650465708,PGNN_ALL_RESULTS_May12/female_pgnn_target-AGE_l2_fw-none_80pct_knn15/age/results_knn15_l2_fw-none_K10_p3.0_mu0.01.csv
Age,15.0,l2,none,15.0,5.0,0.0024494897427831,0.5838488804692697,64.92044055036216,12.038474941150543,37.879376642846594,0.571080206028443,37,0.008025638531605,PGNN_ALL_RESULTS_May12/female_pgnn_target-AGE_l2_fw-none_80pct_knn15/age/results_knn15_l2_fw-none_K15_p5.0_mu0.00245.csv
Age,15.0,l2,none,30.0,5.0,0.0017320508075688,0.5697520016185019,63.35295345568561,11.747808938657403,36.96478845459756,0.591542472311515,25,0.0078648450115282,PGNN_ALL_RESULTS_May12/female_pgnn_target-AGE_l2_fw-none_80pct_knn15/age/results_knn15_l2_fw-none_K30_p5.0_mu0.00173.csv
Age,15.0,l2,none,1600.0,1000000.0,2.500000000000001e-18,0.5700164105020933,63.38235411359967,11.753261159827703,36.98194401128223,0.5911632727344955,93,0.0092384257269977,PGNN_ALL_RESULTS_May12/female_pgnn_target-AGE_l2_fw-none_80pct_knn15/age/results_knn15_l2_fw-none_K1600_p1000000.0_mu2.5e-18.csv
Age,15.0,l2,none,200.0,100.0,7.071067811865477e-08,0.6233843252245974,69.31654128246842,12.853662443868982,40.44438546671861,0.5110246784713939,63,0.0085334892085578,PGNN_ALL_RESULTS_May12/female_pgnn_target-AGE_l2_fw-none_80pct_knn15/age/results_knn15_l2_fw-none_K200_p100.0_mu7.07e-08.csv
Age,15.0,l2,none,3200.0,1000000.0,1.7677669529663694e-18,0.5550143330122257,61.71421444185778,11.443930598928397,36.0086273012565,0.6124001657889259,50,0.0082569037570196,PGNN_ALL_RESULTS_May12/female_pgnn_target-AGE_l2_fw-none_80pct_knn15/age/results_knn15_l2_fw-none_K3200_p1000000.0_mu1.77e-18.csv
Age,15.0,l2,none,80.0,10.0,3.535533905932738e-05,0.5336191897664034,59.33520478435791,11.002780682440124,34.62053753703737,0.6417072145759493,81,0.0089564767647702,PGNN_ALL_RESULTS_May12/female_pgnn_target-AGE_l2_fw-none_80pct_knn15/age/results_knn15_l2_fw-none_K80_p10.0_mu3.54e-05.csv
Age,15.0,l2,none,40.0,10.0,5e-05,0.5660997030052592,62.94684008812616,11.67250191653666,36.72783293749863,0.5967623833037483,27,0.0078877329137354,PGNN_ALL_RESULTS_May12/female_pgnn_target-AGE_l2_fw-none_80pct_knn15/age/results_knn15_l2_fw-none_K40_p10.0_mu5e-05.csv
Age,15.0,l2,none,100.0,100.0,1.0000000000000001e-07,0.5829726034692551,64.82300388346407,12.020407015917744,37.82252544297338,0.572366739278184,36,0.0080101650465708,PGNN_ALL_RESULTS_May12/female_pgnn_target-AGE_l2_fw-none_80pct_knn15/age/results_knn15_l2_fw-none_K100_p100.0_mu1e-07.csv
Age,15.0,l2,none,15.0,3.0,0.0081649658092772,0.5456072302697953,60.66820189516892,11.249964165205888,35.39830683832729,0.6254279060017753,69,0.008671485117228,PGNN_ALL_RESULTS_May12/female_pgnn_target-AGE_l2_fw-none_80pct_knn15/age/results_knn15_l2_fw-none_K15_p3.0_mu0.00816.csv
Age,15.0,l2,none,10.0,2.0,0.02,0.580569807609815,64.55582761411496,11.970863099307444,37.66663421199791,0.5758845646588093,49,0.0082372966913313,PGNN_ALL_RESULTS_May12/female_pgnn_target-AGE_l2_fw-none_80pct_knn15/age/results_knn15_l2_fw-none_K10_p2.0_mu0.02.csv
Age,35.0,l2,none,15.0,3.0,0.0081649658092772,0.5603834045033608,62.31122250029701,11.55463641609739,36.35696605393057,0.6048648036080008,51,0.0082767809973118,PGNN_ALL_RESULTS_May12/female_pgnn_target-AGE_l2_fw-none_80pct_knn35/age/results_knn35_l2_fw-none_K15_p3.0_mu0.00816.csv
Age,35.0,l2,none,5.0,2.0,0.0282842712474619,0.5780047448633556,64.27060825494513,11.917973615607234,37.500216066566736,0.5796239236732867,53,0.0083173156107196,PGNN_ALL_RESULTS_May12/female_pgnn_target-AGE_l2_fw-none_80pct_knn35/age/results_knn35_l2_fw-none_K5_p2.0_mu0.0283.csv
Age,35.0,l2,none,400.0,10000.0,5e-13,0.6056963936157387,67.34975098640957,12.488952277932022,39.29681537926691,0.5383794216186737,30,0.0079250757223036,PGNN_ALL_RESULTS_May12/female_pgnn_target-AGE_l2_fw-none_80pct_knn35/age/results_knn35_l2_fw-none_K400_p10000.0_mu5e-13.csv
Age,35.0,l2,none,3200.0,1000000.0,1.7677669529663694e-18,0.5879581893844574,65.37737068083888,12.123205325059931,38.14598301457444,0.5650212180698743,27,0.0078877329137354,PGNN_ALL_RESULTS_May12/female_pgnn_target-AGE_l2_fw-none_80pct_knn35/age/results_knn35_l2_fw-none_K3200_p1000000.0_mu1.77e-18.csv
Age,35.0,l2,none,40.0,10.0,5e-05,0.5521286886448351,61.39334835840808,11.384431202175008,35.82141089131576,0.6164201256701487,66,0.0086018887790109,PGNN_ALL_RESULTS_May12/female_pgnn_target-AGE_l2_fw-none_80pct_knn35/age/results_knn35_l2_fw-none_K40_p10.0_mu5e-05.csv
Age,35.0,l2,none,80.0,10.0,3.535533905932738e-05,0.5413621095283221,60.19617031654465,11.162433307267245,35.122888701732954,0.6312339794621173,94,0.0092611971691567,PGNN_ALL_RESULTS_May12/female_pgnn_target-AGE_l2_fw-none_80pct_knn35/age/results_knn35_l2_fw-none_K80_p10.0_mu3.54e-05.csv
Age,35.0,l2,none,800.0,10000.0,3.5355339059327374e-13,0.5998483769722867,66.69948714324931,12.368371194548692,38.91740384285488,0.5472503102831145,25,0.0078648450115282,PGNN_ALL_RESULTS_May12/female_pgnn_target-AGE_l2_fw-none_80pct_knn35/age/results_knn35_l2_fw-none_K800_p10000.0_mu3.54e-13.csv
Age,35.0,l2,none,10.0,3.0,0.01,0.5840566137496024,64.94353922628208,12.04275794038692,37.89285321209884,0.570774932626973,61,0.0084886799280466,PGNN_ALL_RESULTS_May12/female_pgnn_target-AGE_l2_fw-none_80pct_knn35/age/results_knn35_l2_fw-none_K10_p3.0_mu0.01.csv
Age,35.0,l2,none,200.0,100.0,7.071067811865477e-08,0.5611139400944417,62.39245360991664,11.56969927515784,36.40436173440157,0.6038339077041358,77,0.0088609061729741,PGNN_ALL_RESULTS_May12/female_pgnn_target-AGE_l2_fw-none_80pct_knn35/age/results_knn35_l2_fw-none_K200_p100.0_mu7.07e-08.csv
Age,35.0,l2,none,100.0,100.0,1.0000000000000001e-07,0.5855968494576707,65.11480405878261,12.074516372049771,37.99278194895495,0.5685080993270312,73,0.0087656872931931,PGNN_ALL_RESULTS_May12/female_pgnn_target-AGE_l2_fw-none_80pct_knn35/age/results_knn35_l2_fw-none_K100_p100.0_mu1e-07.csv
Age,35.0,l2,none,10.0,2.0,0.02,0.596032848203081,66.2752235762278,12.289698072851923,38.66985680529503,0.5529917124032129,94,0.0092611971691567,PGNN_ALL_RESULTS_May12/female_pgnn_target-AGE_l2_fw-none_80pct_knn35/age/results_knn35_l2_fw-none_K10_p2.0_mu0.02.csv
Age,35.0,l2,none,1600.0,1000000.0,2.500000000000001e-18,0.5860404772332632,65.16413276625345,12.083663925243185,38.02156496461662,0.5678540852233004,28,0.0078997831519332,PGNN_ALL_RESULTS_May12/female_pgnn_target-AGE_l2_fw-none_80pct_knn35/age/results_knn35_l2_fw-none_K1600_p1000000.0_mu2.5e-18.csv
Age,35.0,l2,none,15.0,5.0,0.0024494897427831,0.5649234824639557,62.81605152574263,11.648248796392911,36.651519859872096,0.5984363062107785,64,0.00855614025384,PGNN_ALL_RESULTS_May12/female_pgnn_target-AGE_l2_fw-none_80pct_knn35/age/results_knn35_l2_fw-none_K15_p5.0_mu0.00245.csv
Age,35.0,l2,none,30.0,5.0,0.0017320508075688,0.5676325156402896,63.11727952010272,11.704107004557835,36.82727917457076,0.5945757561068832,43,0.0081257331606513,PGNN_ALL_RESULTS_May12/female_pgnn_target-AGE_l2_fw-none_80pct_knn35/age/results_knn35_l2_fw-none_K30_p5.0_mu0.00173.csv
Age,40.0,l2,none,100.0,100.0,1.0000000000000001e-07,0.5883836613958074,57.371306873714886,11.64948128846339,33.86589371490575,0.6708261482163036,31,0.007938309404863,PGNN_ALL_RESULTS_May12/penn_data_pgnn_target-AGE_l2_fw-none_80pct_knn40/age/results_knn40_l2_fw-none_K100_p100.0_mu1e-07.csv
Age,40.0,l2,none,200.0,100.0,7.071067811865477e-08,0.5869250986326983,57.22908733675767,11.620603191476482,33.78194297589595,0.6724561242373355,30,0.0079250757223036,PGNN_ALL_RESULTS_May12/penn_data_pgnn_target-AGE_l2_fw-none_80pct_knn40/age/results_knn40_l2_fw-none_K200_p100.0_mu7.07e-08.csv
Age,40.0,l2,none,10.0,2.0,0.02,0.608201070980002,59.303635660683184,12.041848691431792,35.00653443847863,0.648278852382194,57,0.0084012847233714,PGNN_ALL_RESULTS_May12/penn_data_pgnn_target-AGE_l2_fw-none_80pct_knn40/age/results_knn40_l2_fw-none_K10_p2.0_mu0.02.csv
Age,40.0,l2,none,15.0,3.0,0.0081649658092772,0.5917356772521928,57.6981506373334,11.715848309582933,34.058827496913295,0.6670648643424897,51,0.0082767809973118,PGNN_ALL_RESULTS_May12/penn_data_pgnn_target-AGE_l2_fw-none_80pct_knn40/age/results_knn40_l2_fw-none_K15_p3.0_mu0.00816.csv
Age,40.0,l2,none,10.0,3.0,0.01,0.5938209706269005,57.90148056297795,11.757135161103813,34.17885139246767,0.6647141839004261,74,0.0087894223403149,PGNN_ALL_RESULTS_May12/penn_data_pgnn_target-AGE_l2_fw-none_80pct_knn40/age/results_knn40_l2_fw-none_K10_p3.0_mu0.01.csv
Age,40.0,l2,none,5.0,2.0,0.0282842712474619,0.5802828401301294,56.58142310695664,11.489091965670344,33.39963022864271,0.6798278322794804,53,0.0083173156107196,PGNN_ALL_RESULTS_May12/penn_data_pgnn_target-AGE_l2_fw-none_80pct_knn40/age/results_knn40_l2_fw-none_K5_p2.0_mu0.0283.csv
Age,40.0,l2,none,40.0,10.0,5e-05,0.5741021715982474,55.97876695877924,11.366720210136688,33.04388658959216,0.6866119012234158,56,0.0083799501815843,PGNN_ALL_RESULTS_May12/penn_data_pgnn_target-AGE_l2_fw-none_80pct_knn40/age/results_knn40_l2_fw-none_K40_p10.0_mu5e-05.csv
Age,40.0,l2,none,80.0,10.0,3.535533905932738e-05,0.5986230423477629,58.36971438455216,11.852212088896575,34.45524697194794,0.6592695239605926,37,0.008025638531605,PGNN_ALL_RESULTS_May12/penn_data_pgnn_target-AGE_l2_fw-none_80pct_knn40/age/results_knn40_l2_fw-none_K80_p10.0_mu3.54e-05.csv
Age,40.0,l2,none,30.0,5.0,0.0017320508075688,0.5819029327636795,56.739392876924,11.52116841790572,33.49287882016844,0.6780375582057592,78,0.0088847922325062,PGNN_ALL_RESULTS_May12/penn_data_pgnn_target-AGE_l2_fw-none_80pct_knn40/age/results_knn40_l2_fw-none_K30_p5.0_mu0.00173.csv
Age,40.0,l2,none,1600.0,1000000.0,2.500000000000001e-18,0.5656699466498204,55.15656913636389,11.199769671763056,32.558549169993334,0.6957501785336917,35,0.0079950520752105,PGNN_ALL_RESULTS_May12/penn_data_pgnn_target-AGE_l2_fw-none_80pct_knn40/age/results_knn40_l2_fw-none_K1600_p1000000.0_mu2.5e-18.csv
Age,40.0,l2,none,400.0,10000.0,5e-13,0.553551954956828,53.97498462658581,10.959844174545037,31.86106821036228,0.7086460581692494,109,0.009577265879135,PGNN_ALL_RESULTS_May12/penn_data_pgnn_target-AGE_l2_fw-none_80pct_knn40/age/results_knn40_l2_fw-none_K400_p10000.0_mu5e-13.csv
Age,40.0,l2,none,3200.0,1000000.0,1.7677669529663694e-18,0.5889953109269312,57.430946757096464,11.661591138465395,33.901097934125154,0.6701414124035707,69,0.008671485117228,PGNN_ALL_RESULTS_May12/penn_data_pgnn_target-AGE_l2_fw-none_80pct_knn40/age/results_knn40_l2_fw-none_K3200_p1000000.0_mu1.77e-18.csv
Age,40.0,l2,none,15.0,5.0,0.0024494897427831,0.6072790628405419,59.2137337558894,12.023593687232378,34.95346580677957,0.6493444340502554,80,0.0089325881917434,PGNN_ALL_RESULTS_May12/penn_data_pgnn_target-AGE_l2_fw-none_80pct_knn40/age/results_knn40_l2_fw-none_K15_p5.0_mu0.00245.csv
Age,40.0,l2,none,800.0,10000.0,3.5355339059327374e-13,0.6027128033067151,58.76849318554668,11.933185893939587,34.690643742617375,0.6545979150186322,29,0.0079122321709504,PGNN_ALL_RESULTS_May12/penn_data_pgnn_target-AGE_l2_fw-none_80pct_knn40/age/results_knn40_l2_fw-none_K800_p10000.0_mu3.54e-13.csv
Age,25.0,l2,none,3200.0,1000000.0,1.7677669529663694e-18,0.5810536964203268,64.60963310352614,11.980840566336978,37.69802857327713,0.5751772931631671,56,0.0083799501815843,PGNN_ALL_RESULTS_May12/female_pgnn_target-AGE_l2_fw-none_80pct_knn25/age/results_knn25_l2_fw-none_K3200_p1000000.0_mu1.77e-18.csv
Age,25.0,l2,none,15.0,3.0,0.0081649658092772,0.5836712365803962,64.90068763156324,12.034811849812334,37.8678506300289,0.5713411755741242,53,0.0083173156107196,PGNN_ALL_RESULTS_May12/female_pgnn_target-AGE_l2_fw-none_80pct_knn25/age/results_knn25_l2_fw-none_K15_p3.0_mu0.00816.csv
Age,25.0,l2,none,15.0,5.0,0.0024494897427831,0.586130007625259,65.17408800070785,12.085509765974646,38.02737295081351,0.5677220358170374,46,0.0081801699963272,PGNN_ALL_RESULTS_May12/female_pgnn_target-AGE_l2_fw-none_80pct_knn25/age/results_knn25_l2_fw-none_K15_p5.0_mu0.00245.csv
Age,25.0,l2,none,800.0,10000.0,3.5355339059327374e-13,0.5562766163839771,61.85457266696498,11.469957856903209,36.0905227500262,0.6106351043635775,28,0.0078997831519332,PGNN_ALL_RESULTS_May12/female_pgnn_target-AGE_l2_fw-none_80pct_knn25/age/results_knn25_l2_fw-none_K800_p10000.0_mu3.54e-13.csv
Age,25.0,l2,none,10.0,3.0,0.01,0.5924177655097032,65.87324839235583,12.215158206723991,38.43531516461629,0.5583976939688153,78,0.0088847922325062,PGNN_ALL_RESULTS_May12/female_pgnn_target-AGE_l2_fw-none_80pct_knn25/age/results_knn25_l2_fw-none_K10_p3.0_mu0.01.csv
Age,25.0,l2,none,80.0,10.0,3.535533905932738e-05,0.5695929461640704,63.33526745761479,11.744529324562476,36.954469062967625,0.5917704954835263,67,0.0086249673641049,PGNN_ALL_RESULTS_May12/female_pgnn_target-AGE_l2_fw-none_80pct_knn25/age/results_knn25_l2_fw-none_K80_p10.0_mu3.54e-05.csv
Age,25.0,l2,none,30.0,5.0,0.0017320508075688,0.5898009424697989,65.58227360371467,12.161201527784987,38.26553906142058,0.5622903619923323,57,0.0084012847233714,PGNN_ALL_RESULTS_May12/female_pgnn_target-AGE_l2_fw-none_80pct_knn25/age/results_knn25_l2_fw-none_K30_p5.0_mu0.00173.csv
Age,25.0,l2,none,10.0,2.0,0.02,0.5868638533314116,65.2556871749687,12.100640942902462,38.074983595243154,0.5666389180453306,59,0.0084445881687844,PGNN_ALL_RESULTS_May12/female_pgnn_target-AGE_l2_fw-none_80pct_knn25/age/results_knn25_l2_fw-none_K10_p2.0_mu0.02.csv
Age,25.0,l2,none,100.0,100.0,1.0000000000000001e-07,0.5924783085200043,65.87998040646508,12.216406503173731,38.43924296208339,0.55830742895423,46,0.0081801699963272,PGNN_ALL_RESULTS_May12/female_pgnn_target-AGE_l2_fw-none_80pct_knn25/age/results_knn25_l2_fw-none_K100_p100.0_mu1e-07.csv
Age,25.0,l2,none,1600.0,1000000.0,2.500000000000001e-18,0.5752256389072238,63.96158859413291,11.860670805381751,37.31991127365605,0.5836566278608057,29,0.0079122321709504,PGNN_ALL_RESULTS_May12/female_pgnn_target-AGE_l2_fw-none_80pct_knn25/age/results_knn25_l2_fw-none_K1600_p1000000.0_mu2.5e-18.csv
Age,25.0,l2,none,400.0,10000.0,5e-13,0.5862599049414264,65.18853179134271,12.088188089261497,38.03580036517038,0.5675304129047445,55,0.0083588383313389,PGNN_ALL_RESULTS_May12/female_pgnn_target-AGE_l2_fw-none_80pct_knn25/age/results_knn25_l2_fw-none_K400_p10000.0_mu5e-13.csv
Age,25.0,l2,none,40.0,10.0,5e-05,0.5568515046006635,61.91849673626267,11.481811644989826,36.12782100464504,0.6098299043996681,147,0.0099975582771974,PGNN_ALL_RESULTS_May12/female_pgnn_target-AGE_l2_fw-none_80pct_knn25/age/results_knn25_l2_fw-none_K40_p10.0_mu5e-05.csv
Age,25.0,l2,none,200.0,100.0,7.071067811865477e-08,0.577862655714769,64.25480880677928,11.915043944010192,37.49099777817002,0.5798305778143542,37,0.008025638531605,PGNN_ALL_RESULTS_May12/female_pgnn_target-AGE_l2_fw-none_80pct_knn25/age/results_knn25_l2_fw-none_K200_p100.0_mu7.07e-08.csv
Age,25.0,l2,none,5.0,2.0,0.0282842712474619,0.5678121634021458,63.13725525737606,11.70781110953403,36.83893423787436,0.5943190932786894,64,0.00855614025384,PGNN_ALL_RESULTS_May12/female_pgnn_target-AGE_l2_fw-none_80pct_knn25/age/results_knn25_l2_fw-none_K5_p2.0_mu0.0283.csv
Age,10.0,l2,none,1600.0,1000000.0,2.500000000000001e-18,0.4975730635539394,48.59579281293499,9.678939722119024,29.010307570629507,0.7635579249263037,109,0.009577265879135,PGNN_ALL_RESULTS_May12/male_pgnn_target-AGE_l2_fw-none_80pct_knn10/age/results_knn10_l2_fw-none_K1600_p1000000.0_mu2.5e-18.csv
Age,10.0,l2,none,3200.0,1000000.0,1.7677669529663694e-18,0.5237965905594263,51.15693041970358,10.189047982638398,30.539235114022247,0.7379788347793331,152,0.0099989145419203,PGNN_ALL_RESULTS_May12/male_pgnn_target-AGE_l2_fw-none_80pct_knn10/age/results_knn10_l2_fw-none_K3200_p1000000.0_mu1.77e-18.csv
Age,10.0,l2,none,15.0,3.0,0.0081649658092772,0.5198864659637203,50.77504558982856,10.112986737239789,30.31125971727748,0.741876192491508,82,0.0089803447591593,PGNN_ALL_RESULTS_May12/male_pgnn_target-AGE_l2_fw-none_80pct_knn10/age/results_knn10_l2_fw-none_K15_p3.0_mu0.00816.csv
Age,10.0,l2,none,30.0,5.0,0.0017320508075688,0.5174697237420225,50.53901290861978,10.06597570176832,30.1703553788483,0.7442704412522102,103,0.0094575304037343,PGNN_ALL_RESULTS_May12/male_pgnn_target-AGE_l2_fw-none_80pct_knn10/age/results_knn10_l2_fw-none_K30_p5.0_mu0.00173.csv
Age,10.0,l2,none,100.0,100.0,1.0000000000000001e-07,0.530848344604507,51.84564450742945,10.32622080859068,30.95037786162239,0.7308762820462846,129,0.009882689784668,PGNN_ALL_RESULTS_May12/male_pgnn_target-AGE_l2_fw-none_80pct_knn10/age/results_knn10_l2_fw-none_K100_p100.0_mu1e-07.csv
Age,10.0,l2,none,40.0,10.0,5e-05,0.5123924491079161,50.043137620654846,9.967211045733803,29.87433193713588,0.7492641223141119,128,0.0098715031251188,PGNN_ALL_RESULTS_May12/male_pgnn_target-AGE_l2_fw-none_80pct_knn10/age/results_knn10_l2_fw-none_K40_p10.0_mu5e-05.csv
Age,10.0,l2,none,200.0,100.0,7.071067811865477e-08,0.522071802142488,50.98847785123653,10.155496450257749,30.43867241792401,0.739701591308136,87,0.0090989970417043,PGNN_ALL_RESULTS_May12/male_pgnn_target-AGE_l2_fw-none_80pct_knn10/age/results_knn10_l2_fw-none_K200_p100.0_mu7.07e-08.csv
Age,10.0,l2,none,10.0,3.0,0.01,0.5031629291831881,49.14173062964655,9.787675873119143,29.33621818430459,0.7582155799647183,94,0.0092611971691567,PGNN_ALL_RESULTS_May12/male_pgnn_target-AGE_l2_fw-none_80pct_knn10/age/results_knn10_l2_fw-none_K10_p3.0_mu0.01.csv
Age,10.0,l2,none,5.0,2.0,0.0282842712474619,0.5337906675958912,52.13300837205823,10.383455577161074,31.1219253955084,0.7278846804190571,157,0.0099867304449397,PGNN_ALL_RESULTS_May12/male_pgnn_target-AGE_l2_fw-none_80pct_knn10/age/results_knn10_l2_fw-none_K5_p2.0_mu0.0283.csv
Age,10.0,l2,none,80.0,10.0,3.535533905932738e-05,0.5075197850313183,49.56724575419791,9.872426475534027,29.590237851069663,0.7540102597755428,120,0.0097655332711616,PGNN_ALL_RESULTS_May12/male_pgnn_target-AGE_l2_fw-none_80pct_knn10/age/results_knn10_l2_fw-none_K80_p10.0_mu3.54e-05.csv
Age,10.0,l2,none,800.0,10000.0,3.5355339059327374e-13,0.483551650131769,47.22638246595701,9.406191306213158,28.192809408434236,0.7766958581218953,107,0.0095385245205017,PGNN_ALL_RESULTS_May12/male_pgnn_target-AGE_l2_fw-none_80pct_knn10/age/results_knn10_l2_fw-none_K800_p10000.0_mu3.54e-13.csv
Age,10.0,l2,none,10.0,2.0,0.02,0.5178809641085396,50.57917696313036,10.073975329728537,30.194332350938136,0.7438638160866896,155,0.0099932223927485,PGNN_ALL_RESULTS_May12/male_pgnn_target-AGE_l2_fw-none_80pct_knn10/age/results_knn10_l2_fw-none_K10_p2.0_mu0.02.csv
Age,10.0,l2,none,15.0,5.0,0.0024494897427831,0.5177057342107132,50.56206302261964,10.070566492196772,30.184115175493933,0.7440371189388966,136,0.0099472767389608,PGNN_ALL_RESULTS_May12/male_pgnn_target-AGE_l2_fw-none_80pct_knn10/age/results_knn10_l2_fw-none_K15_p5.0_mu0.00245.csv
Age,10.0,l2,none,400.0,10000.0,5e-13,0.6338316093886255,61.9035712024627,12.329481730844115,36.95467349392042,0.6163291300973379,18,0.007797851601572,PGNN_ALL_RESULTS_May12/male_pgnn_target-AGE_l2_fw-none_80pct_knn10/age/results_knn10_l2_fw-none_K400_p10000.0_mu5e-13.csv
Age,20.0,l2,none,80.0,10.0,3.535533905932738e-05,0.6202505996344041,60.4785445704163,12.2804187031389,35.700074902639706,0.6342043757450029,46,0.0081801699963272,PGNN_ALL_RESULTS_May12/penn_data_pgnn_target-AGE_l2_fw-none_80pct_knn20/age/results_knn20_l2_fw-none_K80_p10.0_mu3.54e-05.csv
Age,20.0,l2,none,400.0,10000.0,5e-13,0.5842154846243865,56.96488201125391,11.566955074752071,33.62598397875219,0.6754734387389212,115,0.0096855290063012,PGNN_ALL_RESULTS_May12/penn_data_pgnn_target-AGE_l2_fw-none_80pct_knn20/age/results_knn20_l2_fw-none_K400_p10000.0_mu5e-13.csv
Age,20.0,l2,none,15.0,3.0,0.0081649658092772,0.6028292149693927,58.779844094250215,11.935490691595284,34.69734395788957,0.6544644759615057,25,0.0078648450115282,PGNN_ALL_RESULTS_May12/penn_data_pgnn_target-AGE_l2_fw-none_80pct_knn20/age/results_knn20_l2_fw-none_K15_p3.0_mu0.00816.csv
Age,20.0,l2,none,1600.0,1000000.0,2.500000000000001e-18,0.6132996341273086,59.80077936152156,12.142795659311696,35.29999465360841,0.6423571627012434,37,0.008025638531605,PGNN_ALL_RESULTS_May12/penn_data_pgnn_target-AGE_l2_fw-none_80pct_knn20/age/results_knn20_l2_fw-none_K1600_p1000000.0_mu2.5e-18.csv
Age,20.0,l2,none,10.0,3.0,0.01,0.5739845844420428,55.96730143166549,11.364392172188678,33.03711881309128,0.6867402638853592,72,0.0087420158948829,PGNN_ALL_RESULTS_May12/penn_data_pgnn_target-AGE_l2_fw-none_80pct_knn20/age/results_knn20_l2_fw-none_K10_p3.0_mu0.01.csv
Age,20.0,l2,none,100.0,100.0,1.0000000000000001e-07,0.6079572656520792,59.27986302523556,12.037021523670182,34.99250150891629,0.6485607798779576,39,0.0080576450044444,PGNN_ALL_RESULTS_May12/penn_data_pgnn_target-AGE_l2_fw-none_80pct_knn20/age/results_knn20_l2_fw-none_K100_p100.0_mu1e-07.csv
Age,20.0,l2,none,30.0,5.0,0.0017320508075688,0.5853261039094906,57.07317475288853,11.588944187004593,33.68990793553527,0.6742383874290224,97,0.0093284929847445,PGNN_ALL_RESULTS_May12/penn_data_pgnn_target-AGE_l2_fw-none_80pct_knn20/age/results_knn20_l2_fw-none_K30_p5.0_mu0.00173.csv
Age,20.0,l2,none,5.0,2.0,0.0282842712474619,0.5610774333574128,54.708768650546034,11.108841656844064,32.29421478353413,0.7006703597571982,65,0.0085789432410379,PGNN_ALL_RESULTS_May12/penn_data_pgnn_target-AGE_l2_fw-none_80pct_knn20/age/results_knn20_l2_fw-none_K5_p2.0_mu0.0283.csv
Age,20.0,l2,none,10.0,2.0,0.02,0.5644053965293353,55.03326711800492,11.17473254795355,32.48576442079601,0.6971089535939596,35,0.0079950520752105,PGNN_ALL_RESULTS_May12/penn_data_pgnn_target-AGE_l2_fw-none_80pct_knn20/age/results_knn20_l2_fw-none_K10_p2.0_mu0.02.csv
Age,20.0,l2,none,15.0,5.0,0.0024494897427831,0.5697892173424017,55.55822533198182,11.281327721517735,32.79564438274948,0.6913028831862812,131,0.0099036200483983,PGNN_ALL_RESULTS_May12/penn_data_pgnn_target-AGE_l2_fw-none_80pct_knn20/age/results_knn20_l2_fw-none_K15_p5.0_mu0.00245.csv
Age,20.0,l2,none,40.0,10.0,5e-05,0.5938334054437777,57.902693040043154,11.757381505377392,34.17956753327942,0.66470014175108,95,0.0092838061109327,PGNN_ALL_RESULTS_May12/penn_data_pgnn_target-AGE_l2_fw-none_80pct_knn20/age/results_knn20_l2_fw-none_K40_p10.0_mu5e-05.csv
Age,20.0,l2,none,200.0,100.0,7.071067811865477e-08,0.5589951428041932,54.50573151989968,11.067614327445852,32.174363923141584,0.7028880026520516,89,0.0091459335569017,PGNN_ALL_RESULTS_May12/penn_data_pgnn_target-AGE_l2_fw-none_80pct_knn20/age/results_knn20_l2_fw-none_K200_p100.0_mu7.07e-08.csv
Age,20.0,l2,none,800.0,10000.0,3.5355339059327374e-13,0.5802220450646279,56.57549518511222,11.487888385968237,33.39613133446368,0.6798949163526726,73,0.0087656872931931,PGNN_ALL_RESULTS_May12/penn_data_pgnn_target-AGE_l2_fw-none_80pct_knn20/age/results_knn20_l2_fw-none_K800_p10000.0_mu3.54e-13.csv
Age,20.0,l2,none,3200.0,1000000.0,1.7677669529663694e-18,0.6043391231845533,58.92707015310715,11.965385431571512,34.78425015238875,0.6527313804215624,34,0.0079803049361372,PGNN_ALL_RESULTS_May12/penn_data_pgnn_target-AGE_l2_fw-none_80pct_knn20/age/results_knn20_l2_fw-none_K3200_p1000000.0_mu1.77e-18.csv
Age,2.0,l2,none,100.0,100.0,1.0000000000000001e-07,0.5756631624887066,56.13097391706078,11.397626690877516,33.133733988455084,0.6849053721192271,101,0.0094154404840178,PGNN_ALL_RESULTS_May12/penn_data_pgnn_target-AGE_l2_fw-none_80pct_knn2/age/results_knn2_l2_fw-none_K100_p100.0_mu1e-07.csv
Age,2.0,l2,none,5.0,2.0,0.0282842712474619,0.5510043040877474,53.726571780671,10.909402645972008,31.714430999385065,0.7113217240041939,125,0.0098351298783183,PGNN_ALL_RESULTS_May12/penn_data_pgnn_target-AGE_l2_fw-none_80pct_knn2/age/results_knn2_l2_fw-none_K5_p2.0_mu0.0283.csv
Age,2.0,l2,none,15.0,5.0,0.0024494897427831,0.6125589783733683,59.72856051634443,12.128131334931403,35.257364390632176,0.6432204610378749,38,0.008041467058907,PGNN_ALL_RESULTS_May12/penn_data_pgnn_target-AGE_l2_fw-none_80pct_knn2/age/results_knn2_l2_fw-none_K15_p5.0_mu0.00245.csv
Age,2.0,l2,none,3200.0,1000000.0,1.7677669529663694e-18,0.586927780042374,57.2293487919738,11.620656047566753,33.78209663241429,0.6724531314148238,41,0.0080910258923681,PGNN_ALL_RESULTS_May12/penn_data_pgnn_target-AGE_l2_fw-none_80pct_knn2/age/results_knn2_l2_fw-none_K3200_p1000000.0_mu1.77e-18.csv
Age,2.0,l2,none,40.0,10.0,5e-05,0.5907416618195285,57.60122754417797,11.696167608945093,34.001614261445376,0.6681824738154332,58,0.0084228335616671,PGNN_ALL_RESULTS_May12/penn_data_pgnn_target-AGE_l2_fw-none_80pct_knn2/age/results_knn2_l2_fw-none_K40_p10.0_mu5e-05.csv
Age,2.0,l2,none,80.0,10.0,3.535533905932738e-05,0.590695213267713,57.5966985025086,11.69524831709579,33.99894181283668,0.668234651742379,133,0.0099225890737155,PGNN_ALL_RESULTS_May12/penn_data_pgnn_target-AGE_l2_fw-none_80pct_knn2/age/results_knn2_l2_fw-none_K80_p10.0_mu3.54e-05.csv
Age,2.0,l2,none,10.0,2.0,0.02,0.585433078463856,57.08360548098118,11.591062314468482,33.696065486913774,0.6741193037676556,96,0.0093062416663153,PGNN_ALL_RESULTS_May12/penn_data_pgnn_target-AGE_l2_fw-none_80pct_knn2/age/results_knn2_l2_fw-none_K10_p2.0_mu0.02.csv
Age,2.0,l2,none,10.0,3.0,0.01,0.5748504772942278,56.05173172401013,11.381536204194282,33.08695776740778,0.6857944058524462,41,0.0080910258923681,PGNN_ALL_RESULTS_May12/penn_data_pgnn_target-AGE_l2_fw-none_80pct_knn2/age/results_knn2_l2_fw-none_K10_p3.0_mu0.01.csv
Age,2.0,l2,none,200.0,100.0,7.071067811865477e-08,0.5859283552358806,57.13189824901597,11.600868251091104,33.72457206151687,0.6735676799596735,43,0.0081257331606513,PGNN_ALL_RESULTS_May12/penn_data_pgnn_target-AGE_l2_fw-none_80pct_knn2/age/results_knn2_l2_fw-none_K200_p100.0_mu7.07e-08.csv
Age,2.0,l2,none,800.0,10000.0,3.5355339059327374e-13,0.6077796297480517,59.26254234719772,12.033504550852507,34.982277411834865,0.648766120308323,25,0.0078648450115282,PGNN_ALL_RESULTS_May12/penn_data_pgnn_target-AGE_l2_fw-none_80pct_knn2/age/results_knn2_l2_fw-none_K800_p10000.0_mu3.54e-13.csv
Age,2.0,l2,none,1600.0,1000000.0,2.500000000000001e-18,0.5756642608927136,56.13108101873183,11.397648310295653,33.133796837684045,0.6849041696746221,41,0.0080910258923681,PGNN_ALL_RESULTS_May12/penn_data_pgnn_target-AGE_l2_fw-none_80pct_knn2/age/results_knn2_l2_fw-none_K1600_p1000000.0_mu2.5e-18.csv
Age,2.0,l2,none,30.0,5.0,0.0017320508075688,0.5835430353534956,56.89931375025603,11.55364096682314,33.58727889370462,0.6762200880900977,38,0.008041467058907,PGNN_ALL_RESULTS_May12/penn_data_pgnn_target-AGE_l2_fw-none_80pct_knn2/age/results_knn2_l2_fw-none_K30_p5.0_mu0.00173.csv
Age,2.0,l2,none,400.0,10000.0,5e-13,0.604319174747733,58.9251250482962,11.964990395962277,34.7831017549945,0.6527543058007687,77,0.0088609061729741,PGNN_ALL_RESULTS_May12/penn_data_pgnn_target-AGE_l2_fw-none_80pct_knn2/age/results_knn2_l2_fw-none_K400_p10000.0_mu5e-13.csv
Age,2.0,l2,none,15.0,3.0,0.0081649658092772,0.5994336046141772,58.44874957804545,11.868260402995384,34.50190059420939,0.6583461707664546,27,0.0078877329137354,PGNN_ALL_RESULTS_May12/penn_data_pgnn_target-AGE_l2_fw-none_80pct_knn2/age/results_knn2_l2_fw-none_K15_p3.0_mu0.00816.csv
Age,5.0,l2,none,200.0,100.0,7.071067811865477e-08,0.5761753812932429,64.06719416463628,11.880253849376512,37.38152983438879,0.5822806621365754,33,0.0079659287950588,PGNN_ALL_RESULTS_May12/female_pgnn_target-AGE_l2_fw-none_80pct_knn5/age/results_knn5_l2_fw-none_K200_p100.0_mu7.07e-08.csv
Age,5.0,l2,none,1600.0,1000000.0,2.500000000000001e-18,0.5523210906856688,61.414742293845066,11.388398389597596,35.83389375042604,0.6161527444922008,58,0.0084228335616671,PGNN_ALL_RESULTS_May12/female_pgnn_target-AGE_l2_fw-none_80pct_knn5/age/results_knn5_l2_fw-none_K1600_p1000000.0_mu2.5e-18.csv
Age,5.0,l2,none,15.0,5.0,0.0024494897427831,0.5255462051568306,58.43753805082145,10.836322656576316,34.09677299977305,0.6524662439378253,72,0.0087420158948829,PGNN_ALL_RESULTS_May12/female_pgnn_target-AGE_l2_fw-none_80pct_knn5/age/results_knn5_l2_fw-none_K15_p5.0_mu0.00245.csv
Age,5.0,l2,none,800.0,10000.0,3.5355339059327374e-13,0.6091519375765697,67.7339864346269,12.560202850635216,39.52100717205099,0.5330972358726405,106,0.0095186998443402,PGNN_ALL_RESULTS_May12/female_pgnn_target-AGE_l2_fw-none_80pct_knn5/age/results_knn5_l2_fw-none_K800_p10000.0_mu3.54e-13.csv
Age,5.0,l2,none,3200.0,1000000.0,1.7677669529663694e-18,0.5636916013169644,62.6790738429147,11.622848442340098,36.5715969807091,0.6001857091188139,55,0.0083588383313389,PGNN_ALL_RESULTS_May12/female_pgnn_target-AGE_l2_fw-none_80pct_knn5/age/results_knn5_l2_fw-none_K3200_p1000000.0_mu1.77e-18.csv
Age,5.0,l2,none,5.0,2.0,0.0282842712474619,0.538625619245039,59.89188925907353,11.10600916488406,34.94534866019692,0.6349526518275952,53,0.0083173156107196,PGNN_ALL_RESULTS_May12/female_pgnn_target-AGE_l2_fw-none_80pct_knn5/age/results_knn5_l2_fw-none_K5_p2.0_mu0.0283.csv
Age,5.0,l2,none,15.0,3.0,0.0081649658092772,0.5435909157365731,60.44399999607533,11.20838947067104,35.26749097329495,0.6281912844044071,60,0.0084665398864587,PGNN_ALL_RESULTS_May12/female_pgnn_target-AGE_l2_fw-none_80pct_knn5/age/results_knn5_l2_fw-none_K15_p3.0_mu0.00816.csv
Age,5.0,l2,none,400.0,10000.0,5e-13,0.5819698156498502,64.71149998375294,11.999730107560987,37.75746500938159,0.5738366423406817,124,0.0098220893366632,PGNN_ALL_RESULTS_May12/female_pgnn_target-AGE_l2_fw-none_80pct_knn5/age/results_knn5_l2_fw-none_K400_p10000.0_mu5e-13.csv
Age,5.0,l2,none,30.0,5.0,0.0017320508075688,0.5220273432669765,58.046262034429,10.763766840565694,33.86847422474293,0.6571045770014898,42,0.0081082168258816,PGNN_ALL_RESULTS_May12/female_pgnn_target-AGE_l2_fw-none_80pct_knn5/age/results_knn5_l2_fw-none_K30_p5.0_mu0.00173.csv
Age,5.0,l2,none,10.0,2.0,0.02,0.580331835498536,64.52936656431297,11.965956466371097,37.651195362978186,0.5762321781910004,36,0.0080101650465708,PGNN_ALL_RESULTS_May12/female_pgnn_target-AGE_l2_fw-none_80pct_knn5/age/results_knn5_l2_fw-none_K10_p2.0_mu0.02.csv
Age,5.0,l2,none,80.0,10.0,3.535533905932738e-05,0.5794584731233742,64.43225398595187,11.947948632936791,37.59453324352251,0.5775067054809051,66,0.0086018887790109,PGNN_ALL_RESULTS_May12/female_pgnn_target-AGE_l2_fw-none_80pct_knn5/age/results_knn5_l2_fw-none_K80_p10.0_mu3.54e-05.csv
Age,5.0,l2,none,100.0,100.0,1.0000000000000001e-07,0.5590666167423646,62.16480371897386,11.527485217584177,36.27153409682518,0.6067195975781408,47,0.0081989226111178,PGNN_ALL_RESULTS_May12/female_pgnn_target-AGE_l2_fw-none_80pct_knn5/age/results_knn5_l2_fw-none_K100_p100.0_mu1e-07.csv
Age,5.0,l2,none,10.0,3.0,0.01,0.5858169609486691,65.13927911635972,12.07905489662178,38.00706253536696,0.5681836639229325,24,0.0078540150828855,PGNN_ALL_RESULTS_May12/female_pgnn_target-AGE_l2_fw-none_80pct_knn5/age/results_knn5_l2_fw-none_K10_p3.0_mu0.01.csv
Age,5.0,l2,none,40.0,10.0,5e-05,0.6052395759901996,67.29895564793546,12.479533184343762,39.26717795464227,0.5390754696618738,33,0.0079659287950588,PGNN_ALL_RESULTS_May12/female_pgnn_target-AGE_l2_fw-none_80pct_knn5/age/results_knn5_l2_fw-none_K40_p10.0_mu5e-05.csv
Age,20.0,l2,none,80.0,10.0,3.535533905932738e-05,0.5257075844305863,51.34356886344564,10.226220766197509,30.65065164468229,0.7360634567390437,179,0.0097803165985576,PGNN_ALL_RESULTS_May12/male_pgnn_target-AGE_l2_fw-none_80pct_knn20/age/results_knn20_l2_fw-none_K80_p10.0_mu3.54e-05.csv
Age,20.0,l2,none,400.0,10000.0,5e-13,0.5673887668385882,55.4143883126135,11.037015818533758,33.08081595196343,0.6925514098007397,60,0.0084665398864587,PGNN_ALL_RESULTS_May12/male_pgnn_target-AGE_l2_fw-none_80pct_knn20/age/results_knn20_l2_fw-none_K400_p10000.0_mu5e-13.csv
Age,20.0,l2,none,15.0,3.0,0.0081649658092772,0.5274639695515245,51.5151073443015,10.260386596797725,30.753055552814214,0.7342968905710443,133,0.0099225890737155,PGNN_ALL_RESULTS_May12/male_pgnn_target-AGE_l2_fw-none_80pct_knn20/age/results_knn20_l2_fw-none_K15_p3.0_mu0.00816.csv
Age,20.0,l2,none,1600.0,1000000.0,2.500000000000001e-18,0.5169503966071679,50.48829249046194,10.05587366306943,30.14007693325829,0.7447834786375968,85,0.0090517171631665,PGNN_ALL_RESULTS_May12/male_pgnn_target-AGE_l2_fw-none_80pct_knn20/age/results_knn20_l2_fw-none_K1600_p1000000.0_mu2.5e-18.csv
Age,20.0,l2,none,10.0,3.0,0.01,0.5640695328817729,55.09021319647888,10.972448965937303,32.88729224931964,0.6961380470659444,28,0.0078997831519332,PGNN_ALL_RESULTS_May12/male_pgnn_target-AGE_l2_fw-none_80pct_knn20/age/results_knn20_l2_fw-none_K10_p3.0_mu0.01.csv
Age,20.0,l2,none,100.0,100.0,1.0000000000000001e-07,0.5395909576610813,52.69949742644883,10.496284736980654,31.46010382447636,0.7219388172820437,102,0.0094366095580143,PGNN_ALL_RESULTS_May12/male_pgnn_target-AGE_l2_fw-none_80pct_knn20/age/results_knn20_l2_fw-none_K100_p100.0_mu1e-07.csv
Age,20.0,l2,none,30.0,5.0,0.0017320508075688,0.4980336841878162,48.64077962297121,9.687900005461453,29.037163877533644,0.7631199570482029,148,0.0099989145419203,PGNN_ALL_RESULTS_May12/male_pgnn_target-AGE_l2_fw-none_80pct_knn20/age/results_knn20_l2_fw-none_K30_p5.0_mu0.00173.csv
Age,20.0,l2,none,5.0,2.0,0.0282842712474619,0.5345308558094316,52.20529932931155,10.39785378318954,31.16508057544992,0.7271294922412284,99,0.0093723997248121,PGNN_ALL_RESULTS_May12/male_pgnn_target-AGE_l2_fw-none_80pct_knn20/age/results_knn20_l2_fw-none_K5_p2.0_mu0.0283.csv
Age,20.0,l2,none,10.0,2.0,0.02,0.5407935036124528,52.8169448491117,10.519677107392967,31.530216861642657,0.7206980479544918,97,0.0093284929847445,PGNN_ALL_RESULTS_May12/male_pgnn_target-AGE_l2_fw-none_80pct_knn20/age/results_knn20_l2_fw-none_K10_p2.0_mu0.02.csv
Age,20.0,l2,none,15.0,5.0,0.0024494897427831,0.5041032851456332,49.23357109865224,9.805967764660393,29.391043755585656,0.7573109986993943,138,0.0099611725283593,PGNN_ALL_RESULTS_May12/male_pgnn_target-AGE_l2_fw-none_80pct_knn20/age/results_knn20_l2_fw-none_K15_p5.0_mu0.00245.csv
Age,20.0,l2,none,40.0,10.0,5e-05,0.6027724034891312,58.87015391084822,11.725308810271985,35.14380962299573,0.6530093591034656,22,0.007833601469858,PGNN_ALL_RESULTS_May12/male_pgnn_target-AGE_l2_fw-none_80pct_knn20/age/results_knn20_l2_fw-none_K40_p10.0_mu5e-05.csv
Age,20.0,l2,none,200.0,100.0,7.071067811865477e-08,0.5184216958521304,50.63198787614729,10.084493657421632,30.225858523253077,0.7433286611727534,95,0.0092838061109327,PGNN_ALL_RESULTS_May12/male_pgnn_target-AGE_l2_fw-none_80pct_knn20/age/results_knn20_l2_fw-none_K200_p100.0_mu7.07e-08.csv
Age,20.0,l2,none,800.0,10000.0,3.5355339059327374e-13,0.4887576820282729,47.73483291464696,9.507460398235592,28.496339298206703,0.7718616836803778,98,0.009350549257611,PGNN_ALL_RESULTS_May12/male_pgnn_target-AGE_l2_fw-none_80pct_knn20/age/results_knn20_l2_fw-none_K800_p10000.0_mu3.54e-13.csv
Age,20.0,l2,none,3200.0,1000000.0,1.7677669529663694e-18,0.5405062857107458,52.78889352827888,10.51408992093299,31.51347060613205,0.720994646258025,83,0.0090041813844477,PGNN_ALL_RESULTS_May12/male_pgnn_target-AGE_l2_fw-none_80pct_knn20/age/results_knn20_l2_fw-none_K3200_p1000000.0_mu1.77e-18.csv
Age,35.0,l2,none,15.0,3.0,0.0081649658092772,0.5965485196721088,58.167434673455,11.811138150767931,34.33584203118936,0.6616270286085584,34,0.0079803049361372,PGNN_ALL_RESULTS_May12/penn_data_pgnn_target-AGE_l2_fw-none_80pct_knn35/age/results_knn35_l2_fw-none_K15_p3.0_mu0.00816.csv
Age,35.0,l2,none,5.0,2.0,0.0282842712474619,0.5865204152370935,57.18962802338914,11.612590850489475,33.75865051492241,0.6729076498959712,44,0.0081435685141446,PGNN_ALL_RESULTS_May12/penn_data_pgnn_target-AGE_l2_fw-none_80pct_knn35/age/results_knn35_l2_fw-none_K5_p2.0_mu0.0283.csv
Age,35.0,l2,none,400.0,10000.0,5e-13,0.592736799227564,57.79576666550587,11.735669735470792,34.116449830970424,0.6659373655420915,69,0.008671485117228,PGNN_ALL_RESULTS_May12/penn_data_pgnn_target-AGE_l2_fw-none_80pct_knn35/age/results_knn35_l2_fw-none_K400_p10000.0_mu5e-13.csv
Age,35.0,l2,none,3200.0,1000000.0,1.7677669529663694e-18,0.5612078497692461,54.72148511511765,11.111423752923187,32.30172112559452,0.7005311916772227,90,0.0091692456553619,PGNN_ALL_RESULTS_May12/penn_data_pgnn_target-AGE_l2_fw-none_80pct_knn35/age/results_knn35_l2_fw-none_K3200_p1000000.0_mu1.77e-18.csv
Age,35.0,l2,none,40.0,10.0,5e-05,0.5621220868147835,54.81062928674611,11.12952512399406,32.35434313455789,0.6995546961270548,111,0.0096147311545127,PGNN_ALL_RESULTS_May12/penn_data_pgnn_target-AGE_l2_fw-none_80pct_knn35/age/results_knn35_l2_fw-none_K40_p10.0_mu5e-05.csv
Age,35.0,l2,none,80.0,10.0,3.535533905932738e-05,0.589421010095896,57.47245524766301,11.670019882319965,33.925600908674895,0.6696644263603468,59,0.0084445881687844,PGNN_ALL_RESULTS_May12/penn_data_pgnn_target-AGE_l2_fw-none_80pct_knn35/age/results_knn35_l2_fw-none_K80_p10.0_mu3.54e-05.csv
Age,35.0,l2,none,800.0,10000.0,3.5355339059327374e-13,0.5595562620538029,54.560444365912,11.078724253778852,32.206661291157985,0.7022912213113641,83,0.0090041813844477,PGNN_ALL_RESULTS_May12/penn_data_pgnn_target-AGE_l2_fw-none_80pct_knn35/age/results_knn35_l2_fw-none_K800_p10000.0_mu3.54e-13.csv
Age,35.0,l2,none,10.0,3.0,0.01,0.5951733128362822,58.03334289190234,11.783910543243987,34.25668938570375,0.6631853141411936,49,0.0082372966913313,PGNN_ALL_RESULTS_May12/penn_data_pgnn_target-AGE_l2_fw-none_80pct_knn35/age/results_knn35_l2_fw-none_K10_p3.0_mu0.01.csv
Age,35.0,l2,none,200.0,100.0,7.071067811865477e-08,0.5800030919765391,56.55414580777245,11.483553485335165,33.383529461430086,0.6801364610266138,70,0.0086949047439844,PGNN_ALL_RESULTS_May12/penn_data_pgnn_target-AGE_l2_fw-none_80pct_knn35/age/results_knn35_l2_fw-none_K200_p100.0_mu7.07e-08.csv
Age,35.0,l2,none,100.0,100.0,1.0000000000000001e-07,0.5756551694288201,56.13019454074274,11.397468256817726,33.1332734090613,0.6849141222109806,94,0.0092611971691567,PGNN_ALL_RESULTS_May12/penn_data_pgnn_target-AGE_l2_fw-none_80pct_knn35/age/results_knn35_l2_fw-none_K100_p100.0_mu1e-07.csv
Age,35.0,l2,none,10.0,2.0,0.02,0.6035774131934881,58.85279838025999,11.950304426228245,34.740408567392606,0.6536062245861565,31,0.007938309404863,PGNN_ALL_RESULTS_May12/penn_data_pgnn_target-AGE_l2_fw-none_80pct_knn35/age/results_knn35_l2_fw-none_K10_p2.0_mu0.02.csv
Age,35.0,l2,none,1600.0,1000000.0,2.500000000000001e-18,0.6014291344202776,58.64332696078554,11.9077703800917,34.61675898591712,0.656067635740911,40,0.0080741665917822,PGNN_ALL_RESULTS_May12/penn_data_pgnn_target-AGE_l2_fw-none_80pct_knn35/age/results_knn35_l2_fw-none_K1600_p1000000.0_mu2.5e-18.csv
Age,35.0,l2,none,15.0,5.0,0.0024494897427831,0.5932004044203801,57.840971244644265,11.74484853432708,34.14313327024127,0.6654145913908007,37,0.008025638531605,PGNN_ALL_RESULTS_May12/penn_data_pgnn_target-AGE_l2_fw-none_80pct_knn35/age/results_knn35_l2_fw-none_K15_p5.0_mu0.00245.csv
Age,35.0,l2,none,30.0,5.0,0.0017320508075688,0.6052535621262334,59.01623401094771,11.983490572649854,34.83688312103944,0.6516796656235233,74,0.0087894223403149,PGNN_ALL_RESULTS_May12/penn_data_pgnn_target-AGE_l2_fw-none_80pct_knn35/age/results_knn35_l2_fw-none_K30_p5.0_mu0.00173.csv
Age,15.0,l2,none,400.0,10000.0,5e-13,0.53780859967582,52.52542228911806,10.46161356580486,31.35618527879669,0.7237727473379161,111,0.0096147311545127,PGNN_ALL_RESULTS_May12/male_pgnn_target-AGE_l2_fw-none_80pct_knn15/age/results_knn15_l2_fw-none_K400_p10000.0_mu5e-13.csv
Age,15.0,l2,none,800.0,10000.0,3.5355339059327374e-13,0.5419800269835131,52.93282741617816,10.54275718129761,31.59939386469769,0.7194711033175184,83,0.0090041813844477,PGNN_ALL_RESULTS_May12/male_pgnn_target-AGE_l2_fw-none_80pct_knn15/age/results_knn15_l2_fw-none_K800_p10000.0_mu3.54e-13.csv
Age,15.0,l2,none,5.0,2.0,0.0282842712474619,0.5186917258131635,50.65836052571543,10.08974649538938,30.24160264910136,0.7430612070803415,124,0.0098220893366632,PGNN_ALL_RESULTS_May12/male_pgnn_target-AGE_l2_fw-none_80pct_knn15/age/results_knn15_l2_fw-none_K5_p2.0_mu0.0283.csv
Age,15.0,l2,none,10.0,3.0,0.01,0.4838291682673978,47.25348645290624,9.411589511787918,28.208989238926968,0.7764394688316022,123,0.0098086021253405,PGNN_ALL_RESULTS_May12/male_pgnn_target-AGE_l2_fw-none_80pct_knn15/age/results_knn15_l2_fw-none_K10_p3.0_mu0.01.csv
Age,15.0,l2,none,15.0,5.0,0.0024494897427831,0.5352146549990383,52.27208301632716,10.41115548247224,31.20494923859711,0.7264309058943375,100,0.0093940336813573,PGNN_ALL_RESULTS_May12/male_pgnn_target-AGE_l2_fw-none_80pct_knn15/age/results_knn15_l2_fw-none_K15_p5.0_mu0.00245.csv
Age,15.0,l2,none,30.0,5.0,0.0017320508075688,0.5561634962307035,54.318065049385325,10.818658576825428,32.42634232942845,0.7045962526300031,110,0.0095961628708421,PGNN_ALL_RESULTS_May12/male_pgnn_target-AGE_l2_fw-none_80pct_knn15/age/results_knn15_l2_fw-none_K30_p5.0_mu0.00173.csv
Age,15.0,l2,none,1600.0,1000000.0,2.500000000000001e-18,0.5244032273665549,51.21617799307774,10.200848271839767,30.57460365943966,0.7373715619136715,77,0.0088609061729741,PGNN_ALL_RESULTS_May12/male_pgnn_target-AGE_l2_fw-none_80pct_knn15/age/results_knn15_l2_fw-none_K1600_p1000000.0_mu2.5e-18.csv
Age,15.0,l2,none,200.0,100.0,7.071067811865477e-08,0.5097739515880666,49.78740037867692,9.91627531143491,29.721664252371824,0.7518202633198209,105,0.0094985858282077,PGNN_ALL_RESULTS_May12/male_pgnn_target-AGE_l2_fw-none_80pct_knn15/age/results_knn15_l2_fw-none_K200_p100.0_mu7.07e-08.csv
Age,15.0,l2,none,3200.0,1000000.0,1.7677669529663694e-18,0.5289235052450669,51.6576538351824,10.288777960144298,30.83815187603559,0.7328244119337552,105,0.0094985858282077,PGNN_ALL_RESULTS_May12/male_pgnn_target-AGE_l2_fw-none_80pct_knn15/age/results_knn15_l2_fw-none_K3200_p1000000.0_mu1.77e-18.csv
Age,15.0,l2,none,80.0,10.0,3.535533905932738e-05,0.524257193014274,51.20191545427324,10.198007316753742,30.56608857584516,0.7375178136209776,88,0.009122513696999,PGNN_ALL_RESULTS_May12/male_pgnn_target-AGE_l2_fw-none_80pct_knn15/age/results_knn15_l2_fw-none_K80_p10.0_mu3.54e-05.csv
Age,15.0,l2,none,40.0,10.0,5e-05,0.5141486433450426,50.21465745872063,10.001372696625346,29.976723317590423,0.7475424126161869,112,0.0096329612111306,PGNN_ALL_RESULTS_May12/male_pgnn_target-AGE_l2_fw-none_80pct_knn15/age/results_knn15_l2_fw-none_K40_p10.0_mu5e-05.csv
Age,15.0,l2,none,100.0,100.0,1.0000000000000001e-07,0.5277809736100886,51.5460677492736,10.266553374069249,30.77153899320156,0.7339774212628574,109,0.009577265879135,PGNN_ALL_RESULTS_May12/male_pgnn_target-AGE_l2_fw-none_80pct_knn15/age/results_knn15_l2_fw-none_K100_p100.0_mu1e-07.csv
Age,15.0,l2,none,15.0,3.0,0.0081649658092772,0.5812600618876115,56.76913725226616,11.306844593090624,33.88956318730492,0.6773348904469827,27,0.0078877329137354,PGNN_ALL_RESULTS_May12/male_pgnn_target-AGE_l2_fw-none_80pct_knn15/age/results_knn15_l2_fw-none_K15_p3.0_mu0.00816.csv
Age,15.0,l2,none,10.0,2.0,0.02,0.5303342652780427,51.7954366198484,10.316220504360029,30.92040434077608,0.7313972743439429,109,0.009577265879135,PGNN_ALL_RESULTS_May12/male_pgnn_target-AGE_l2_fw-none_80pct_knn15/age/results_knn15_l2_fw-none_K10_p2.0_mu0.02.csv
