target,kNN_graph,edge_metrics,fw_source,K,p,mu_used,RMSE_scaled,RelRMSE_scaled_pct,RMSE_orig,RelRMSE_orig_pct,R2,best_epoch,best_lr,source_file
BMD,35.0,l2,none,15.0,3.0,0.0081649658092772,0.5286064205948204,56.20806393570581,0.0764444879323661,7.623674349886956,0.6820305690390978,16,0.0077825627087219,PGNN_ALL_RESULTS_May12/female_pgnn_target-BMD_l2_fw-none_80pct_knn35/bmd/results_knn35_l2_fw-none_K15_p3.0_mu0.00816.csv
BMD,35.0,l2,none,5.0,2.0,0.0282842712474619,0.5292830003712191,56.28000638257701,0.0765423160610927,7.633430577129002,0.6812160902322657,27,0.0078877329137354,PGNN_ALL_RESULTS_May12/female_pgnn_target-BMD_l2_fw-none_80pct_knn35/bmd/results_knn35_l2_fw-none_K5_p2.0_mu0.0283.csv
BMD,35.0,l2,none,400.0,10000.0,5e-13,0.5232393236333762,55.63736687754573,0.0756683070642023,7.546267196859399,0.6884546646692897,19,0.0078061467165669,PGNN_ALL_RESULTS_May12/female_pgnn_target-BMD_l2_fw-none_80pct_knn35/bmd/results_knn35_l2_fw-none_K400_p10000.0_mu5e-13.csv
BMD,35.0,l2,none,3200.0,1000000.0,1.7677669529663694e-18,0.5040450561807587,53.59639164504336,0.0728925377637346,7.269444605858441,0.7108925915497313,18,0.007797851601572,PGNN_ALL_RESULTS_May12/female_pgnn_target-BMD_l2_fw-none_80pct_knn35/bmd/results_knn35_l2_fw-none_K3200_p1000000.0_mu1.77e-18.csv
BMD,35.0,l2,none,40.0,10.0,5e-05,0.5203996160144332,55.335413550485015,0.0752576437328571,7.505312464997171,0.6918271060023172,23,0.0078435994062494,PGNN_ALL_RESULTS_May12/female_pgnn_target-BMD_l2_fw-none_80pct_knn35/bmd/results_knn35_l2_fw-none_K40_p10.0_mu5e-05.csv
BMD,35.0,l2,none,80.0,10.0,3.535533905932738e-05,0.5191735673735149,55.20504468300235,0.0750803423397454,7.487630508855863,0.6932774909039436,21,0.0078240246106395,PGNN_ALL_RESULTS_May12/female_pgnn_target-BMD_l2_fw-none_80pct_knn35/bmd/results_knn35_l2_fw-none_K80_p10.0_mu3.54e-05.csv
BMD,35.0,l2,none,800.0,10000.0,3.5355339059327374e-13,0.5263563651677868,55.96880982456717,0.0761190844646584,7.591222434291387,0.6847317324506308,25,0.0078648450115282,PGNN_ALL_RESULTS_May12/female_pgnn_target-BMD_l2_fw-none_80pct_knn35/bmd/results_knn35_l2_fw-none_K800_p10000.0_mu3.54e-13.csv
BMD,35.0,l2,none,10.0,3.0,0.01,0.5385389914357287,57.26421943272658,0.0778808720913208,7.766922416103259,0.6699689453534389,15,0.0077755739506987,PGNN_ALL_RESULTS_May12/female_pgnn_target-BMD_l2_fw-none_80pct_knn35/bmd/results_knn35_l2_fw-none_K10_p3.0_mu0.01.csv
BMD,35.0,l2,none,200.0,100.0,7.071067811865477e-08,0.5313881035056998,56.50384734811239,0.076846746806591,7.663790920020251,0.6786752660320804,24,0.0078540150828855,PGNN_ALL_RESULTS_May12/female_pgnn_target-BMD_l2_fw-none_80pct_knn35/bmd/results_knn35_l2_fw-none_K200_p100.0_mu7.07e-08.csv
BMD,35.0,l2,none,100.0,100.0,1.0000000000000001e-07,0.5173290203371667,55.00890930947658,0.0748135964915008,7.461028414496879,0.695453098802628,23,0.0078435994062494,PGNN_ALL_RESULTS_May12/female_pgnn_target-BMD_l2_fw-none_80pct_knn35/bmd/results_knn35_l2_fw-none_K100_p100.0_mu1e-07.csv
BMD,35.0,l2,none,10.0,2.0,0.02,0.5075084056780397,53.96465839775478,0.0733933785476608,7.319392576484832,0.7069059640117089,30,0.0079250757223036,PGNN_ALL_RESULTS_May12/female_pgnn_target-BMD_l2_fw-none_80pct_knn35/bmd/results_knn35_l2_fw-none_K10_p2.0_mu0.02.csv
BMD,35.0,l2,none,1600.0,1000000.0,2.500000000000001e-18,0.5385710085635772,57.26762389528896,0.0778855091348895,7.767384860303877,0.6699297022875073,29,0.0079122321709504,PGNN_ALL_RESULTS_May12/female_pgnn_target-BMD_l2_fw-none_80pct_knn35/bmd/results_knn35_l2_fw-none_K1600_p1000000.0_mu2.5e-18.csv
BMD,35.0,l2,none,15.0,5.0,0.0024494897427831,0.4993265473071561,53.09466060638096,0.0722101590641746,7.201392178149758,0.7162800890773426,22,0.007833601469858,PGNN_ALL_RESULTS_May12/female_pgnn_target-BMD_l2_fw-none_80pct_knn35/bmd/results_knn35_l2_fw-none_K15_p5.0_mu0.00245.csv
BMD,35.0,l2,none,30.0,5.0,0.0017320508075688,0.5200617672868808,55.29948923678204,0.0752087875905886,7.500440127844804,0.6922271140744805,16,0.0077825627087219,PGNN_ALL_RESULTS_May12/female_pgnn_target-BMD_l2_fw-none_80pct_knn35/bmd/results_knn35_l2_fw-none_K30_p5.0_mu0.00173.csv
BMD,40.0,l2,none,100.0,100.0,1.0000000000000001e-07,0.3579586591209046,38.74350617293727,0.069463836903271,6.501091240100244,0.8486625768635554,79,0.008908689783734,PGNN_ALL_RESULTS_May12/male_pgnn_target-BMD_l2_fw-none_80pct_knn40/bmd/results_knn40_l2_fw-none_K100_p100.0_mu1e-07.csv
BMD,40.0,l2,none,200.0,100.0,7.071067811865477e-08,0.3902399183039857,42.23745479678507,0.0757281935147924,7.087369737050189,0.8201361133528784,26,0.0078760855523611,PGNN_ALL_RESULTS_May12/male_pgnn_target-BMD_l2_fw-none_80pct_knn40/bmd/results_knn40_l2_fw-none_K200_p100.0_mu7.07e-08.csv
BMD,40.0,l2,none,10.0,2.0,0.02,0.3635605846483131,39.34982824595124,0.0705509177463651,6.602830678365953,0.8438887590647632,38,0.008041467058907,PGNN_ALL_RESULTS_May12/male_pgnn_target-BMD_l2_fw-none_80pct_knn40/bmd/results_knn40_l2_fw-none_K10_p2.0_mu0.02.csv
BMD,40.0,l2,none,15.0,3.0,0.0081649658092772,0.3846254180062591,41.6297716987504,0.0746386765203805,6.985402300408663,0.8252743953100696,43,0.0081257331606513,PGNN_ALL_RESULTS_May12/male_pgnn_target-BMD_l2_fw-none_80pct_knn40/bmd/results_knn40_l2_fw-none_K15_p3.0_mu0.00816.csv
BMD,40.0,l2,none,10.0,3.0,0.01,0.3774439741030332,40.85249111311368,0.0732450771381681,6.854975921161487,0.8317381799910738,51,0.0082767809973118,PGNN_ALL_RESULTS_May12/male_pgnn_target-BMD_l2_fw-none_80pct_knn40/bmd/results_knn40_l2_fw-none_K10_p3.0_mu0.01.csv
BMD,40.0,l2,none,5.0,2.0,0.0282842712474619,0.3769215512339706,40.795946891772246,0.0731436924706137,6.845487372824654,0.8322036423888811,46,0.0081801699963272,PGNN_ALL_RESULTS_May12/male_pgnn_target-BMD_l2_fw-none_80pct_knn40/bmd/results_knn40_l2_fw-none_K5_p2.0_mu0.0283.csv
BMD,40.0,l2,none,40.0,10.0,5e-05,0.3742492013013308,40.50670621139383,0.072625100834563,6.796952600018867,0.8345745388375921,31,0.007938309404863,PGNN_ALL_RESULTS_May12/male_pgnn_target-BMD_l2_fw-none_80pct_knn40/bmd/results_knn40_l2_fw-none_K40_p10.0_mu5e-05.csv
BMD,40.0,l2,none,80.0,10.0,3.535533905932738e-05,0.3584548047711849,38.79720629046346,0.0695601215748903,6.5101024819654425,0.8482427661504902,46,0.0081801699963272,PGNN_ALL_RESULTS_May12/male_pgnn_target-BMD_l2_fw-none_80pct_knn40/bmd/results_knn40_l2_fw-none_K80_p10.0_mu3.54e-05.csv
BMD,40.0,l2,none,30.0,5.0,0.0017320508075688,0.3723145148018215,40.29730622503641,0.0722496689496195,6.761816088025454,0.8362804565153366,46,0.0081801699963272,PGNN_ALL_RESULTS_May12/male_pgnn_target-BMD_l2_fw-none_80pct_knn40/bmd/results_knn40_l2_fw-none_K30_p5.0_mu0.00173.csv
BMD,40.0,l2,none,1600.0,1000000.0,2.500000000000001e-18,0.379800491423903,41.1075477824843,0.0737023561193762,6.89777246842324,0.8296305841455861,11,0.0077520417759527,PGNN_ALL_RESULTS_May12/male_pgnn_target-BMD_l2_fw-none_80pct_knn40/bmd/results_knn40_l2_fw-none_K1600_p1000000.0_mu2.5e-18.csv
BMD,40.0,l2,none,400.0,10000.0,5e-13,0.3821299143009541,41.35967189602873,0.0741543870144122,6.940077849510465,0.8275343285690507,11,0.0077520417759527,PGNN_ALL_RESULTS_May12/male_pgnn_target-BMD_l2_fw-none_80pct_knn40/bmd/results_knn40_l2_fw-none_K400_p10000.0_mu5e-13.csv
BMD,40.0,l2,none,3200.0,1000000.0,1.7677669529663694e-18,0.4093073084806314,44.30120581994767,0.0794283163725063,7.433662676944585,0.8021301664727798,5,0.0077302022740362,PGNN_ALL_RESULTS_May12/male_pgnn_target-BMD_l2_fw-none_80pct_knn40/bmd/results_knn40_l2_fw-none_K3200_p1000000.0_mu1.77e-18.csv
BMD,40.0,l2,none,15.0,5.0,0.0024494897427831,0.379321385184601,41.05569191849856,0.0736093869032501,6.8890715186413045,0.830060144234432,34,0.0079803049361372,PGNN_ALL_RESULTS_May12/male_pgnn_target-BMD_l2_fw-none_80pct_knn40/bmd/results_knn40_l2_fw-none_K15_p5.0_mu0.00245.csv
BMD,40.0,l2,none,800.0,10000.0,3.5355339059327374e-13,0.370295195173645,40.0787460072964,0.0718578054267746,6.725141745961254,0.8380515695525794,11,0.0077520417759527,PGNN_ALL_RESULTS_May12/male_pgnn_target-BMD_l2_fw-none_80pct_knn40/bmd/results_knn40_l2_fw-none_K800_p10000.0_mu3.54e-13.csv
BMD,2.0,l2,none,100.0,100.0,1.0000000000000001e-07,0.4940384741219954,52.53236634715925,0.0714454316710353,7.125127260044874,0.7222576886940066,29,0.0079122321709504,PGNN_ALL_RESULTS_May12/female_pgnn_target-BMD_l2_fw-none_80pct_knn2/bmd/results_knn2_l2_fw-none_K100_p100.0_mu1e-07.csv
BMD,2.0,l2,none,5.0,2.0,0.0282842712474619,0.5199677749885969,55.28949479686309,0.0751951950915725,7.499084571821046,0.6923383534255356,22,0.007833601469858,PGNN_ALL_RESULTS_May12/female_pgnn_target-BMD_l2_fw-none_80pct_knn2/bmd/results_knn2_l2_fw-none_K5_p2.0_mu0.0283.csv
BMD,2.0,l2,none,15.0,5.0,0.0024494897427831,0.4947544690967604,52.60849991223012,0.0715489640681649,7.135452363943496,0.7214520583149862,24,0.0078540150828855,PGNN_ALL_RESULTS_May12/female_pgnn_target-BMD_l2_fw-none_80pct_knn2/bmd/results_knn2_l2_fw-none_K15_p5.0_mu0.00245.csv
BMD,2.0,l2,none,3200.0,1000000.0,1.7677669529663694e-18,0.5254728220824684,55.87486044314716,0.0759913025994116,7.57847897358138,0.6857892642913195,29,0.0079122321709504,PGNN_ALL_RESULTS_May12/female_pgnn_target-BMD_l2_fw-none_80pct_knn2/bmd/results_knn2_l2_fw-none_K3200_p1000000.0_mu1.77e-18.csv
BMD,2.0,l2,none,40.0,10.0,5e-05,0.5019245226552681,53.37090992682196,0.0725858712589277,7.238861294623047,0.7133200426636901,22,0.007833601469858,PGNN_ALL_RESULTS_May12/female_pgnn_target-BMD_l2_fw-none_80pct_knn2/bmd/results_knn2_l2_fw-none_K40_p10.0_mu5e-05.csv
BMD,2.0,l2,none,80.0,10.0,3.535533905932738e-05,0.5339152670452607,56.77256706901132,0.0772122227624901,7.7002391943935855,0.6756117006726785,16,0.0077825627087219,PGNN_ALL_RESULTS_May12/female_pgnn_target-BMD_l2_fw-none_80pct_knn2/bmd/results_knn2_l2_fw-none_K80_p10.0_mu3.54e-05.csv
BMD,2.0,l2,none,10.0,2.0,0.02,0.5210961675891504,55.40947964942148,0.0753583801796073,7.515358733681286,0.6910015789750743,36,0.0080101650465708,PGNN_ALL_RESULTS_May12/female_pgnn_target-BMD_l2_fw-none_80pct_knn2/bmd/results_knn2_l2_fw-none_K10_p2.0_mu0.02.csv
BMD,2.0,l2,none,10.0,3.0,0.01,0.5238637910290029,55.70376808254747,0.0757586244644824,7.555274392361496,0.6877105845149398,19,0.0078061467165669,PGNN_ALL_RESULTS_May12/female_pgnn_target-BMD_l2_fw-none_80pct_knn2/bmd/results_knn2_l2_fw-none_K10_p3.0_mu0.01.csv
BMD,2.0,l2,none,200.0,100.0,7.071067811865477e-08,0.5204825115514851,55.34422804358435,0.0752696363398289,7.506508466600846,0.6917289191804332,53,0.0083173156107196,PGNN_ALL_RESULTS_May12/female_pgnn_target-BMD_l2_fw-none_80pct_knn2/bmd/results_knn2_l2_fw-none_K200_p100.0_mu7.07e-08.csv
BMD,2.0,l2,none,800.0,10000.0,3.5355339059327374e-13,0.502170958757626,53.39711410380076,0.072621503176233,7.242414803075328,0.7130384639336065,22,0.007833601469858,PGNN_ALL_RESULTS_May12/female_pgnn_target-BMD_l2_fw-none_80pct_knn2/bmd/results_knn2_l2_fw-none_K800_p10000.0_mu3.54e-13.csv
BMD,2.0,l2,none,1600.0,1000000.0,2.500000000000001e-18,0.501302208318392,53.30473766202829,0.0724958649269976,7.229885121420475,0.714030485932257,31,0.007938309404863,PGNN_ALL_RESULTS_May12/female_pgnn_target-BMD_l2_fw-none_80pct_knn2/bmd/results_knn2_l2_fw-none_K1600_p1000000.0_mu2.5e-18.csv
BMD,2.0,l2,none,30.0,5.0,0.0017320508075688,0.5295914423517586,56.31280380214507,0.0765869293363611,7.637879780616755,0.6808444365404747,16,0.0077825627087219,PGNN_ALL_RESULTS_May12/female_pgnn_target-BMD_l2_fw-none_80pct_knn2/bmd/results_knn2_l2_fw-none_K30_p5.0_mu0.00173.csv
BMD,2.0,l2,none,400.0,10000.0,5e-13,0.5283104765864265,56.17659545727438,0.0764016848554798,7.619405674300522,0.6823865042025261,17,0.0077899894040583,PGNN_ALL_RESULTS_May12/female_pgnn_target-BMD_l2_fw-none_80pct_knn2/bmd/results_knn2_l2_fw-none_K400_p10000.0_mu5e-13.csv
BMD,2.0,l2,none,15.0,3.0,0.0081649658092772,0.5042824406807236,53.62163334213882,0.0729268615716846,7.272867658865094,0.7106202120169351,22,0.007833601469858,PGNN_ALL_RESULTS_May12/female_pgnn_target-BMD_l2_fw-none_80pct_knn2/bmd/results_knn2_l2_fw-none_K15_p3.0_mu0.00816.csv
BMD,15.0,l2,none,400.0,10000.0,5e-13,0.534941849810627,56.88172622308681,0.0773606745990594,7.715044034994369,0.6743630696409664,14,0.0077690254158553,PGNN_ALL_RESULTS_May12/female_pgnn_target-BMD_l2_fw-none_80pct_knn15/bmd/results_knn15_l2_fw-none_K400_p10000.0_mu5e-13.csv
BMD,15.0,l2,none,800.0,10000.0,3.5355339059327374e-13,0.5281221478655295,56.15656998582212,0.0763744474548342,7.616689336232523,0.6826129054748378,19,0.0078061467165669,PGNN_ALL_RESULTS_May12/female_pgnn_target-BMD_l2_fw-none_80pct_knn15/bmd/results_knn15_l2_fw-none_K800_p10000.0_mu3.54e-13.csv
BMD,15.0,l2,none,5.0,2.0,0.0282842712474619,0.5079705130091021,54.01379544452067,0.0734602097708126,7.32605753684358,0.7063719726000659,29,0.0079122321709504,PGNN_ALL_RESULTS_May12/female_pgnn_target-BMD_l2_fw-none_80pct_knn15/bmd/results_knn15_l2_fw-none_K5_p2.0_mu0.0283.csv
BMD,15.0,l2,none,10.0,3.0,0.01,0.4974078499451475,52.890640640305456,0.0719326922750615,7.173720903211283,0.7184563272625055,18,0.007797851601572,PGNN_ALL_RESULTS_May12/female_pgnn_target-BMD_l2_fw-none_80pct_knn15/bmd/results_knn15_l2_fw-none_K10_p3.0_mu0.01.csv
BMD,15.0,l2,none,15.0,5.0,0.0024494897427831,0.5080920130491487,54.02671485252076,0.073477790394031,7.327810821480713,0.7062314916753927,20,0.007814872014491,PGNN_ALL_RESULTS_May12/female_pgnn_target-BMD_l2_fw-none_80pct_knn15/bmd/results_knn15_l2_fw-none_K15_p5.0_mu0.00245.csv
BMD,15.0,l2,none,30.0,5.0,0.0017320508075688,0.5195423288400164,55.244256026789685,0.0751336654348405,7.492948327358267,0.6928416150479182,46,0.0081801699963272,PGNN_ALL_RESULTS_May12/female_pgnn_target-BMD_l2_fw-none_80pct_knn15/bmd/results_knn15_l2_fw-none_K30_p5.0_mu0.00173.csv
BMD,15.0,l2,none,1600.0,1000000.0,2.500000000000001e-18,0.5051655779205375,53.71553956897505,0.0730545815415264,7.285604946855206,0.7096057573133219,38,0.008041467058907,PGNN_ALL_RESULTS_May12/female_pgnn_target-BMD_l2_fw-none_80pct_knn15/bmd/results_knn15_l2_fw-none_K1600_p1000000.0_mu2.5e-18.csv
BMD,15.0,l2,none,200.0,100.0,7.071067811865477e-08,0.5282573721885477,56.17094873170515,0.0763939917582429,7.618638455241798,0.682450352361905,29,0.0079122321709504,PGNN_ALL_RESULTS_May12/female_pgnn_target-BMD_l2_fw-none_80pct_knn15/bmd/results_knn15_l2_fw-none_K200_p100.0_mu7.07e-08.csv
BMD,15.0,l2,none,3200.0,1000000.0,1.7677669529663694e-18,0.5384394939637331,57.25363961369776,0.0778664908190382,7.76548819710873,0.6700908834961734,18,0.007797851601572,PGNN_ALL_RESULTS_May12/female_pgnn_target-BMD_l2_fw-none_80pct_knn15/bmd/results_knn15_l2_fw-none_K3200_p1000000.0_mu1.77e-18.csv
BMD,15.0,l2,none,80.0,10.0,3.535533905932738e-05,0.5188834212603493,55.17419270950349,0.0750383790787736,7.483445586633726,0.6936202259030655,29,0.0079122321709504,PGNN_ALL_RESULTS_May12/female_pgnn_target-BMD_l2_fw-none_80pct_knn15/bmd/results_knn15_l2_fw-none_K80_p10.0_mu3.54e-05.csv
BMD,15.0,l2,none,40.0,10.0,5e-05,0.5220272946184408,55.50848875251887,0.0754930359385173,7.52878771571823,0.6898963172024792,31,0.007938309404863,PGNN_ALL_RESULTS_May12/female_pgnn_target-BMD_l2_fw-none_80pct_knn15/bmd/results_knn15_l2_fw-none_K40_p10.0_mu5e-05.csv
BMD,15.0,l2,none,100.0,100.0,1.0000000000000001e-07,0.5202123700110712,55.31550320713953,0.0752305680240982,7.502612252176695,0.6920488346879269,13,0.007762919241074,PGNN_ALL_RESULTS_May12/female_pgnn_target-BMD_l2_fw-none_80pct_knn15/bmd/results_knn15_l2_fw-none_K100_p100.0_mu1e-07.csv
BMD,15.0,l2,none,15.0,3.0,0.0081649658092772,0.5352108214949282,56.91032666575847,0.0773995767551278,7.718923678607611,0.6740355232607385,17,0.0077899894040583,PGNN_ALL_RESULTS_May12/female_pgnn_target-BMD_l2_fw-none_80pct_knn15/bmd/results_knn15_l2_fw-none_K15_p3.0_mu0.00816.csv
BMD,15.0,l2,none,10.0,2.0,0.02,0.528288330531041,56.17424061093024,0.0763984819230532,7.619086251482138,0.6824131314944515,19,0.0078061467165669,PGNN_ALL_RESULTS_May12/female_pgnn_target-BMD_l2_fw-none_80pct_knn15/bmd/results_knn15_l2_fw-none_K10_p2.0_mu0.02.csv
BMD,15.0,l2,none,400.0,10000.0,5e-13,0.3679769583842571,39.82783261528471,0.0714079452532547,6.683039521786501,0.8400729816995733,40,0.0080741665917822,PGNN_ALL_RESULTS_May12/male_pgnn_target-BMD_l2_fw-none_80pct_knn15/bmd/results_knn15_l2_fw-none_K400_p10000.0_mu5e-13.csv
BMD,15.0,l2,none,800.0,10000.0,3.5355339059327374e-13,0.3807067606083494,41.20563744967708,0.073878222208997,6.914231701682367,0.8288165527361229,9,0.007742955680935,PGNN_ALL_RESULTS_May12/male_pgnn_target-BMD_l2_fw-none_80pct_knn15/bmd/results_knn15_l2_fw-none_K800_p10000.0_mu3.54e-13.csv
BMD,15.0,l2,none,5.0,2.0,0.0282842712474619,0.3857703348366356,41.75369129436552,0.0748608318121351,7.006193720600136,0.8242326335562806,8,0.0077390881639626,PGNN_ALL_RESULTS_May12/male_pgnn_target-BMD_l2_fw-none_80pct_knn15/bmd/results_knn15_l2_fw-none_K5_p2.0_mu0.0283.csv
BMD,15.0,l2,none,10.0,3.0,0.01,0.3839499048984821,41.556657819272445,0.0745075841985588,6.97313342522075,0.8258875934184357,37,0.008025638531605,PGNN_ALL_RESULTS_May12/male_pgnn_target-BMD_l2_fw-none_80pct_knn15/bmd/results_knn15_l2_fw-none_K10_p3.0_mu0.01.csv
BMD,15.0,l2,none,15.0,5.0,0.0024494897427831,0.3768446920379917,40.78762806875182,0.0731287812701042,6.844091839849033,0.8322720671217753,88,0.009122513696999,PGNN_ALL_RESULTS_May12/male_pgnn_target-BMD_l2_fw-none_80pct_knn15/bmd/results_knn15_l2_fw-none_K15_p5.0_mu0.00245.csv
BMD,15.0,l2,none,30.0,5.0,0.0017320508075688,0.3763364034285467,40.73261366310501,0.0730301409575726,6.834860134542959,0.8327242252870966,42,0.0081082168258816,PGNN_ALL_RESULTS_May12/male_pgnn_target-BMD_l2_fw-none_80pct_knn15/bmd/results_knn15_l2_fw-none_K30_p5.0_mu0.00173.csv
BMD,15.0,l2,none,1600.0,1000000.0,2.500000000000001e-18,0.365588211317884,39.56928757285188,0.0709444026284001,6.6396567627538925,0.8421425962015291,77,0.0088609061729741,PGNN_ALL_RESULTS_May12/male_pgnn_target-BMD_l2_fw-none_80pct_knn15/bmd/results_knn15_l2_fw-none_K1600_p1000000.0_mu2.5e-18.csv
BMD,15.0,l2,none,200.0,100.0,7.071067811865477e-08,0.3634150886363199,39.33408054577647,0.0705226953918137,6.600189360089737,0.8440136846974502,88,0.009122513696999,PGNN_ALL_RESULTS_May12/male_pgnn_target-BMD_l2_fw-none_80pct_knn15/bmd/results_knn15_l2_fw-none_K200_p100.0_mu7.07e-08.csv
BMD,15.0,l2,none,3200.0,1000000.0,1.7677669529663694e-18,0.3581723341161197,38.76663319692504,0.0695053043257047,6.504972158701219,0.848481848314307,88,0.009122513696999,PGNN_ALL_RESULTS_May12/male_pgnn_target-BMD_l2_fw-none_80pct_knn15/bmd/results_knn15_l2_fw-none_K3200_p1000000.0_mu1.77e-18.csv
BMD,15.0,l2,none,80.0,10.0,3.535533905932738e-05,0.3565011370771431,38.58575188243248,0.0691810095870024,6.474621550687386,0.8498924873852429,106,0.0095186998443402,PGNN_ALL_RESULTS_May12/male_pgnn_target-BMD_l2_fw-none_80pct_knn15/bmd/results_knn15_l2_fw-none_K80_p10.0_mu3.54e-05.csv
BMD,15.0,l2,none,40.0,10.0,5e-05,0.38314641833952,41.46969278668049,0.074351656420121,6.958540210107947,0.8266155560845831,28,0.0078997831519332,PGNN_ALL_RESULTS_May12/male_pgnn_target-BMD_l2_fw-none_80pct_knn15/bmd/results_knn15_l2_fw-none_K40_p10.0_mu5e-05.csv
BMD,15.0,l2,none,100.0,100.0,1.0000000000000001e-07,0.3716390419382849,40.22419670137703,0.0721185959599618,6.749549022126629,0.8368739750972735,9,0.007742955680935,PGNN_ALL_RESULTS_May12/male_pgnn_target-BMD_l2_fw-none_80pct_knn15/bmd/results_knn15_l2_fw-none_K100_p100.0_mu1e-07.csv
BMD,15.0,l2,none,15.0,3.0,0.0081649658092772,0.3972861025514611,43.0000956099956,0.0770955326177397,7.21533842782083,0.8135822180826946,10,0.0077472740168893,PGNN_ALL_RESULTS_May12/male_pgnn_target-BMD_l2_fw-none_80pct_knn15/bmd/results_knn15_l2_fw-none_K15_p3.0_mu0.00816.csv
BMD,15.0,l2,none,10.0,2.0,0.02,0.3565402409263531,38.58998427124233,0.0691885860387379,6.475330627614379,0.8498595556335599,38,0.008041467058907,PGNN_ALL_RESULTS_May12/male_pgnn_target-BMD_l2_fw-none_80pct_knn15/bmd/results_knn15_l2_fw-none_K10_p2.0_mu0.02.csv
BMD,35.0,l2,none,15.0,3.0,0.0081649658092772,0.3514704324478623,38.04125566508316,0.0682047608981845,6.383254847061855,0.8540990293570281,52,0.0082969208501282,PGNN_ALL_RESULTS_May12/male_pgnn_target-BMD_l2_fw-none_80pct_knn35/bmd/results_knn35_l2_fw-none_K15_p3.0_mu0.00816.csv
BMD,35.0,l2,none,5.0,2.0,0.0282842712474619,0.3842873627747591,41.59318243176472,0.0745730681856927,6.979262043997107,0.8255814002266277,69,0.008671485117228,PGNN_ALL_RESULTS_May12/male_pgnn_target-BMD_l2_fw-none_80pct_knn35/bmd/results_knn35_l2_fw-none_K5_p2.0_mu0.0283.csv
BMD,35.0,l2,none,400.0,10000.0,5e-13,0.3830611273076856,41.46046134742299,0.0743351053876048,6.956991205945456,0.8266927406356953,47,0.0081989226111178,PGNN_ALL_RESULTS_May12/male_pgnn_target-BMD_l2_fw-none_80pct_knn35/bmd/results_knn35_l2_fw-none_K400_p10000.0_mu5e-13.csv
BMD,35.0,l2,none,3200.0,1000000.0,1.7677669529663694e-18,0.3645185204012951,39.45351002264042,0.0707368142323686,6.620228652198088,0.843065008851747,46,0.0081801699963272,PGNN_ALL_RESULTS_May12/male_pgnn_target-BMD_l2_fw-none_80pct_knn35/bmd/results_knn35_l2_fw-none_K3200_p1000000.0_mu1.77e-18.csv
BMD,35.0,l2,none,40.0,10.0,5e-05,0.375190860718386,40.608626325652494,0.0728078400249713,6.8140550838859895,0.8337410278127991,62,0.0085109993808483,PGNN_ALL_RESULTS_May12/male_pgnn_target-BMD_l2_fw-none_80pct_knn35/bmd/results_knn35_l2_fw-none_K40_p10.0_mu5e-05.csv
BMD,35.0,l2,none,80.0,10.0,3.535533905932738e-05,0.3741903027826669,40.50033135479157,0.0726136708539417,6.795882872946418,0.834626603333052,10,0.0077472740168893,PGNN_ALL_RESULTS_May12/male_pgnn_target-BMD_l2_fw-none_80pct_knn35/bmd/results_knn35_l2_fw-none_K80_p10.0_mu3.54e-05.csv
BMD,35.0,l2,none,800.0,10000.0,3.5355339059327374e-13,0.3796802636960472,41.09453498450427,0.0736790361129097,6.895589958839596,0.8297384296392543,37,0.008025638531605,PGNN_ALL_RESULTS_May12/male_pgnn_target-BMD_l2_fw-none_80pct_knn35/bmd/results_knn35_l2_fw-none_K800_p10000.0_mu3.54e-13.csv
BMD,35.0,l2,none,10.0,3.0,0.01,0.3731676212032834,40.38964184058594,0.0724152184362733,6.777309794757872,0.8355293162705097,73,0.0087656872931931,PGNN_ALL_RESULTS_May12/male_pgnn_target-BMD_l2_fw-none_80pct_knn35/bmd/results_knn35_l2_fw-none_K10_p3.0_mu0.01.csv
BMD,35.0,l2,none,200.0,100.0,7.071067811865477e-08,0.3858893571367363,41.76657362337522,0.0748839434312111,7.008356727295674,0.8241241572862141,46,0.0081801699963272,PGNN_ALL_RESULTS_May12/male_pgnn_target-BMD_l2_fw-none_80pct_knn35/bmd/results_knn35_l2_fw-none_K200_p100.0_mu7.07e-08.csv
BMD,35.0,l2,none,100.0,100.0,1.0000000000000001e-07,0.3736682204685766,40.44382399327554,0.0725123598159408,6.786401215568487,0.8350877499412829,31,0.007938309404863,PGNN_ALL_RESULTS_May12/male_pgnn_target-BMD_l2_fw-none_80pct_knn35/bmd/results_knn35_l2_fw-none_K100_p100.0_mu1e-07.csv
BMD,35.0,l2,none,10.0,2.0,0.02,0.3837873900583513,41.5390680933324,0.0744760431561489,6.970181512345564,0.8260349556714477,31,0.007938309404863,PGNN_ALL_RESULTS_May12/male_pgnn_target-BMD_l2_fw-none_80pct_knn35/bmd/results_knn35_l2_fw-none_K10_p2.0_mu0.02.csv
BMD,35.0,l2,none,1600.0,1000000.0,2.500000000000001e-18,0.3490847785175103,37.7830454069375,0.0677418116718425,6.339927623946121,0.8560729532388207,76,0.0088370421783673,PGNN_ALL_RESULTS_May12/male_pgnn_target-BMD_l2_fw-none_80pct_knn35/bmd/results_knn35_l2_fw-none_K1600_p1000000.0_mu2.5e-18.csv
BMD,35.0,l2,none,15.0,5.0,0.0024494897427831,0.3779429076459531,40.90649297703694,0.0733418835203024,6.864035989694061,0.8312930439793333,40,0.0080741665917822,PGNN_ALL_RESULTS_May12/male_pgnn_target-BMD_l2_fw-none_80pct_knn35/bmd/results_knn35_l2_fw-none_K15_p5.0_mu0.00245.csv
BMD,35.0,l2,none,30.0,5.0,0.0017320508075688,0.3635509914274166,39.34878992768863,0.0705490563402082,6.602656470147685,0.843896997525825,45,0.0081617163535314,PGNN_ALL_RESULTS_May12/male_pgnn_target-BMD_l2_fw-none_80pct_knn35/bmd/results_knn35_l2_fw-none_K30_p5.0_mu0.00173.csv
BMD,20.0,l2,none,80.0,10.0,3.535533905932738e-05,0.4700543589276669,48.40245970669826,0.0806869649200546,7.800473187555144,0.7638758045856959,37,0.008025638531605,PGNN_ALL_RESULTS_May12/penn_data_pgnn_target-BMD_l2_fw-none_80pct_knn20/bmd/results_knn20_l2_fw-none_K80_p10.0_mu3.54e-05.csv
BMD,20.0,l2,none,400.0,10000.0,5e-13,0.4705010321590103,48.44845456382815,0.0807636398268497,7.80788579199759,0.7634268332383577,33,0.0079659287950588,PGNN_ALL_RESULTS_May12/penn_data_pgnn_target-BMD_l2_fw-none_80pct_knn20/bmd/results_knn20_l2_fw-none_K400_p10000.0_mu5e-13.csv
BMD,20.0,l2,none,15.0,3.0,0.0081649658092772,0.467719374716798,48.16202160196462,0.0802861555929951,7.761724643572268,0.7662158610395993,25,0.0078648450115282,PGNN_ALL_RESULTS_May12/penn_data_pgnn_target-BMD_l2_fw-none_80pct_knn20/bmd/results_knn20_l2_fw-none_K15_p3.0_mu0.00816.csv
BMD,20.0,l2,none,1600.0,1000000.0,2.500000000000001e-18,0.466939923068995,48.08175986997649,0.0801523539808893,7.748789271809093,0.7669944116194302,26,0.0078760855523611,PGNN_ALL_RESULTS_May12/penn_data_pgnn_target-BMD_l2_fw-none_80pct_knn20/bmd/results_knn20_l2_fw-none_K1600_p1000000.0_mu2.5e-18.csv
BMD,20.0,l2,none,10.0,3.0,0.01,0.4572851216810592,47.08758520425948,0.0784950646470106,7.588569575532868,0.7765303931109822,33,0.0079659287950588,PGNN_ALL_RESULTS_May12/penn_data_pgnn_target-BMD_l2_fw-none_80pct_knn20/bmd/results_knn20_l2_fw-none_K10_p3.0_mu0.01.csv
BMD,20.0,l2,none,100.0,100.0,1.0000000000000001e-07,0.4599914432487171,47.366260676880906,0.0789596215277158,7.633480962342686,0.7738774739343577,58,0.0084228335616671,PGNN_ALL_RESULTS_May12/penn_data_pgnn_target-BMD_l2_fw-none_80pct_knn20/bmd/results_knn20_l2_fw-none_K100_p100.0_mu1e-07.csv
BMD,20.0,l2,none,30.0,5.0,0.0017320508075688,0.4736091305828364,48.768501821908885,0.0812971545611607,7.85946373131259,0.7602909364665316,24,0.0078540150828855,PGNN_ALL_RESULTS_May12/penn_data_pgnn_target-BMD_l2_fw-none_80pct_knn20/bmd/results_knn20_l2_fw-none_K30_p5.0_mu0.00173.csv
BMD,20.0,l2,none,5.0,2.0,0.0282842712474619,0.4697311723826806,48.36918052648358,0.0806314846912663,7.7951095945939874,0.7642003880181714,33,0.0079659287950588,PGNN_ALL_RESULTS_May12/penn_data_pgnn_target-BMD_l2_fw-none_80pct_knn20/bmd/results_knn20_l2_fw-none_K5_p2.0_mu0.0283.csv
BMD,20.0,l2,none,10.0,2.0,0.02,0.4772078970216147,49.13907417006061,0.0819148995385036,7.919184692898949,0.7566341892901202,39,0.0080576450044444,PGNN_ALL_RESULTS_May12/penn_data_pgnn_target-BMD_l2_fw-none_80pct_knn20/bmd/results_knn20_l2_fw-none_K10_p2.0_mu0.02.csv
BMD,20.0,l2,none,15.0,5.0,0.0024494897427831,0.4730720387061614,48.71319637175017,0.0812049633161046,7.850551073166385,0.7608343077025056,27,0.0078877329137354,PGNN_ALL_RESULTS_May12/penn_data_pgnn_target-BMD_l2_fw-none_80pct_knn20/bmd/results_knn20_l2_fw-none_K15_p5.0_mu0.00245.csv
BMD,20.0,l2,none,40.0,10.0,5e-05,0.4576357189693254,47.12368692482919,0.0785552520791523,7.5943882409283745,0.7761875965980956,29,0.0079122321709504,PGNN_ALL_RESULTS_May12/penn_data_pgnn_target-BMD_l2_fw-none_80pct_knn20/bmd/results_knn20_l2_fw-none_K40_p10.0_mu5e-05.csv
BMD,20.0,l2,none,200.0,100.0,7.071067811865477e-08,0.4728095393963697,48.68616628039178,0.0811599008098304,7.846194621386293,0.761099651692565,30,0.0079250757223036,PGNN_ALL_RESULTS_May12/penn_data_pgnn_target-BMD_l2_fw-none_80pct_knn20/bmd/results_knn20_l2_fw-none_K200_p100.0_mu7.07e-08.csv
BMD,20.0,l2,none,800.0,10000.0,3.5355339059327374e-13,0.4577636562080859,47.13686088423724,0.0785772110284978,7.59651113891774,0.7760624405310516,26,0.0078760855523611,PGNN_ALL_RESULTS_May12/penn_data_pgnn_target-BMD_l2_fw-none_80pct_knn20/bmd/results_knn20_l2_fw-none_K800_p10000.0_mu3.54e-13.csv
BMD,20.0,l2,none,3200.0,1000000.0,1.7677669529663694e-18,0.4681325844092351,48.20457064998159,0.0803570805682073,7.768581369042351,0.7658026023671831,21,0.0078240246106395,PGNN_ALL_RESULTS_May12/penn_data_pgnn_target-BMD_l2_fw-none_80pct_knn20/bmd/results_knn20_l2_fw-none_K3200_p1000000.0_mu1.77e-18.csv
BMD,10.0,l2,none,1600.0,1000000.0,2.500000000000001e-18,0.4798579697458959,49.41195758411823,0.0823698004084451,7.963162577585648,0.7539237234255303,26,0.0078760855523611,PGNN_ALL_RESULTS_May12/penn_data_pgnn_target-BMD_l2_fw-none_80pct_knn10/bmd/results_knn10_l2_fw-none_K1600_p1000000.0_mu2.5e-18.csv
BMD,10.0,l2,none,3200.0,1000000.0,1.7677669529663694e-18,0.4665462498263387,48.04122253019147,0.080084781883198,7.742256688302079,0.7673871362223728,55,0.0083588383313389,PGNN_ALL_RESULTS_May12/penn_data_pgnn_target-BMD_l2_fw-none_80pct_knn10/bmd/results_knn10_l2_fw-none_K3200_p1000000.0_mu1.77e-18.csv
BMD,10.0,l2,none,15.0,3.0,0.0081649658092772,0.4670248898546851,48.090509073856126,0.080166941172386,7.75019949954866,0.7669096061180661,30,0.0079250757223036,PGNN_ALL_RESULTS_May12/penn_data_pgnn_target-BMD_l2_fw-none_80pct_knn10/bmd/results_knn10_l2_fw-none_K15_p3.0_mu0.00816.csv
BMD,10.0,l2,none,30.0,5.0,0.0017320508075688,0.4730618863547586,48.71215096334077,0.0812032189942481,7.850382439535341,0.7608445728118294,38,0.008041467058907,PGNN_ALL_RESULTS_May12/penn_data_pgnn_target-BMD_l2_fw-none_80pct_knn10/bmd/results_knn10_l2_fw-none_K30_p5.0_mu0.00173.csv
BMD,10.0,l2,none,100.0,100.0,1.0000000000000001e-07,0.4707079068247469,48.46975687170482,0.0807991442785584,7.811318211643892,0.7632187497236078,32,0.0079519286647152,PGNN_ALL_RESULTS_May12/penn_data_pgnn_target-BMD_l2_fw-none_80pct_knn10/bmd/results_knn10_l2_fw-none_K100_p100.0_mu1e-07.csv
BMD,10.0,l2,none,40.0,10.0,5e-05,0.4641277255580068,47.79218213470474,0.0796696256779637,7.70212114905127,0.7697925641105567,25,0.0078648450115282,PGNN_ALL_RESULTS_May12/penn_data_pgnn_target-BMD_l2_fw-none_80pct_knn10/bmd/results_knn10_l2_fw-none_K40_p10.0_mu5e-05.csv
BMD,10.0,l2,none,200.0,100.0,7.071067811865477e-08,0.4620161227232496,47.57474606761019,0.0793071586785961,7.667079378515701,0.771882509822461,25,0.0078648450115282,PGNN_ALL_RESULTS_May12/penn_data_pgnn_target-BMD_l2_fw-none_80pct_knn10/bmd/results_knn10_l2_fw-none_K200_p100.0_mu7.07e-08.csv
BMD,10.0,l2,none,10.0,3.0,0.01,0.4761064236192751,49.02565319871516,0.0817258233182507,7.900905606705179,0.7577563484373682,11,0.0077520417759527,PGNN_ALL_RESULTS_May12/penn_data_pgnn_target-BMD_l2_fw-none_80pct_knn10/bmd/results_knn10_l2_fw-none_K10_p3.0_mu0.01.csv
BMD,10.0,l2,none,5.0,2.0,0.0282842712474619,0.4662205942869959,48.00768911257301,0.0800288844601021,7.736852762766585,0.7677117566851877,33,0.0079659287950588,PGNN_ALL_RESULTS_May12/penn_data_pgnn_target-BMD_l2_fw-none_80pct_knn10/bmd/results_knn10_l2_fw-none_K5_p2.0_mu0.0283.csv
BMD,10.0,l2,none,80.0,10.0,3.535533905932738e-05,0.4628405940683781,47.659643570003205,0.0794486874480866,7.680761779046835,0.7710676285377954,20,0.007814872014491,PGNN_ALL_RESULTS_May12/penn_data_pgnn_target-BMD_l2_fw-none_80pct_knn10/bmd/results_knn10_l2_fw-none_K80_p10.0_mu3.54e-05.csv
BMD,10.0,l2,none,800.0,10000.0,3.5355339059327374e-13,0.4676907219588698,48.15907116881839,0.0802812358631081,7.761249024974994,0.7662445036638921,34,0.0079803049361372,PGNN_ALL_RESULTS_May12/penn_data_pgnn_target-BMD_l2_fw-none_80pct_knn10/bmd/results_knn10_l2_fw-none_K800_p10000.0_mu3.54e-13.csv
BMD,10.0,l2,none,10.0,2.0,0.02,0.4714587313275081,48.54707080795809,0.0809280280321274,7.823778145723987,0.762462769418315,14,0.0077690254158553,PGNN_ALL_RESULTS_May12/penn_data_pgnn_target-BMD_l2_fw-none_80pct_knn10/bmd/results_knn10_l2_fw-none_K10_p2.0_mu0.02.csv
BMD,10.0,l2,none,15.0,5.0,0.0024494897427831,0.458387900448526,47.20114059172463,0.0786843693626733,7.606870751692704,0.7754512646738966,14,0.0077690254158553,PGNN_ALL_RESULTS_May12/penn_data_pgnn_target-BMD_l2_fw-none_80pct_knn10/bmd/results_knn10_l2_fw-none_K15_p5.0_mu0.00245.csv
BMD,10.0,l2,none,400.0,10000.0,5e-13,0.4726088093446127,48.66549669599678,0.081125449431201,7.842864008374153,0.761302457667535,23,0.0078435994062494,PGNN_ALL_RESULTS_May12/penn_data_pgnn_target-BMD_l2_fw-none_80pct_knn10/bmd/results_knn10_l2_fw-none_K400_p10000.0_mu5e-13.csv
BMD,40.0,l2,none,100.0,100.0,1.0000000000000001e-07,0.4707151179835668,48.47049941949232,0.0808003928530865,7.811438918528072,0.7632114947773636,39,0.0080576450044444,PGNN_ALL_RESULTS_May12/penn_data_pgnn_target-BMD_l2_fw-none_80pct_knn40/bmd/results_knn40_l2_fw-none_K100_p100.0_mu1e-07.csv
BMD,40.0,l2,none,200.0,100.0,7.071067811865477e-08,0.4650173165178969,47.88378513715271,0.0798223323651477,7.716884183205791,0.7689092438393244,24,0.0078540150828855,PGNN_ALL_RESULTS_May12/penn_data_pgnn_target-BMD_l2_fw-none_80pct_knn40/bmd/results_knn40_l2_fw-none_K200_p100.0_mu7.07e-08.csv
BMD,40.0,l2,none,10.0,2.0,0.02,0.4629553876946595,47.67146410472464,0.0794683937649972,7.6826669020966305,0.770954054938559,16,0.0077825627087219,PGNN_ALL_RESULTS_May12/penn_data_pgnn_target-BMD_l2_fw-none_80pct_knn40/bmd/results_knn40_l2_fw-none_K10_p2.0_mu0.02.csv
BMD,40.0,l2,none,15.0,3.0,0.0081649658092772,0.456304361555603,46.98659432617757,0.0783267136183793,7.57229411287001,0.777487935953757,21,0.0078240246106395,PGNN_ALL_RESULTS_May12/penn_data_pgnn_target-BMD_l2_fw-none_80pct_knn40/bmd/results_knn40_l2_fw-none_K15_p3.0_mu0.00816.csv
BMD,40.0,l2,none,10.0,3.0,0.01,0.4549282746842994,46.84489584370176,0.0780905023661722,7.549458211912948,0.7788279811296326,31,0.007938309404863,PGNN_ALL_RESULTS_May12/penn_data_pgnn_target-BMD_l2_fw-none_80pct_knn40/bmd/results_knn40_l2_fw-none_K10_p3.0_mu0.01.csv
BMD,40.0,l2,none,5.0,2.0,0.0282842712474619,0.4679543275372735,48.1862151749207,0.0803264890043463,7.765623906534007,0.7659809251269568,29,0.0079122321709504,PGNN_ALL_RESULTS_May12/penn_data_pgnn_target-BMD_l2_fw-none_80pct_knn40/bmd/results_knn40_l2_fw-none_K5_p2.0_mu0.0283.csv
BMD,40.0,l2,none,40.0,10.0,5e-05,0.4694955389429075,48.34491686876496,0.0805910404966731,7.7911996215787775,0.7644368992013886,22,0.007833601469858,PGNN_ALL_RESULTS_May12/penn_data_pgnn_target-BMD_l2_fw-none_80pct_knn40/bmd/results_knn40_l2_fw-none_K40_p10.0_mu5e-05.csv
BMD,40.0,l2,none,80.0,10.0,3.535533905932738e-05,0.4621863426071606,47.59227395755696,0.0793363822243862,7.66990458684528,0.7717143889113119,29,0.0079122321709504,PGNN_ALL_RESULTS_May12/penn_data_pgnn_target-BMD_l2_fw-none_80pct_knn40/bmd/results_knn40_l2_fw-none_K80_p10.0_mu3.54e-05.csv
BMD,40.0,l2,none,30.0,5.0,0.0017320508075688,0.466169035605163,48.002380009545774,0.0800200377687996,7.735997502212765,0.7677631307066125,26,0.0078760855523611,PGNN_ALL_RESULTS_May12/penn_data_pgnn_target-BMD_l2_fw-none_80pct_knn40/bmd/results_knn40_l2_fw-none_K30_p5.0_mu0.00173.csv
BMD,40.0,l2,none,1600.0,1000000.0,2.500000000000001e-18,0.4595657662626198,47.32242784611076,0.0788865560296521,7.626417300211565,0.7742957887506066,31,0.007938309404863,PGNN_ALL_RESULTS_May12/penn_data_pgnn_target-BMD_l2_fw-none_80pct_knn40/bmd/results_knn40_l2_fw-none_K1600_p1000000.0_mu2.5e-18.csv
BMD,40.0,l2,none,400.0,10000.0,5e-13,0.4706340537583366,48.46215207025316,0.0807864671555612,7.810092641217088,0.7632930448408543,20,0.007814872014491,PGNN_ALL_RESULTS_May12/penn_data_pgnn_target-BMD_l2_fw-none_80pct_knn40/bmd/results_knn40_l2_fw-none_K400_p10000.0_mu5e-13.csv
BMD,40.0,l2,none,3200.0,1000000.0,1.7677669529663694e-18,0.4601709880888731,47.3847487766637,0.0789904355734186,7.636459933450888,0.773700918232011,31,0.007938309404863,PGNN_ALL_RESULTS_May12/penn_data_pgnn_target-BMD_l2_fw-none_80pct_knn40/bmd/results_knn40_l2_fw-none_K3200_p1000000.0_mu1.77e-18.csv
BMD,40.0,l2,none,15.0,5.0,0.0024494897427831,0.470311899994799,48.42897923765872,0.080731177073379,7.804747430822481,0.7636169905342766,22,0.007833601469858,PGNN_ALL_RESULTS_May12/penn_data_pgnn_target-BMD_l2_fw-none_80pct_knn40/bmd/results_knn40_l2_fw-none_K15_p5.0_mu0.00245.csv
BMD,40.0,l2,none,800.0,10000.0,3.5355339059327374e-13,0.473580482516647,48.76555187188061,0.0812922421962498,7.858988824729933,0.7603199350350995,19,0.0078061467165669,PGNN_ALL_RESULTS_May12/penn_data_pgnn_target-BMD_l2_fw-none_80pct_knn40/bmd/results_knn40_l2_fw-none_K800_p10000.0_mu3.54e-13.csv
BMD,5.0,l2,none,200.0,100.0,7.071067811865477e-08,0.4655432934813233,47.93794606193803,0.0799126139192637,7.725612220540084,0.7683861787789574,30,0.0079250757223036,PGNN_ALL_RESULTS_May12/penn_data_pgnn_target-BMD_l2_fw-none_80pct_knn5/bmd/results_knn5_l2_fw-none_K200_p100.0_mu7.07e-08.csv
BMD,5.0,l2,none,1600.0,1000000.0,2.500000000000001e-18,0.4713378362122453,48.53462199042433,0.0809072814299162,7.821772452308183,0.7625845760878389,29,0.0079122321709504,PGNN_ALL_RESULTS_May12/penn_data_pgnn_target-BMD_l2_fw-none_80pct_knn5/bmd/results_knn5_l2_fw-none_K1600_p1000000.0_mu2.5e-18.csv
BMD,5.0,l2,none,15.0,5.0,0.0024494897427831,0.4713395231927084,48.534795702256446,0.0809075685556403,7.821800210404104,0.7625828766023839,18,0.007797851601572,PGNN_ALL_RESULTS_May12/penn_data_pgnn_target-BMD_l2_fw-none_80pct_knn5/bmd/results_knn5_l2_fw-none_K15_p5.0_mu0.00245.csv
BMD,5.0,l2,none,800.0,10000.0,3.5355339059327374e-13,0.4615391877410146,47.525635096034456,0.0792252961855544,7.659165260260404,0.7723532338972209,29,0.0079122321709504,PGNN_ALL_RESULTS_May12/penn_data_pgnn_target-BMD_l2_fw-none_80pct_knn5/bmd/results_knn5_l2_fw-none_K800_p10000.0_mu3.54e-13.csv
BMD,5.0,l2,none,3200.0,1000000.0,1.7677669529663694e-18,0.4719638218704571,48.59908101526495,0.0810147333763201,7.832160450266772,0.7619535325793725,37,0.008025638531605,PGNN_ALL_RESULTS_May12/penn_data_pgnn_target-BMD_l2_fw-none_80pct_knn5/bmd/results_knn5_l2_fw-none_K3200_p1000000.0_mu1.77e-18.csv
BMD,5.0,l2,none,5.0,2.0,0.0282842712474619,0.4731327175706081,48.7194445986534,0.0812153702443657,7.851557170804911,0.7607729503101834,28,0.0078997831519332,PGNN_ALL_RESULTS_May12/penn_data_pgnn_target-BMD_l2_fw-none_80pct_knn5/bmd/results_knn5_l2_fw-none_K5_p2.0_mu0.0283.csv
BMD,5.0,l2,none,15.0,3.0,0.0081649658092772,0.4572588978841408,47.08488488620137,0.0784905630898093,7.588134384095367,0.7765560228692159,37,0.008025638531605,PGNN_ALL_RESULTS_May12/penn_data_pgnn_target-BMD_l2_fw-none_80pct_knn5/bmd/results_knn5_l2_fw-none_K15_p3.0_mu0.00816.csv
BMD,5.0,l2,none,400.0,10000.0,5e-13,0.4522166786086788,46.56567724419663,0.0776250457176717,7.504459839372905,0.7814567112893984,16,0.0077825627087219,PGNN_ALL_RESULTS_May12/penn_data_pgnn_target-BMD_l2_fw-none_80pct_knn5/bmd/results_knn5_l2_fw-none_K400_p10000.0_mu5e-13.csv
BMD,5.0,l2,none,30.0,5.0,0.0017320508075688,0.4668393793780888,48.071406680275295,0.0801350924138625,7.747120496798145,0.7670947445250933,33,0.0079659287950588,PGNN_ALL_RESULTS_May12/penn_data_pgnn_target-BMD_l2_fw-none_80pct_knn5/bmd/results_knn5_l2_fw-none_K30_p5.0_mu0.00173.csv
BMD,5.0,l2,none,10.0,2.0,0.02,0.4765678049695562,49.0731625809648,0.0818050260734279,7.908562592796463,0.7572866179212796,27,0.0078877329137354,PGNN_ALL_RESULTS_May12/penn_data_pgnn_target-BMD_l2_fw-none_80pct_knn5/bmd/results_knn5_l2_fw-none_K10_p2.0_mu0.02.csv
BMD,5.0,l2,none,80.0,10.0,3.535533905932738e-05,0.4690834217230412,48.30248031488528,0.0805202964546373,7.784360387959987,0.7648502662923663,10,0.0077472740168893,PGNN_ALL_RESULTS_May12/penn_data_pgnn_target-BMD_l2_fw-none_80pct_knn5/bmd/results_knn5_l2_fw-none_K80_p10.0_mu3.54e-05.csv
BMD,5.0,l2,none,100.0,100.0,1.0000000000000001e-07,0.4683185302944175,48.22371787847597,0.0803890002064294,7.771667224141182,0.7656165153795621,12,0.007757257414529,PGNN_ALL_RESULTS_May12/penn_data_pgnn_target-BMD_l2_fw-none_80pct_knn5/bmd/results_knn5_l2_fw-none_K100_p100.0_mu1e-07.csv
BMD,5.0,l2,none,10.0,3.0,0.01,0.4690744681065258,48.30155834266146,0.0805187588317105,7.784211737103862,0.764859243034447,25,0.0078648450115282,PGNN_ALL_RESULTS_May12/penn_data_pgnn_target-BMD_l2_fw-none_80pct_knn5/bmd/results_knn5_l2_fw-none_K10_p3.0_mu0.01.csv
BMD,5.0,l2,none,40.0,10.0,5e-05,0.4738310319242123,48.79135145734107,0.0813352514316596,7.863146775000636,0.7600662607990192,19,0.0078061467165669,PGNN_ALL_RESULTS_May12/penn_data_pgnn_target-BMD_l2_fw-none_80pct_knn5/bmd/results_knn5_l2_fw-none_K40_p10.0_mu5e-05.csv
BMD,30.0,l2,none,40.0,10.0,5e-05,0.4669671122285951,48.084559593406354,0.0801570311532192,7.749241440971604,0.7669672757492155,33,0.0079659287950588,PGNN_ALL_RESULTS_May12/penn_data_pgnn_target-BMD_l2_fw-none_80pct_knn30/bmd/results_knn30_l2_fw-none_K40_p10.0_mu5e-05.csv
BMD,30.0,l2,none,15.0,5.0,0.0024494897427831,0.4694402185081452,48.33922041033696,0.0805815425382506,7.790281399284945,0.7644924085058413,13,0.007762919241074,PGNN_ALL_RESULTS_May12/penn_data_pgnn_target-BMD_l2_fw-none_80pct_knn30/bmd/results_knn30_l2_fw-none_K15_p5.0_mu0.00245.csv
BMD,30.0,l2,none,5.0,2.0,0.0282842712474619,0.4727547477080271,48.68052426806512,0.0811504936018262,7.845285172457595,0.7611550185745062,27,0.0078877329137354,PGNN_ALL_RESULTS_May12/penn_data_pgnn_target-BMD_l2_fw-none_80pct_knn30/bmd/results_knn30_l2_fw-none_K5_p2.0_mu0.0283.csv
BMD,30.0,l2,none,1600.0,1000000.0,2.500000000000001e-18,0.4567320646397243,47.03063578840938,0.0784001334470199,7.579392030176893,0.7770706105630542,33,0.0079659287950588,PGNN_ALL_RESULTS_May12/penn_data_pgnn_target-BMD_l2_fw-none_80pct_knn30/bmd/results_knn30_l2_fw-none_K1600_p1000000.0_mu2.5e-18.csv
BMD,30.0,l2,none,15.0,3.0,0.0081649658092772,0.4722064312135284,48.62406299602834,0.0810563825473822,7.836186915290903,0.7617087377965321,66,0.0086018887790109,PGNN_ALL_RESULTS_May12/penn_data_pgnn_target-BMD_l2_fw-none_80pct_knn30/bmd/results_knn30_l2_fw-none_K15_p3.0_mu0.00816.csv
BMD,30.0,l2,none,30.0,5.0,0.0017320508075688,0.4476569422964294,46.096151860727566,0.0768423540458156,7.428792531692103,0.785841670639574,29,0.0079122321709504,PGNN_ALL_RESULTS_May12/penn_data_pgnn_target-BMD_l2_fw-none_80pct_knn30/bmd/results_knn30_l2_fw-none_K30_p5.0_mu0.00173.csv
BMD,30.0,l2,none,800.0,10000.0,3.5355339059327374e-13,0.465550315111322,47.938669093554765,0.0799138152383925,7.725728358972887,0.768379192022441,27,0.0078877329137354,PGNN_ALL_RESULTS_May12/penn_data_pgnn_target-BMD_l2_fw-none_80pct_knn30/bmd/results_knn30_l2_fw-none_K800_p10000.0_mu3.54e-13.csv
BMD,30.0,l2,none,10.0,3.0,0.01,0.4621550636202481,47.5890530962354,0.0793310177929279,7.669385976388208,0.7717452868429951,28,0.0078997831519332,PGNN_ALL_RESULTS_May12/penn_data_pgnn_target-BMD_l2_fw-none_80pct_knn30/bmd/results_knn30_l2_fw-none_K10_p3.0_mu0.01.csv
BMD,30.0,l2,none,10.0,2.0,0.02,0.4562950233023449,46.98563274712087,0.0783251127494733,7.572139347661144,0.7774970432642292,36,0.0080101650465708,PGNN_ALL_RESULTS_May12/penn_data_pgnn_target-BMD_l2_fw-none_80pct_knn30/bmd/results_knn30_l2_fw-none_K10_p2.0_mu0.02.csv
BMD,30.0,l2,none,400.0,10000.0,5e-13,0.4662004172820551,48.005611445064766,0.0800254150593035,7.736517355827768,0.767731862101686,14,0.0077690254158553,PGNN_ALL_RESULTS_May12/penn_data_pgnn_target-BMD_l2_fw-none_80pct_knn30/bmd/results_knn30_l2_fw-none_K400_p10000.0_mu5e-13.csv
BMD,30.0,l2,none,100.0,100.0,1.0000000000000001e-07,0.469365781338332,48.33155546256201,0.0805687654568566,7.789046165304739,0.7645670894897826,27,0.0078877329137354,PGNN_ALL_RESULTS_May12/penn_data_pgnn_target-BMD_l2_fw-none_80pct_knn30/bmd/results_knn30_l2_fw-none_K100_p100.0_mu1e-07.csv
BMD,30.0,l2,none,3200.0,1000000.0,1.7677669529663694e-18,0.4711113630562719,48.5113015858829,0.0808684062250376,7.818014162556956,0.7628126727889813,28,0.0078997831519332,PGNN_ALL_RESULTS_May12/penn_data_pgnn_target-BMD_l2_fw-none_80pct_knn30/bmd/results_knn30_l2_fw-none_K3200_p1000000.0_mu1.77e-18.csv
BMD,30.0,l2,none,200.0,100.0,7.071067811865477e-08,0.4658812878645135,47.972750035569454,0.0799706392925821,7.731221867268235,0.7680497435226485,26,0.0078760855523611,PGNN_ALL_RESULTS_May12/penn_data_pgnn_target-BMD_l2_fw-none_80pct_knn30/bmd/results_knn30_l2_fw-none_K200_p100.0_mu7.07e-08.csv
BMD,30.0,l2,none,80.0,10.0,3.535533905932738e-05,0.4702614880732481,48.42378821888556,0.0807225191086932,7.803910415556661,0.7636676627927228,26,0.0078760855523611,PGNN_ALL_RESULTS_May12/penn_data_pgnn_target-BMD_l2_fw-none_80pct_knn30/bmd/results_knn30_l2_fw-none_K80_p10.0_mu3.54e-05.csv
BMD,20.0,l2,none,80.0,10.0,3.535533905932738e-05,0.3687768240332164,39.91440574019271,0.0715631671012383,6.697566669165414,0.8393769644390732,55,0.0083588383313389,PGNN_ALL_RESULTS_May12/male_pgnn_target-BMD_l2_fw-none_80pct_knn20/bmd/results_knn20_l2_fw-none_K80_p10.0_mu3.54e-05.csv
BMD,20.0,l2,none,400.0,10000.0,5e-13,0.3730498190930929,40.37689157832224,0.0723923690935457,6.775171334395318,0.8356331405807859,94,0.0092611971691567,PGNN_ALL_RESULTS_May12/male_pgnn_target-BMD_l2_fw-none_80pct_knn20/bmd/results_knn20_l2_fw-none_K400_p10000.0_mu5e-13.csv
BMD,20.0,l2,none,15.0,3.0,0.0081649658092772,0.37123672168854,40.18065173694518,0.0720405217091957,6.742242085879506,0.8372269701929438,55,0.0083588383313389,PGNN_ALL_RESULTS_May12/male_pgnn_target-BMD_l2_fw-none_80pct_knn20/bmd/results_knn20_l2_fw-none_K15_p3.0_mu0.00816.csv
BMD,20.0,l2,none,1600.0,1000000.0,2.500000000000001e-18,0.371618913060859,40.22201806072417,0.0721146778709039,6.749182329821858,0.8368916452259055,19,0.0078061467165669,PGNN_ALL_RESULTS_May12/male_pgnn_target-BMD_l2_fw-none_80pct_knn20/bmd/results_knn20_l2_fw-none_K1600_p1000000.0_mu2.5e-18.csv
BMD,20.0,l2,none,10.0,3.0,0.01,0.3636754537108475,39.36226105102518,0.0705732080853379,6.604916821802527,0.8437900949874698,41,0.0080910258923681,PGNN_ALL_RESULTS_May12/male_pgnn_target-BMD_l2_fw-none_80pct_knn20/bmd/results_knn20_l2_fw-none_K10_p3.0_mu0.01.csv
BMD,20.0,l2,none,100.0,100.0,1.0000000000000001e-07,0.3723091197426398,40.29672229305605,0.0722486116231607,6.761717133287484,0.8362852012684503,27,0.0078877329137354,PGNN_ALL_RESULTS_May12/male_pgnn_target-BMD_l2_fw-none_80pct_knn20/bmd/results_knn20_l2_fw-none_K100_p100.0_mu1e-07.csv
BMD,20.0,l2,none,30.0,5.0,0.0017320508075688,0.3816817762616499,41.31116786225357,0.0740674396242981,6.9319404798888025,0.8279386052584012,6,0.0077327104330621,PGNN_ALL_RESULTS_May12/male_pgnn_target-BMD_l2_fw-none_80pct_knn20/bmd/results_knn20_l2_fw-none_K30_p5.0_mu0.00173.csv
BMD,20.0,l2,none,5.0,2.0,0.0282842712474619,0.4051716618191285,43.85358582843098,0.0786257736952966,7.358553045786717,0.8061085247514982,5,0.0077302022740362,PGNN_ALL_RESULTS_May12/male_pgnn_target-BMD_l2_fw-none_80pct_knn20/bmd/results_knn20_l2_fw-none_K5_p2.0_mu0.0283.csv
BMD,20.0,l2,none,10.0,2.0,0.02,0.3801435559857571,41.14467923225158,0.0737689372021947,6.904003763922657,0.8293226640268818,23,0.0078435994062494,PGNN_ALL_RESULTS_May12/male_pgnn_target-BMD_l2_fw-none_80pct_knn20/bmd/results_knn20_l2_fw-none_K10_p2.0_mu0.02.csv
BMD,20.0,l2,none,15.0,5.0,0.0024494897427831,0.3741352173288386,40.49436920367145,0.0726029920599834,6.794883449117382,0.834675289779551,60,0.0084665398864587,PGNN_ALL_RESULTS_May12/male_pgnn_target-BMD_l2_fw-none_80pct_knn20/bmd/results_knn20_l2_fw-none_K15_p5.0_mu0.00245.csv
BMD,20.0,l2,none,40.0,10.0,5e-05,0.3658944141732453,39.60242931119116,0.071003812175757,6.645216877269849,0.8418780546837727,67,0.0086249673641049,PGNN_ALL_RESULTS_May12/male_pgnn_target-BMD_l2_fw-none_80pct_knn20/bmd/results_knn20_l2_fw-none_K40_p10.0_mu5e-05.csv
BMD,20.0,l2,none,200.0,100.0,7.071067811865477e-08,0.3561560410868467,38.54840056185501,0.0691140382337263,6.468353729940206,0.8501829573063485,75,0.0088132107555243,PGNN_ALL_RESULTS_May12/male_pgnn_target-BMD_l2_fw-none_80pct_knn20/bmd/results_knn20_l2_fw-none_K200_p100.0_mu7.07e-08.csv
BMD,20.0,l2,none,800.0,10000.0,3.5355339059327374e-13,0.3903696975942069,42.25150140413396,0.0757533808781084,7.089727011774916,0.8200164613752503,33,0.0079659287950588,PGNN_ALL_RESULTS_May12/male_pgnn_target-BMD_l2_fw-none_80pct_knn20/bmd/results_knn20_l2_fw-none_K800_p10000.0_mu3.54e-13.csv
BMD,20.0,l2,none,3200.0,1000000.0,1.7677669529663694e-18,0.3661231537775706,39.62718684686283,0.0710482011928381,6.649371226683412,0.8416802924043398,9,0.007742955680935,PGNN_ALL_RESULTS_May12/male_pgnn_target-BMD_l2_fw-none_80pct_knn20/bmd/results_knn20_l2_fw-none_K3200_p1000000.0_mu1.77e-18.csv
BMD,2.0,l2,none,100.0,100.0,1.0000000000000001e-07,0.4778929946959303,49.20962008022271,0.0820325035780578,7.930554152119527,0.7559349174069756,10,0.0077472740168893,PGNN_ALL_RESULTS_May12/penn_data_pgnn_target-BMD_l2_fw-none_80pct_knn2/bmd/results_knn2_l2_fw-none_K100_p100.0_mu1e-07.csv
BMD,2.0,l2,none,5.0,2.0,0.0282842712474619,0.4595320867177788,47.31895979442452,0.0788807672030933,7.625857661038077,0.7743288692675518,38,0.008041467058907,PGNN_ALL_RESULTS_May12/penn_data_pgnn_target-BMD_l2_fw-none_80pct_knn2/bmd/results_knn2_l2_fw-none_K5_p2.0_mu0.0283.csv
BMD,2.0,l2,none,15.0,5.0,0.0024494897427831,0.4749683074955135,48.90845905132424,0.0815304621400886,7.882018917465449,0.7589131145076011,30,0.0079250757223036,PGNN_ALL_RESULTS_May12/penn_data_pgnn_target-BMD_l2_fw-none_80pct_knn2/bmd/results_knn2_l2_fw-none_K15_p5.0_mu0.00245.csv
BMD,2.0,l2,none,3200.0,1000000.0,1.7677669529663694e-18,0.4673417743314238,48.12313931720078,0.0802213365688623,7.755458215527879,0.7665931870677194,21,0.0078240246106395,PGNN_ALL_RESULTS_May12/penn_data_pgnn_target-BMD_l2_fw-none_80pct_knn2/bmd/results_knn2_l2_fw-none_K3200_p1000000.0_mu1.77e-18.csv
BMD,2.0,l2,none,40.0,10.0,5e-05,0.4691427231832396,48.30858670765302,0.0805304752822704,7.785344433798261,0.764790807341684,32,0.0079519286647152,PGNN_ALL_RESULTS_May12/penn_data_pgnn_target-BMD_l2_fw-none_80pct_knn2/bmd/results_knn2_l2_fw-none_K40_p10.0_mu5e-05.csv
BMD,2.0,l2,none,80.0,10.0,3.535533905932738e-05,0.4726520216949869,48.66994636018581,0.0811328676225025,7.843581167613013,0.7612588056949806,26,0.0078760855523611,PGNN_ALL_RESULTS_May12/penn_data_pgnn_target-BMD_l2_fw-none_80pct_knn2/bmd/results_knn2_l2_fw-none_K80_p10.0_mu3.54e-05.csv
BMD,2.0,l2,none,10.0,2.0,0.02,0.4557039576139028,46.92476950306098,0.0782236546427425,7.562330808673493,0.7780731121573083,29,0.0079122321709504,PGNN_ALL_RESULTS_May12/penn_data_pgnn_target-BMD_l2_fw-none_80pct_knn2/bmd/results_knn2_l2_fw-none_K10_p2.0_mu0.02.csv
BMD,2.0,l2,none,10.0,3.0,0.01,0.4755162172392387,48.96487843940111,0.0816245151837666,7.89111156639759,0.7583565719282745,22,0.007833601469858,PGNN_ALL_RESULTS_May12/penn_data_pgnn_target-BMD_l2_fw-none_80pct_knn2/bmd/results_knn2_l2_fw-none_K10_p3.0_mu0.01.csv
BMD,2.0,l2,none,200.0,100.0,7.071067811865477e-08,0.4819940197742892,49.63191102879356,0.082736458677114,7.998609542241971,0.7517280689867447,27,0.0078877329137354,PGNN_ALL_RESULTS_May12/penn_data_pgnn_target-BMD_l2_fw-none_80pct_knn2/bmd/results_knn2_l2_fw-none_K200_p100.0_mu7.07e-08.csv
BMD,2.0,l2,none,800.0,10000.0,3.5355339059327374e-13,0.4701153351334444,48.40873855144708,0.0806974275335951,7.801484668610046,0.7638145397931534,32,0.0079519286647152,PGNN_ALL_RESULTS_May12/penn_data_pgnn_target-BMD_l2_fw-none_80pct_knn2/bmd/results_knn2_l2_fw-none_K800_p10000.0_mu3.54e-13.csv
BMD,2.0,l2,none,1600.0,1000000.0,2.500000000000001e-18,0.4767875145233908,49.09578652354649,0.0818427449179143,7.912209090534637,0.7570627725807575,15,0.0077755739506987,PGNN_ALL_RESULTS_May12/penn_data_pgnn_target-BMD_l2_fw-none_80pct_knn2/bmd/results_knn2_l2_fw-none_K1600_p1000000.0_mu2.5e-18.csv
BMD,2.0,l2,none,30.0,5.0,0.0017320508075688,0.4685297510287564,48.24546770993457,0.0804252548004005,7.775172164356463,0.7654050447126335,22,0.007833601469858,PGNN_ALL_RESULTS_May12/penn_data_pgnn_target-BMD_l2_fw-none_80pct_knn2/bmd/results_knn2_l2_fw-none_K30_p5.0_mu0.00173.csv
BMD,2.0,l2,none,400.0,10000.0,5e-13,0.4613675774708612,47.5079640351697,0.0791958327353459,7.656316858990235,0.7725224904248487,21,0.0078240246106395,PGNN_ALL_RESULTS_May12/penn_data_pgnn_target-BMD_l2_fw-none_80pct_knn2/bmd/results_knn2_l2_fw-none_K400_p10000.0_mu5e-13.csv
BMD,2.0,l2,none,15.0,3.0,0.0081649658092772,0.4543955923815378,46.790044456396885,0.077999067268865,7.540618654920648,0.7793456251255744,36,0.0080101650465708,PGNN_ALL_RESULTS_May12/penn_data_pgnn_target-BMD_l2_fw-none_80pct_knn2/bmd/results_knn2_l2_fw-none_K15_p3.0_mu0.00816.csv
BMD,10.0,l2,none,1600.0,1000000.0,2.500000000000001e-18,0.3664063252855431,39.65783579692337,0.0711031547077656,6.654514303001023,0.8414352985163733,40,0.0080741665917822,PGNN_ALL_RESULTS_May12/male_pgnn_target-BMD_l2_fw-none_80pct_knn10/bmd/results_knn10_l2_fw-none_K1600_p1000000.0_mu2.5e-18.csv
BMD,10.0,l2,none,3200.0,1000000.0,1.7677669529663694e-18,0.3715225811024359,40.21159161138228,0.0720959910117704,6.747433434545793,0.8369761969544427,33,0.0079659287950588,PGNN_ALL_RESULTS_May12/male_pgnn_target-BMD_l2_fw-none_80pct_knn10/bmd/results_knn10_l2_fw-none_K3200_p1000000.0_mu1.77e-18.csv
BMD,10.0,l2,none,15.0,3.0,0.0081649658092772,0.3644017545135864,39.44087191548486,0.0707141532841597,6.618107823599196,0.8431655344358735,50,0.0082569037570196,PGNN_ALL_RESULTS_May12/male_pgnn_target-BMD_l2_fw-none_80pct_knn10/bmd/results_knn10_l2_fw-none_K15_p3.0_mu0.00816.csv
BMD,10.0,l2,none,30.0,5.0,0.0017320508075688,0.3628491162536827,39.27282276099689,0.0704128646626805,6.589910348406918,0.8444991637203529,37,0.008025638531605,PGNN_ALL_RESULTS_May12/male_pgnn_target-BMD_l2_fw-none_80pct_knn10/bmd/results_knn10_l2_fw-none_K30_p5.0_mu0.00173.csv
BMD,10.0,l2,none,100.0,100.0,1.0000000000000001e-07,0.351927767251549,38.090755106815486,0.068293512144731,6.391561038847304,0.8537190884151292,68,0.0086481693832561,PGNN_ALL_RESULTS_May12/male_pgnn_target-BMD_l2_fw-none_80pct_knn10/bmd/results_knn10_l2_fw-none_K100_p100.0_mu1e-07.csv
BMD,10.0,l2,none,40.0,10.0,5e-05,0.3579251147717063,38.73987551429244,0.0694573254447033,6.500481835435286,0.8486909392309891,68,0.0086481693832561,PGNN_ALL_RESULTS_May12/male_pgnn_target-BMD_l2_fw-none_80pct_knn10/bmd/results_knn10_l2_fw-none_K40_p10.0_mu5e-05.csv
BMD,10.0,l2,none,200.0,100.0,7.071067811865477e-08,0.3718903740881832,40.25139953179593,0.0721673614723696,6.754112965894591,0.8366532626679557,39,0.0080576450044444,PGNN_ALL_RESULTS_May12/male_pgnn_target-BMD_l2_fw-none_80pct_knn10/bmd/results_knn10_l2_fw-none_K200_p100.0_mu7.07e-08.csv
BMD,10.0,l2,none,10.0,3.0,0.01,0.3641494113363473,39.41355965694341,0.0706651840637063,6.613524814881045,0.8433826706263414,121,0.0097803165985576,PGNN_ALL_RESULTS_May12/male_pgnn_target-BMD_l2_fw-none_80pct_knn10/bmd/results_knn10_l2_fw-none_K10_p3.0_mu0.01.csv
BMD,10.0,l2,none,5.0,2.0,0.0282842712474619,0.3662762141566998,39.64375327315962,0.0710778991953738,6.652150650232994,0.841547891383006,37,0.008025638531605,PGNN_ALL_RESULTS_May12/male_pgnn_target-BMD_l2_fw-none_80pct_knn10/bmd/results_knn10_l2_fw-none_K5_p2.0_mu0.0283.csv
BMD,10.0,l2,none,80.0,10.0,3.535533905932738e-05,0.3770444555869094,40.809249393151774,0.0731675422199929,6.847719460824393,0.8320941964578256,35,0.0079950520752105,PGNN_ALL_RESULTS_May12/male_pgnn_target-BMD_l2_fw-none_80pct_knn10/bmd/results_knn10_l2_fw-none_K80_p10.0_mu3.54e-05.csv
BMD,10.0,l2,none,800.0,10000.0,3.5355339059327374e-13,0.3743217629000599,40.51455988576836,0.072639195984458,6.798271759161166,0.8345103853294581,51,0.0082767809973118,PGNN_ALL_RESULTS_May12/male_pgnn_target-BMD_l2_fw-none_80pct_knn10/bmd/results_knn10_l2_fw-none_K800_p10000.0_mu3.54e-13.csv
BMD,10.0,l2,none,10.0,2.0,0.02,0.3741336826891196,40.49420310258153,0.0726026804444081,6.794854285146935,0.8346766460450653,34,0.0079803049361372,PGNN_ALL_RESULTS_May12/male_pgnn_target-BMD_l2_fw-none_80pct_knn10/bmd/results_knn10_l2_fw-none_K10_p2.0_mu0.02.csv
BMD,10.0,l2,none,15.0,5.0,0.0024494897427831,0.3755602243582258,40.64860424515676,0.0728795152803076,6.820763140845864,0.8334135131866447,9,0.007742955680935,PGNN_ALL_RESULTS_May12/male_pgnn_target-BMD_l2_fw-none_80pct_knn10/bmd/results_knn10_l2_fw-none_K15_p5.0_mu0.00245.csv
BMD,10.0,l2,none,400.0,10000.0,5e-13,0.3784423296727228,40.96054771180596,0.0734388151114147,6.873107776482145,0.8308468832654194,76,0.0088370421783673,PGNN_ALL_RESULTS_May12/male_pgnn_target-BMD_l2_fw-none_80pct_knn10/bmd/results_knn10_l2_fw-none_K400_p10000.0_mu5e-13.csv
BMD,10.0,l2,none,1600.0,1000000.0,2.500000000000001e-18,0.5101184312085231,54.24218904470786,0.0737708366419086,7.357035808444474,0.7038835510082155,19,0.0078061467165669,PGNN_ALL_RESULTS_May12/female_pgnn_target-BMD_l2_fw-none_80pct_knn10/bmd/results_knn10_l2_fw-none_K1600_p1000000.0_mu2.5e-18.csv
BMD,10.0,l2,none,3200.0,1000000.0,1.7677669529663694e-18,0.5134007791528703,54.59120944235551,0.074245505523696,7.404373701295218,0.7000605790132088,23,0.0078435994062494,PGNN_ALL_RESULTS_May12/female_pgnn_target-BMD_l2_fw-none_80pct_knn10/bmd/results_knn10_l2_fw-none_K3200_p1000000.0_mu1.77e-18.csv
BMD,10.0,l2,none,15.0,3.0,0.0081649658092772,0.5248598788695733,55.80968463377921,0.0759026595598942,7.569638759133701,0.6865218654974571,21,0.0078240246106395,PGNN_ALL_RESULTS_May12/female_pgnn_target-BMD_l2_fw-none_80pct_knn10/bmd/results_knn10_l2_fw-none_K15_p3.0_mu0.00816.csv
BMD,10.0,l2,none,30.0,5.0,0.0017320508075688,0.5145713683632057,54.71568116765719,0.0744147871113214,7.421255856338621,0.6986912545516191,36,0.0080101650465708,PGNN_ALL_RESULTS_May12/female_pgnn_target-BMD_l2_fw-none_80pct_knn10/bmd/results_knn10_l2_fw-none_K30_p5.0_mu0.00173.csv
BMD,10.0,l2,none,100.0,100.0,1.0000000000000001e-07,0.550809573104664,58.568981562175786,0.0796553780528328,7.94389077508382,0.6547581291851045,56,0.0083799501815843,PGNN_ALL_RESULTS_May12/female_pgnn_target-BMD_l2_fw-none_80pct_knn10/bmd/results_knn10_l2_fw-none_K100_p100.0_mu1e-07.csv
BMD,10.0,l2,none,40.0,10.0,5e-05,0.5132484351738144,54.57501031994349,0.0742234826125374,7.402177395093807,0.7002385576498793,25,0.0078648450115282,PGNN_ALL_RESULTS_May12/female_pgnn_target-BMD_l2_fw-none_80pct_knn10/bmd/results_knn10_l2_fw-none_K40_p10.0_mu5e-05.csv
BMD,10.0,l2,none,200.0,100.0,7.071067811865477e-08,0.5356669437420478,56.95882730334012,0.0774655420674482,7.725502283201887,0.6734796936765777,19,0.0078061467165669,PGNN_ALL_RESULTS_May12/female_pgnn_target-BMD_l2_fw-none_80pct_knn10/bmd/results_knn10_l2_fw-none_K200_p100.0_mu7.07e-08.csv
BMD,10.0,l2,none,10.0,3.0,0.01,0.537139882366927,57.1154486101858,0.0776785371984521,7.746743913053892,0.671681540515092,40,0.0080741665917822,PGNN_ALL_RESULTS_May12/female_pgnn_target-BMD_l2_fw-none_80pct_knn10/bmd/results_knn10_l2_fw-none_K10_p3.0_mu0.01.csv
BMD,10.0,l2,none,5.0,2.0,0.0282842712474619,0.523007808345013,55.61274926863404,0.0756348368016249,7.542929266431757,0.6887302997292992,30,0.0079250757223036,PGNN_ALL_RESULTS_May12/female_pgnn_target-BMD_l2_fw-none_80pct_knn10/bmd/results_knn10_l2_fw-none_K5_p2.0_mu0.0283.csv
BMD,10.0,l2,none,80.0,10.0,3.535533905932738e-05,0.5175358557344828,55.03090264285953,0.0748435055910935,7.464011196402548,0.6952095258763384,28,0.0078997831519332,PGNN_ALL_RESULTS_May12/female_pgnn_target-BMD_l2_fw-none_80pct_knn10/bmd/results_knn10_l2_fw-none_K80_p10.0_mu3.54e-05.csv
BMD,10.0,l2,none,800.0,10000.0,3.5355339059327374e-13,0.5270517524157746,56.04275211768384,0.076219644679462,7.6012511276733825,0.6838981589787588,26,0.0078760855523611,PGNN_ALL_RESULTS_May12/female_pgnn_target-BMD_l2_fw-none_80pct_knn10/bmd/results_knn10_l2_fw-none_K800_p10000.0_mu3.54e-13.csv
BMD,10.0,l2,none,10.0,2.0,0.02,0.4990201363048189,53.062079145886045,0.072165847599346,7.196973073686419,0.7166281908517023,30,0.0079250757223036,PGNN_ALL_RESULTS_May12/female_pgnn_target-BMD_l2_fw-none_80pct_knn10/bmd/results_knn10_l2_fw-none_K10_p2.0_mu0.02.csv
BMD,10.0,l2,none,15.0,5.0,0.0024494897427831,0.5206559216823534,55.36266718344947,0.0752947203697047,7.509010052788788,0.6915234704572955,24,0.0078540150828855,PGNN_ALL_RESULTS_May12/female_pgnn_target-BMD_l2_fw-none_80pct_knn10/bmd/results_knn10_l2_fw-none_K15_p5.0_mu0.00245.csv
BMD,10.0,l2,none,400.0,10000.0,5e-13,0.5040056456237583,53.59220102037192,0.0728868345473628,7.268875834119089,0.7109377995660567,21,0.0078240246106395,PGNN_ALL_RESULTS_May12/female_pgnn_target-BMD_l2_fw-none_80pct_knn10/bmd/results_knn10_l2_fw-none_K400_p10000.0_mu5e-13.csv
BMD,25.0,l2,none,3200.0,1000000.0,1.7677669529663694e-18,0.3685745599698093,39.89251377364992,0.0715239189083907,6.693893447326738,0.8395531108575396,46,0.0081801699963272,PGNN_ALL_RESULTS_May12/male_pgnn_target-BMD_l2_fw-none_80pct_knn25/bmd/results_knn25_l2_fw-none_K3200_p1000000.0_mu1.77e-18.csv
BMD,25.0,l2,none,15.0,3.0,0.0081649658092772,0.3576697641371406,38.712237744861575,0.0694077842591129,6.495845296740849,0.8489067557856211,61,0.0084886799280466,PGNN_ALL_RESULTS_May12/male_pgnn_target-BMD_l2_fw-none_80pct_knn25/bmd/results_knn25_l2_fw-none_K15_p3.0_mu0.00816.csv
BMD,25.0,l2,none,15.0,5.0,0.0024494897427831,0.3684334868947495,39.87724478820943,0.0714965271655217,6.691329865648045,0.8396759104575916,43,0.0081257331606513,PGNN_ALL_RESULTS_May12/male_pgnn_target-BMD_l2_fw-none_80pct_knn25/bmd/results_knn25_l2_fw-none_K15_p5.0_mu0.00245.csv
BMD,25.0,l2,none,800.0,10000.0,3.5355339059327374e-13,0.3707276122053052,40.12554848436611,0.0719417165344055,6.7329949511840805,0.8376731139351214,49,0.0082372966913313,PGNN_ALL_RESULTS_May12/male_pgnn_target-BMD_l2_fw-none_80pct_knn25/bmd/results_knn25_l2_fw-none_K800_p10000.0_mu3.54e-13.csv
BMD,25.0,l2,none,10.0,3.0,0.01,0.3643427832467894,39.43448918501876,0.070702705446671,6.617036425310044,0.8432162914842948,30,0.0079250757223036,PGNN_ALL_RESULTS_May12/male_pgnn_target-BMD_l2_fw-none_80pct_knn25/bmd/results_knn25_l2_fw-none_K10_p3.0_mu0.01.csv
BMD,25.0,l2,none,80.0,10.0,3.535533905932738e-05,0.3622736685070805,39.21053941415053,0.0703011901023824,6.579458773341937,0.8449919947398419,40,0.0080741665917822,PGNN_ALL_RESULTS_May12/male_pgnn_target-BMD_l2_fw-none_80pct_knn25/bmd/results_knn25_l2_fw-none_K80_p10.0_mu3.54e-05.csv
BMD,25.0,l2,none,30.0,5.0,0.0017320508075688,0.3842141360511359,41.58525676787469,0.0745588463164604,6.977931025245402,0.8256478655177751,45,0.0081617163535314,PGNN_ALL_RESULTS_May12/male_pgnn_target-BMD_l2_fw-none_80pct_knn25/bmd/results_knn25_l2_fw-none_K30_p5.0_mu0.00173.csv
BMD,25.0,l2,none,10.0,2.0,0.02,0.3636625833205557,39.36086802969991,0.0705707127466378,6.604683284104532,0.8438011512567296,48,0.0082179672183702,PGNN_ALL_RESULTS_May12/male_pgnn_target-BMD_l2_fw-none_80pct_knn25/bmd/results_knn25_l2_fw-none_K10_p2.0_mu0.02.csv
BMD,25.0,l2,none,100.0,100.0,1.0000000000000001e-07,0.3765191971454673,40.752398264816506,0.0730656051636558,6.8381792146540405,0.8325616878007611,10,0.0077472740168893,PGNN_ALL_RESULTS_May12/male_pgnn_target-BMD_l2_fw-none_80pct_knn25/bmd/results_knn25_l2_fw-none_K100_p100.0_mu1e-07.csv
BMD,25.0,l2,none,1600.0,1000000.0,2.500000000000001e-18,0.3689218423766957,39.93010174011509,0.0715913136374578,6.700200891635885,0.8392506123205746,50,0.0082569037570196,PGNN_ALL_RESULTS_May12/male_pgnn_target-BMD_l2_fw-none_80pct_knn25/bmd/results_knn25_l2_fw-none_K1600_p1000000.0_mu2.5e-18.csv
BMD,25.0,l2,none,400.0,10000.0,5e-13,0.3717248776665209,40.23348709562237,0.0721352517377706,6.751107829356935,0.8367986134879999,43,0.0081257331606513,PGNN_ALL_RESULTS_May12/male_pgnn_target-BMD_l2_fw-none_80pct_knn25/bmd/results_knn25_l2_fw-none_K400_p10000.0_mu5e-13.csv
BMD,25.0,l2,none,40.0,10.0,5e-05,0.368312475217989,39.86414713984668,0.0714730506722106,6.689132710526522,0.8397812097935916,42,0.0081082168258816,PGNN_ALL_RESULTS_May12/male_pgnn_target-BMD_l2_fw-none_80pct_knn25/bmd/results_knn25_l2_fw-none_K40_p10.0_mu5e-05.csv
BMD,25.0,l2,none,200.0,100.0,7.071067811865477e-08,0.3810292077290876,41.24053737930427,0.0739408069499031,6.920088981225314,0.8285264555234878,46,0.0081801699963272,PGNN_ALL_RESULTS_May12/male_pgnn_target-BMD_l2_fw-none_80pct_knn25/bmd/results_knn25_l2_fw-none_K200_p100.0_mu7.07e-08.csv
BMD,25.0,l2,none,5.0,2.0,0.0282842712474619,0.3890398523443201,42.10756615816289,0.0754953184480545,7.065575057632813,0.8212406474043087,51,0.0082767809973118,PGNN_ALL_RESULTS_May12/male_pgnn_target-BMD_l2_fw-none_80pct_knn25/bmd/results_knn25_l2_fw-none_K5_p2.0_mu0.0283.csv
BMD,40.0,l2,none,100.0,100.0,1.0000000000000001e-07,0.5170256912174,54.97665555338671,0.0747697193688491,7.456652626215026,0.695810128304305,33,0.0079659287950588,PGNN_ALL_RESULTS_May12/female_pgnn_target-BMD_l2_fw-none_80pct_knn40/bmd/results_knn40_l2_fw-none_K100_p100.0_mu1e-07.csv
BMD,40.0,l2,none,200.0,100.0,7.071067811865477e-08,0.5364660896843562,57.043802522083546,0.0775811036867153,7.737027040270278,0.6725047146401639,24,0.0078540150828855,PGNN_ALL_RESULTS_May12/female_pgnn_target-BMD_l2_fw-none_80pct_knn40/bmd/results_knn40_l2_fw-none_K200_p100.0_mu7.07e-08.csv
BMD,40.0,l2,none,10.0,2.0,0.02,0.5067867431508555,53.88792218743344,0.0732890210823416,7.308985189986584,0.7077389141508694,28,0.0078997831519332,PGNN_ALL_RESULTS_May12/female_pgnn_target-BMD_l2_fw-none_80pct_knn40/bmd/results_knn40_l2_fw-none_K10_p2.0_mu0.02.csv
BMD,40.0,l2,none,15.0,3.0,0.0081649658092772,0.5334805816762715,56.72634586915423,0.0771493559888457,7.693969601612522,0.6761396850033643,18,0.007797851601572,PGNN_ALL_RESULTS_May12/female_pgnn_target-BMD_l2_fw-none_80pct_knn40/bmd/results_knn40_l2_fw-none_K15_p3.0_mu0.00816.csv
BMD,40.0,l2,none,10.0,3.0,0.01,0.5243451582822228,55.75495308577746,0.0758282340288289,7.562216431801729,0.6871364086839457,18,0.007797851601572,PGNN_ALL_RESULTS_May12/female_pgnn_target-BMD_l2_fw-none_80pct_knn40/bmd/results_knn40_l2_fw-none_K10_p3.0_mu0.01.csv
BMD,40.0,l2,none,5.0,2.0,0.0282842712474619,0.5214825727468322,55.450567091726136,0.0754142524244383,7.520930774404036,0.6905431497657718,20,0.007814872014491,PGNN_ALL_RESULTS_May12/female_pgnn_target-BMD_l2_fw-none_80pct_knn40/bmd/results_knn40_l2_fw-none_K5_p2.0_mu0.0283.csv
BMD,40.0,l2,none,40.0,10.0,5e-05,0.5385571631249836,57.26615167462087,0.0778835010582139,7.76718459834833,0.669946672786194,46,0.0081801699963272,PGNN_ALL_RESULTS_May12/female_pgnn_target-BMD_l2_fw-none_80pct_knn40/bmd/results_knn40_l2_fw-none_K40_p10.0_mu5e-05.csv
BMD,40.0,l2,none,80.0,10.0,3.535533905932738e-05,0.5555694110514318,59.07510722620852,0.0803437339823127,8.01253930142115,0.6487655112935113,19,0.0078061467165669,PGNN_ALL_RESULTS_May12/female_pgnn_target-BMD_l2_fw-none_80pct_knn40/bmd/results_knn40_l2_fw-none_K80_p10.0_mu3.54e-05.csv
BMD,40.0,l2,none,30.0,5.0,0.0017320508075688,0.5462680895876253,58.08607407951331,0.0789986199623577,7.878393445663999,0.6604277709215058,16,0.0077825627087219,PGNN_ALL_RESULTS_May12/female_pgnn_target-BMD_l2_fw-none_80pct_knn40/bmd/results_knn40_l2_fw-none_K30_p5.0_mu0.00173.csv
BMD,40.0,l2,none,1600.0,1000000.0,2.500000000000001e-18,0.5123404709170996,54.478464173312624,0.0740921829046727,7.389083106125821,0.7012982079574636,25,0.0078648450115282,PGNN_ALL_RESULTS_May12/female_pgnn_target-BMD_l2_fw-none_80pct_knn40/bmd/results_knn40_l2_fw-none_K1600_p1000000.0_mu2.5e-18.csv
BMD,40.0,l2,none,400.0,10000.0,5e-13,0.5024948347755153,53.43155266377943,0.0726683541582104,7.247087169118039,0.7126681919022988,20,0.007814872014491,PGNN_ALL_RESULTS_May12/female_pgnn_target-BMD_l2_fw-none_80pct_knn40/bmd/results_knn40_l2_fw-none_K400_p10000.0_mu5e-13.csv
BMD,40.0,l2,none,3200.0,1000000.0,1.7677669529663694e-18,0.5312210853895221,56.486087887411976,0.0768225917447242,7.661381978178205,0.6788772224457609,28,0.0078997831519332,PGNN_ALL_RESULTS_May12/female_pgnn_target-BMD_l2_fw-none_80pct_knn40/bmd/results_knn40_l2_fw-none_K3200_p1000000.0_mu1.77e-18.csv
BMD,40.0,l2,none,15.0,5.0,0.0024494897427831,0.5091828793728821,54.14270944070741,0.0736355433146362,7.343543242835958,0.7049687039191264,27,0.0078877329137354,PGNN_ALL_RESULTS_May12/female_pgnn_target-BMD_l2_fw-none_80pct_knn40/bmd/results_knn40_l2_fw-none_K15_p5.0_mu0.00245.csv
BMD,40.0,l2,none,800.0,10000.0,3.5355339059327374e-13,0.5133443224311084,54.58520625566924,0.0742373404847117,7.403559416315963,0.7001265417700343,19,0.0078061467165669,PGNN_ALL_RESULTS_May12/female_pgnn_target-BMD_l2_fw-none_80pct_knn40/bmd/results_knn40_l2_fw-none_K800_p10000.0_mu3.54e-13.csv
BMD,30.0,l2,none,40.0,10.0,5e-05,0.3597843106413981,38.94110480381711,0.0698181181607473,6.534248273776888,0.8471149458641314,84,0.0090279758085674,PGNN_ALL_RESULTS_May12/male_pgnn_target-BMD_l2_fw-none_80pct_knn30/bmd/results_knn30_l2_fw-none_K40_p10.0_mu5e-05.csv
BMD,30.0,l2,none,15.0,5.0,0.0024494897427831,0.367918823267669,39.82154038518773,0.0713966483934021,6.68198225343073,0.8401235100884641,28,0.0078997831519332,PGNN_ALL_RESULTS_May12/male_pgnn_target-BMD_l2_fw-none_80pct_knn30/bmd/results_knn30_l2_fw-none_K15_p5.0_mu0.00245.csv
BMD,30.0,l2,none,5.0,2.0,0.0282842712474619,0.4082585008314287,44.18768856147179,0.0792247830033152,7.41461407464294,0.8031429092550926,6,0.0077327104330621,PGNN_ALL_RESULTS_May12/male_pgnn_target-BMD_l2_fw-none_80pct_knn30/bmd/results_knn30_l2_fw-none_K5_p2.0_mu0.0283.csv
BMD,30.0,l2,none,1600.0,1000000.0,2.500000000000001e-18,0.3675239453739828,39.77880094105985,0.0713200365601364,6.674812184221548,0.8404665086456361,76,0.0088370421783673,PGNN_ALL_RESULTS_May12/male_pgnn_target-BMD_l2_fw-none_80pct_knn30/bmd/results_knn30_l2_fw-none_K1600_p1000000.0_mu2.5e-18.csv
BMD,30.0,l2,none,15.0,3.0,0.0081649658092772,0.3639709252898643,39.39424129414509,0.0706305494029798,6.610283371570529,0.8435361634306724,39,0.0080576450044444,PGNN_ALL_RESULTS_May12/male_pgnn_target-BMD_l2_fw-none_80pct_knn30/bmd/results_knn30_l2_fw-none_K15_p3.0_mu0.00816.csv
BMD,30.0,l2,none,30.0,5.0,0.0017320508075688,0.3746370191299545,40.54868151232427,0.0727003825804109,6.803998186906802,0.8342315150802493,60,0.0084665398864587,PGNN_ALL_RESULTS_May12/male_pgnn_target-BMD_l2_fw-none_80pct_knn30/bmd/results_knn30_l2_fw-none_K30_p5.0_mu0.00173.csv
BMD,30.0,l2,none,800.0,10000.0,3.5355339059327374e-13,0.3698792235745878,40.03372349476543,0.0717770916315133,6.717587775856513,0.8384152151555591,49,0.0082372966913313,PGNN_ALL_RESULTS_May12/male_pgnn_target-BMD_l2_fw-none_80pct_knn30/bmd/results_knn30_l2_fw-none_K800_p10000.0_mu3.54e-13.csv
BMD,30.0,l2,none,10.0,3.0,0.01,0.3907034907237976,42.28762936429713,0.0758181514338877,7.095788860811263,0.8197085329980444,34,0.0079803049361372,PGNN_ALL_RESULTS_May12/male_pgnn_target-BMD_l2_fw-none_80pct_knn30/bmd/results_knn30_l2_fw-none_K10_p3.0_mu0.01.csv
BMD,30.0,l2,none,10.0,2.0,0.02,0.3670495484725598,39.72745479029528,0.0712279774748891,6.666196413205242,0.8408780918904578,62,0.0085109993808483,PGNN_ALL_RESULTS_May12/male_pgnn_target-BMD_l2_fw-none_80pct_knn30/bmd/results_knn30_l2_fw-none_K10_p2.0_mu0.02.csv
BMD,30.0,l2,none,400.0,10000.0,5e-13,0.3722544417467789,40.290804242979085,0.0722380117232055,6.760725093114974,0.8363332846448106,51,0.0082767809973118,PGNN_ALL_RESULTS_May12/male_pgnn_target-BMD_l2_fw-none_80pct_knn30/bmd/results_knn30_l2_fw-none_K400_p10000.0_mu5e-13.csv
BMD,30.0,l2,none,100.0,100.0,1.0000000000000001e-07,0.3773743277326782,40.84495296726634,0.0732315573251343,6.853710607553707,0.8318002699681395,43,0.0081257331606513,PGNN_ALL_RESULTS_May12/male_pgnn_target-BMD_l2_fw-none_80pct_knn30/bmd/results_knn30_l2_fw-none_K100_p100.0_mu1e-07.csv
BMD,30.0,l2,none,3200.0,1000000.0,1.7677669529663694e-18,0.3655248051815185,39.56242483612772,0.0709320909660241,6.638504519457347,0.8421973477487095,37,0.008025638531605,PGNN_ALL_RESULTS_May12/male_pgnn_target-BMD_l2_fw-none_80pct_knn30/bmd/results_knn30_l2_fw-none_K3200_p1000000.0_mu1.77e-18.csv
BMD,30.0,l2,none,200.0,100.0,7.071067811865477e-08,0.3724371707447476,40.31058183986181,0.0722734724950742,6.764043851819357,0.8361725666428137,35,0.0079950520752105,PGNN_ALL_RESULTS_May12/male_pgnn_target-BMD_l2_fw-none_80pct_knn30/bmd/results_knn30_l2_fw-none_K200_p100.0_mu7.07e-08.csv
BMD,30.0,l2,none,80.0,10.0,3.535533905932738e-05,0.3602279463700006,38.98912153187128,0.0699042024282202,6.542304864114071,0.8467376804487143,50,0.0082569037570196,PGNN_ALL_RESULTS_May12/male_pgnn_target-BMD_l2_fw-none_80pct_knn30/bmd/results_knn30_l2_fw-none_K80_p10.0_mu3.54e-05.csv
BMD,15.0,l2,none,400.0,10000.0,5e-13,0.4751051947775399,48.922554615011286,0.0815539578662363,7.88429038451119,0.7587741305646111,25,0.0078648450115282,PGNN_ALL_RESULTS_May12/penn_data_pgnn_target-BMD_l2_fw-none_80pct_knn15/bmd/results_knn15_l2_fw-none_K400_p10000.0_mu5e-13.csv
BMD,15.0,l2,none,800.0,10000.0,3.5355339059327374e-13,0.4697790625263877,48.37411187262921,0.0806397074289996,7.795904533965925,0.764152304971465,30,0.0079250757223036,PGNN_ALL_RESULTS_May12/penn_data_pgnn_target-BMD_l2_fw-none_80pct_knn15/bmd/results_knn15_l2_fw-none_K800_p10000.0_mu3.54e-13.csv
BMD,15.0,l2,none,5.0,2.0,0.0282842712474619,0.4766585629081096,49.08250811171131,0.081820605610151,7.910068756259214,0.7571941640730864,10,0.0077472740168893,PGNN_ALL_RESULTS_May12/penn_data_pgnn_target-BMD_l2_fw-none_80pct_knn15/bmd/results_knn15_l2_fw-none_K5_p2.0_mu0.0283.csv
BMD,15.0,l2,none,10.0,3.0,0.01,0.4642562195326473,47.80541342234619,0.0796916859927061,7.704253846616827,0.7696650803966755,33,0.0079659287950588,PGNN_ALL_RESULTS_May12/penn_data_pgnn_target-BMD_l2_fw-none_80pct_knn15/bmd/results_knn15_l2_fw-none_K10_p3.0_mu0.01.csv
BMD,15.0,l2,none,15.0,5.0,0.0024494897427831,0.4744543650552444,48.85553734602736,0.0814422431635876,7.8734902813776735,0.7594345713893282,37,0.008025638531605,PGNN_ALL_RESULTS_May12/penn_data_pgnn_target-BMD_l2_fw-none_80pct_knn15/bmd/results_knn15_l2_fw-none_K15_p5.0_mu0.00245.csv
BMD,15.0,l2,none,30.0,5.0,0.0017320508075688,0.4620249764046762,47.57565774931331,0.0793086842848531,7.667226867651203,0.7718737668421266,27,0.0078877329137354,PGNN_ALL_RESULTS_May12/penn_data_pgnn_target-BMD_l2_fw-none_80pct_knn15/bmd/results_knn15_l2_fw-none_K30_p5.0_mu0.00173.csv
BMD,15.0,l2,none,1600.0,1000000.0,2.500000000000001e-18,0.467601196934691,48.149852593789234,0.0802658671605317,7.759763244062387,0.7663339857193039,32,0.0079519286647152,PGNN_ALL_RESULTS_May12/penn_data_pgnn_target-BMD_l2_fw-none_80pct_knn15/bmd/results_knn15_l2_fw-none_K1600_p1000000.0_mu2.5e-18.csv
BMD,15.0,l2,none,200.0,100.0,7.071067811865477e-08,0.4767539675370408,49.09233212167946,0.0818369873512994,7.911652473439799,0.7570969577256771,24,0.0078540150828855,PGNN_ALL_RESULTS_May12/penn_data_pgnn_target-BMD_l2_fw-none_80pct_knn15/bmd/results_knn15_l2_fw-none_K200_p100.0_mu7.07e-08.csv
BMD,15.0,l2,none,3200.0,1000000.0,1.7677669529663694e-18,0.4535037523504286,46.69820986248085,0.0778459789029962,7.52581872169142,0.7802109296752826,28,0.0078997831519332,PGNN_ALL_RESULTS_May12/penn_data_pgnn_target-BMD_l2_fw-none_80pct_knn15/bmd/results_knn15_l2_fw-none_K3200_p1000000.0_mu1.77e-18.csv
BMD,15.0,l2,none,80.0,10.0,3.535533905932738e-05,0.4725927479318629,48.66384281944253,0.0811226850485252,7.842596759594078,0.7613186814641659,42,0.0081082168258816,PGNN_ALL_RESULTS_May12/penn_data_pgnn_target-BMD_l2_fw-none_80pct_knn15/bmd/results_knn15_l2_fw-none_K80_p10.0_mu3.54e-05.csv
BMD,15.0,l2,none,40.0,10.0,5e-05,0.4752604645703998,48.938543063474384,0.0815806199752981,7.886867964013239,0.7586164340731107,35,0.0079950520752105,PGNN_ALL_RESULTS_May12/penn_data_pgnn_target-BMD_l2_fw-none_80pct_knn15/bmd/results_knn15_l2_fw-none_K40_p10.0_mu5e-05.csv
BMD,15.0,l2,none,100.0,100.0,1.0000000000000001e-07,0.4793585603823854,49.360532379489534,0.0822840804496883,7.954875535923054,0.7544356617673942,32,0.0079519286647152,PGNN_ALL_RESULTS_May12/penn_data_pgnn_target-BMD_l2_fw-none_80pct_knn15/bmd/results_knn15_l2_fw-none_K100_p100.0_mu1e-07.csv
BMD,15.0,l2,none,15.0,3.0,0.0081649658092772,0.4648141094247798,47.86286048673747,0.0797874490253945,7.713511810026224,0.7691111675905978,26,0.0078760855523611,PGNN_ALL_RESULTS_May12/penn_data_pgnn_target-BMD_l2_fw-none_80pct_knn15/bmd/results_knn15_l2_fw-none_K15_p3.0_mu0.00816.csv
BMD,15.0,l2,none,10.0,2.0,0.02,0.4652117073368484,47.90380195776706,0.079855702335835,7.720110250289535,0.7687159980866021,35,0.0079950520752105,PGNN_ALL_RESULTS_May12/penn_data_pgnn_target-BMD_l2_fw-none_80pct_knn15/bmd/results_knn15_l2_fw-none_K10_p2.0_mu0.02.csv
BMD,2.0,l2,none,100.0,100.0,1.0000000000000001e-07,0.3855538859234536,41.73026403652354,0.0748188292504744,7.0022627185442845,0.8244298181446913,7,0.0077356727143284,PGNN_ALL_RESULTS_May12/male_pgnn_target-BMD_l2_fw-none_80pct_knn2/bmd/results_knn2_l2_fw-none_K100_p100.0_mu1e-07.csv
BMD,2.0,l2,none,5.0,2.0,0.0282842712474619,0.3665466419121646,39.67302290848263,0.0711303787125337,6.657062186141499,0.8413138294111983,83,0.0090041813844477,PGNN_ALL_RESULTS_May12/male_pgnn_target-BMD_l2_fw-none_80pct_knn2/bmd/results_knn2_l2_fw-none_K5_p2.0_mu0.0283.csv
BMD,2.0,l2,none,15.0,5.0,0.0024494897427831,0.3709784348869241,40.15269617269827,0.0719903917099172,6.737550440359989,0.8374533890651269,36,0.0080101650465708,PGNN_ALL_RESULTS_May12/male_pgnn_target-BMD_l2_fw-none_80pct_knn2/bmd/results_knn2_l2_fw-none_K15_p5.0_mu0.00245.csv
BMD,2.0,l2,none,3200.0,1000000.0,1.7677669529663694e-18,0.3601730903467745,38.9831842130767,0.0698935582609572,6.54130868098287,0.84678435490195,84,0.0090279758085674,PGNN_ALL_RESULTS_May12/male_pgnn_target-BMD_l2_fw-none_80pct_knn2/bmd/results_knn2_l2_fw-none_K3200_p1000000.0_mu1.77e-18.csv
BMD,2.0,l2,none,40.0,10.0,5e-05,0.366941739906464,39.71578617510859,0.0712070500605279,6.664237825309047,0.8409715516727015,37,0.008025638531605,PGNN_ALL_RESULTS_May12/male_pgnn_target-BMD_l2_fw-none_80pct_knn2/bmd/results_knn2_l2_fw-none_K40_p10.0_mu5e-05.csv
BMD,2.0,l2,none,80.0,10.0,3.535533905932738e-05,0.3703596170901267,40.08571868655777,0.0718703107647622,6.726312115276718,0.8379952148607714,63,0.0085334892085578,PGNN_ALL_RESULTS_May12/male_pgnn_target-BMD_l2_fw-none_80pct_knn2/bmd/results_knn2_l2_fw-none_K80_p10.0_mu3.54e-05.csv
BMD,2.0,l2,none,10.0,2.0,0.02,0.3639958526802282,39.39693929984444,0.0706353909956841,6.610736494192613,0.8435147311215547,77,0.0088609061729741,PGNN_ALL_RESULTS_May12/male_pgnn_target-BMD_l2_fw-none_80pct_knn2/bmd/results_knn2_l2_fw-none_K10_p2.0_mu0.02.csv
BMD,2.0,l2,none,10.0,3.0,0.01,0.3855932895561226,41.73452887227105,0.0748264817036947,7.002978908418229,0.8243939297424662,31,0.007938309404863,PGNN_ALL_RESULTS_May12/male_pgnn_target-BMD_l2_fw-none_80pct_knn2/bmd/results_knn2_l2_fw-none_K10_p3.0_mu0.01.csv
BMD,2.0,l2,none,200.0,100.0,7.071067811865477e-08,0.3462418454256035,37.47534172946245,0.067190127709408,6.288295754251375,0.8584076801390049,81,0.0089564767647702,PGNN_ALL_RESULTS_May12/male_pgnn_target-BMD_l2_fw-none_80pct_knn2/bmd/results_knn2_l2_fw-none_K200_p100.0_mu7.07e-08.csv
BMD,2.0,l2,none,800.0,10000.0,3.5355339059327374e-13,0.3636340173345556,39.35777620211947,0.0705651798984675,6.604165467174514,0.8438256893812728,37,0.008025638531605,PGNN_ALL_RESULTS_May12/male_pgnn_target-BMD_l2_fw-none_80pct_knn2/bmd/results_knn2_l2_fw-none_K800_p10000.0_mu3.54e-13.csv
BMD,2.0,l2,none,1600.0,1000000.0,2.500000000000001e-18,0.3748302463595654,40.5695953809302,0.0727378562598632,6.807505332784175,0.8340604735450988,35,0.0079950520752105,PGNN_ALL_RESULTS_May12/male_pgnn_target-BMD_l2_fw-none_80pct_knn2/bmd/results_knn2_l2_fw-none_K1600_p1000000.0_mu2.5e-18.csv
BMD,2.0,l2,none,30.0,5.0,0.0017320508075688,0.3613152936075641,39.10681010661934,0.0701152242958134,6.562054311827279,0.8458110400987613,49,0.0082372966913313,PGNN_ALL_RESULTS_May12/male_pgnn_target-BMD_l2_fw-none_80pct_knn2/bmd/results_knn2_l2_fw-none_K30_p5.0_mu0.00173.csv
BMD,2.0,l2,none,400.0,10000.0,5e-13,0.3612807307926742,39.10306921476516,0.0701085011604233,6.561425096417661,0.8458405376023657,48,0.0082179672183702,PGNN_ALL_RESULTS_May12/male_pgnn_target-BMD_l2_fw-none_80pct_knn2/bmd/results_knn2_l2_fw-none_K400_p10000.0_mu5e-13.csv
BMD,2.0,l2,none,15.0,3.0,0.0081649658092772,0.384575081341227,41.624323530805015,0.0746289066099161,6.984487938603031,0.8253201256664529,46,0.0081801699963272,PGNN_ALL_RESULTS_May12/male_pgnn_target-BMD_l2_fw-none_80pct_knn2/bmd/results_knn2_l2_fw-none_K15_p3.0_mu0.00816.csv
BMD,25.0,l2,none,3200.0,1000000.0,1.7677669529663694e-18,0.5259329647901594,55.92378858651769,0.0760578497440438,7.585115603288933,0.685238731225237,54,0.0083379574330586,PGNN_ALL_RESULTS_May12/female_pgnn_target-BMD_l2_fw-none_80pct_knn25/bmd/results_knn25_l2_fw-none_K3200_p1000000.0_mu1.77e-18.csv
BMD,25.0,l2,none,15.0,3.0,0.0081649658092772,0.5058254455897403,53.78570497502123,0.0731500046841804,7.295121329065528,0.7088466124606274,35,0.0079950520752105,PGNN_ALL_RESULTS_May12/female_pgnn_target-BMD_l2_fw-none_80pct_knn25/bmd/results_knn25_l2_fw-none_K15_p3.0_mu0.00816.csv
BMD,25.0,l2,none,15.0,5.0,0.0024494897427831,0.5092474742885432,54.14957798223082,0.0736448823544092,7.34447460884933,0.7048938438589083,18,0.007797851601572,PGNN_ALL_RESULTS_May12/female_pgnn_target-BMD_l2_fw-none_80pct_knn25/bmd/results_knn25_l2_fw-none_K15_p5.0_mu0.00245.csv
BMD,25.0,l2,none,800.0,10000.0,3.5355339059327374e-13,0.5034443336945723,53.532515296600245,0.0728056559837928,7.260780038730971,0.7115812991438049,22,0.007833601469858,PGNN_ALL_RESULTS_May12/female_pgnn_target-BMD_l2_fw-none_80pct_knn25/bmd/results_knn25_l2_fw-none_K800_p10000.0_mu3.54e-13.csv
BMD,25.0,l2,none,10.0,3.0,0.01,0.5325960431414855,56.6322906390628,0.0770214434078974,7.681213104855481,0.6772127491402973,22,0.007833601469858,PGNN_ALL_RESULTS_May12/female_pgnn_target-BMD_l2_fw-none_80pct_knn25/bmd/results_knn25_l2_fw-none_K10_p3.0_mu0.01.csv
BMD,25.0,l2,none,80.0,10.0,3.535533905932738e-05,0.511297262465333,54.36753716775492,0.0739413067957645,7.374036497107889,0.7025133803250092,19,0.0078061467165669,PGNN_ALL_RESULTS_May12/female_pgnn_target-BMD_l2_fw-none_80pct_knn25/bmd/results_knn25_l2_fw-none_K80_p10.0_mu3.54e-05.csv
BMD,25.0,l2,none,30.0,5.0,0.0017320508075688,0.5231341925742877,55.62618802488589,0.0756531129684534,7.544751916409975,0.6885798456300695,20,0.007814872014491,PGNN_ALL_RESULTS_May12/female_pgnn_target-BMD_l2_fw-none_80pct_knn25/bmd/results_knn25_l2_fw-none_K30_p5.0_mu0.00173.csv
BMD,25.0,l2,none,10.0,2.0,0.02,0.5125464812196219,54.50036977226952,0.0741219679757005,7.3920535188808305,0.7010579457815473,35,0.0079950520752105,PGNN_ALL_RESULTS_May12/female_pgnn_target-BMD_l2_fw-none_80pct_knn25/bmd/results_knn25_l2_fw-none_K10_p2.0_mu0.02.csv
BMD,25.0,l2,none,100.0,100.0,1.0000000000000001e-07,0.5294132076772515,56.29385165629528,0.0765611408614899,7.635307941368225,0.6810592248135913,22,0.007833601469858,PGNN_ALL_RESULTS_May12/female_pgnn_target-BMD_l2_fw-none_80pct_knn25/bmd/results_knn25_l2_fw-none_K100_p100.0_mu1e-07.csv
BMD,25.0,l2,none,1600.0,1000000.0,2.500000000000001e-18,0.5126407796616574,54.51039676523152,0.0741356020606502,7.393413222196616,0.7009479367806644,31,0.007938309404863,PGNN_ALL_RESULTS_May12/female_pgnn_target-BMD_l2_fw-none_80pct_knn25/bmd/results_knn25_l2_fw-none_K1600_p1000000.0_mu2.5e-18.csv
BMD,25.0,l2,none,400.0,10000.0,5e-13,0.5234234477464319,55.656945262361965,0.0756949334869112,7.548922603172209,0.6882353650151323,32,0.0079519286647152,PGNN_ALL_RESULTS_May12/female_pgnn_target-BMD_l2_fw-none_80pct_knn25/bmd/results_knn25_l2_fw-none_K400_p10000.0_mu5e-13.csv
BMD,25.0,l2,none,40.0,10.0,5e-05,0.5281572743066734,56.16030506956822,0.076379523900143,7.617195601195973,0.6825706839929288,23,0.0078435994062494,PGNN_ALL_RESULTS_May12/female_pgnn_target-BMD_l2_fw-none_80pct_knn25/bmd/results_knn25_l2_fw-none_K40_p10.0_mu5e-05.csv
BMD,25.0,l2,none,200.0,100.0,7.071067811865477e-08,0.5222358369412493,55.53066358762688,0.0755231951603913,7.531795441879158,0.6896485038781557,28,0.0078997831519332,PGNN_ALL_RESULTS_May12/female_pgnn_target-BMD_l2_fw-none_80pct_knn25/bmd/results_knn25_l2_fw-none_K200_p100.0_mu7.07e-08.csv
BMD,25.0,l2,none,5.0,2.0,0.0282842712474619,0.534284337704279,56.81181129002466,0.0772655845527147,7.705560871893208,0.6751630767430654,33,0.0079659287950588,PGNN_ALL_RESULTS_May12/female_pgnn_target-BMD_l2_fw-none_80pct_knn25/bmd/results_knn25_l2_fw-none_K5_p2.0_mu0.0283.csv
BMD,30.0,l2,none,40.0,10.0,5e-05,0.5119314033698433,54.43496698153746,0.0740330133428122,7.383182229774228,0.701775001951513,22,0.007833601469858,PGNN_ALL_RESULTS_May12/female_pgnn_target-BMD_l2_fw-none_80pct_knn30/bmd/results_knn30_l2_fw-none_K40_p10.0_mu5e-05.csv
BMD,30.0,l2,none,15.0,5.0,0.0024494897427831,0.5403416129485998,57.45589675880471,0.0781415637929917,7.792920741070976,0.6677558586074008,20,0.007814872014491,PGNN_ALL_RESULTS_May12/female_pgnn_target-BMD_l2_fw-none_80pct_knn30/bmd/results_knn30_l2_fw-none_K15_p5.0_mu0.00245.csv
BMD,30.0,l2,none,5.0,2.0,0.0282842712474619,0.5225658595915718,55.56575573465128,0.0755709103715817,7.536553995981497,0.689256131778316,24,0.0078540150828855,PGNN_ALL_RESULTS_May12/female_pgnn_target-BMD_l2_fw-none_80pct_knn30/bmd/results_knn30_l2_fw-none_K5_p2.0_mu0.0283.csv
BMD,30.0,l2,none,1600.0,1000000.0,2.500000000000001e-18,0.5182846342822187,55.110522168550254,0.0749517829907003,7.4748095110538975,0.6943269371146197,31,0.007938309404863,PGNN_ALL_RESULTS_May12/female_pgnn_target-BMD_l2_fw-none_80pct_knn30/bmd/results_knn30_l2_fw-none_K1600_p1000000.0_mu2.5e-18.csv
BMD,30.0,l2,none,15.0,3.0,0.0081649658092772,0.5196470041755398,55.25538642120481,0.0751488143376672,7.494459100797038,0.692717832464139,19,0.0078061467165669,PGNN_ALL_RESULTS_May12/female_pgnn_target-BMD_l2_fw-none_80pct_knn30/bmd/results_knn30_l2_fw-none_K15_p3.0_mu0.00816.csv
BMD,30.0,l2,none,30.0,5.0,0.0017320508075688,0.5116997239917974,54.41033192455284,0.0739995124916064,7.379841248796461,0.7020448699352373,20,0.007814872014491,PGNN_ALL_RESULTS_May12/female_pgnn_target-BMD_l2_fw-none_80pct_knn30/bmd/results_knn30_l2_fw-none_K30_p5.0_mu0.00173.csv
BMD,30.0,l2,none,800.0,10000.0,3.5355339059327374e-13,0.5274105398269445,56.08090289482285,0.0762715303021383,7.606425589579321,0.6834676435182614,26,0.0078760855523611,PGNN_ALL_RESULTS_May12/female_pgnn_target-BMD_l2_fw-none_80pct_knn30/bmd/results_knn30_l2_fw-none_K800_p10000.0_mu3.54e-13.csv
BMD,30.0,l2,none,10.0,3.0,0.01,0.5441083046673135,57.85641866073944,0.0786862718990797,7.8472435225936,0.6631076021720825,33,0.0079659287950588,PGNN_ALL_RESULTS_May12/female_pgnn_target-BMD_l2_fw-none_80pct_knn30/bmd/results_knn30_l2_fw-none_K10_p3.0_mu0.01.csv
BMD,30.0,l2,none,10.0,2.0,0.02,0.5287132210608895,56.21942030065199,0.0764599199498542,7.625213357853038,0.6819020699793346,21,0.0078240246106395,PGNN_ALL_RESULTS_May12/female_pgnn_target-BMD_l2_fw-none_80pct_knn30/bmd/results_knn30_l2_fw-none_K10_p2.0_mu0.02.csv
BMD,30.0,l2,none,400.0,10000.0,5e-13,0.5241283247415623,55.731896624406566,0.0757968764824943,7.559089198849659,0.6873951134409559,22,0.007833601469858,PGNN_ALL_RESULTS_May12/female_pgnn_target-BMD_l2_fw-none_80pct_knn30/bmd/results_knn30_l2_fw-none_K400_p10000.0_mu5e-13.csv
BMD,30.0,l2,none,100.0,100.0,1.0000000000000001e-07,0.5247868674686845,55.80192114599453,0.0758921015262719,7.568585825007401,0.6866090730999863,27,0.0078877329137354,PGNN_ALL_RESULTS_May12/female_pgnn_target-BMD_l2_fw-none_80pct_knn30/bmd/results_knn30_l2_fw-none_K100_p100.0_mu1e-07.csv
BMD,30.0,l2,none,3200.0,1000000.0,1.7677669529663694e-18,0.5185624153549081,55.14005933587464,0.0749919604541697,7.478816338831544,0.6939991907759584,17,0.0077899894040583,PGNN_ALL_RESULTS_May12/female_pgnn_target-BMD_l2_fw-none_80pct_knn30/bmd/results_knn30_l2_fw-none_K3200_p1000000.0_mu1.77e-18.csv
BMD,30.0,l2,none,200.0,100.0,7.071067811865477e-08,0.5268128895875158,56.01735322618432,0.076185098944273,7.59780594225345,0.6841846123290292,26,0.0078760855523611,PGNN_ALL_RESULTS_May12/female_pgnn_target-BMD_l2_fw-none_80pct_knn30/bmd/results_knn30_l2_fw-none_K200_p100.0_mu7.07e-08.csv
BMD,30.0,l2,none,80.0,10.0,3.535533905932738e-05,0.5222356075486159,55.53063919572526,0.0755231540632449,7.531791343333026,0.6896487765225294,32,0.0079519286647152,PGNN_ALL_RESULTS_May12/female_pgnn_target-BMD_l2_fw-none_80pct_knn30/bmd/results_knn30_l2_fw-none_K80_p10.0_mu3.54e-05.csv
BMD,5.0,l2,none,200.0,100.0,7.071067811865477e-08,0.4988960720745232,53.04888708102094,0.0721479080594806,7.1951839949232586,0.7167690746863524,17,0.0077899894040583,PGNN_ALL_RESULTS_May12/female_pgnn_target-BMD_l2_fw-none_80pct_knn5/bmd/results_knn5_l2_fw-none_K200_p100.0_mu7.07e-08.csv
BMD,5.0,l2,none,1600.0,1000000.0,2.500000000000001e-18,0.5370717108857503,57.10819976336276,0.0776686764309023,7.745760516046826,0.6717648727572314,29,0.0079122321709504,PGNN_ALL_RESULTS_May12/female_pgnn_target-BMD_l2_fw-none_80pct_knn5/bmd/results_knn5_l2_fw-none_K1600_p1000000.0_mu2.5e-18.csv
BMD,5.0,l2,none,15.0,5.0,0.0024494897427831,0.5177270766386731,55.05123564751067,0.0748711545285303,7.466768576311026,0.69498425422964,24,0.0078540150828855,PGNN_ALL_RESULTS_May12/female_pgnn_target-BMD_l2_fw-none_80pct_knn5/bmd/results_knn5_l2_fw-none_K15_p5.0_mu0.00245.csv
BMD,5.0,l2,none,800.0,10000.0,3.5355339059327374e-13,0.5260492019471243,55.93614837878627,0.0760746662999939,7.586792688841045,0.6850995842216416,19,0.0078061467165669,PGNN_ALL_RESULTS_May12/female_pgnn_target-BMD_l2_fw-none_80pct_knn5/bmd/results_knn5_l2_fw-none_K800_p10000.0_mu3.54e-13.csv
BMD,5.0,l2,none,3200.0,1000000.0,1.7677669529663694e-18,0.5540183677380874,58.91018084936768,0.0801194263716699,7.990169497868336,0.6507239324511995,27,0.0078877329137354,PGNN_ALL_RESULTS_May12/female_pgnn_target-BMD_l2_fw-none_80pct_knn5/bmd/results_knn5_l2_fw-none_K3200_p1000000.0_mu1.77e-18.csv
BMD,5.0,l2,none,5.0,2.0,0.0282842712474619,0.5270929957554902,56.04713762679862,0.0762256153443187,7.60184657157982,0.6838486852576314,16,0.0077825627087219,PGNN_ALL_RESULTS_May12/female_pgnn_target-BMD_l2_fw-none_80pct_knn5/bmd/results_knn5_l2_fw-none_K5_p2.0_mu0.0283.csv
BMD,5.0,l2,none,15.0,3.0,0.0081649658092772,0.5237399971868208,55.69060476873757,0.0757407076770219,7.55348758265566,0.6878581608104533,28,0.0078997831519332,PGNN_ALL_RESULTS_May12/female_pgnn_target-BMD_l2_fw-none_80pct_knn5/bmd/results_knn5_l2_fw-none_K15_p3.0_mu0.00816.csv
BMD,5.0,l2,none,400.0,10000.0,5e-13,0.5293244000429058,56.28440851486754,0.0765482991375399,7.634027258821536,0.6811662187444614,23,0.0078435994062494,PGNN_ALL_RESULTS_May12/female_pgnn_target-BMD_l2_fw-none_80pct_knn5/bmd/results_knn5_l2_fw-none_K400_p10000.0_mu5e-13.csv
BMD,5.0,l2,none,30.0,5.0,0.0017320508075688,0.5183719151873498,55.11980296898104,0.0749644046157528,7.476068243524598,0.6942239756672185,29,0.0079122321709504,PGNN_ALL_RESULTS_May12/female_pgnn_target-BMD_l2_fw-none_80pct_knn5/bmd/results_knn5_l2_fw-none_K30_p5.0_mu0.00173.csv
BMD,5.0,l2,none,10.0,2.0,0.02,0.5253116907580339,55.85772693997164,0.0759679979351658,7.576154840398606,0.6859819343110996,37,0.008025638531605,PGNN_ALL_RESULTS_May12/female_pgnn_target-BMD_l2_fw-none_80pct_knn5/bmd/results_knn5_l2_fw-none_K10_p2.0_mu0.02.csv
BMD,5.0,l2,none,80.0,10.0,3.535533905932738e-05,0.5273018812108942,56.06934894806744,0.0762558185632996,7.60485868549485,0.6835980558715311,29,0.0079122321709504,PGNN_ALL_RESULTS_May12/female_pgnn_target-BMD_l2_fw-none_80pct_knn5/bmd/results_knn5_l2_fw-none_K80_p10.0_mu3.54e-05.csv
BMD,5.0,l2,none,100.0,100.0,1.0000000000000001e-07,0.5494608653783354,58.425570042454254,0.0794603350283934,7.924439477249783,0.6564467719828986,43,0.0081257331606513,PGNN_ALL_RESULTS_May12/female_pgnn_target-BMD_l2_fw-none_80pct_knn5/bmd/results_knn5_l2_fw-none_K100_p100.0_mu1e-07.csv
BMD,5.0,l2,none,10.0,3.0,0.01,0.501557739570431,53.33190894938423,0.0725328233355211,7.233570918509246,0.7137388743215952,28,0.0078997831519332,PGNN_ALL_RESULTS_May12/female_pgnn_target-BMD_l2_fw-none_80pct_knn5/bmd/results_knn5_l2_fw-none_K10_p3.0_mu0.01.csv
BMD,5.0,l2,none,40.0,10.0,5e-05,0.5235478897165419,55.67017749326139,0.0757129354763145,7.550717909917966,0.6880871056376465,37,0.008025638531605,PGNN_ALL_RESULTS_May12/female_pgnn_target-BMD_l2_fw-none_80pct_knn5/bmd/results_knn5_l2_fw-none_K40_p10.0_mu5e-05.csv
BMD,25.0,l2,none,3200.0,1000000.0,1.7677669529663694e-18,0.4688335162941943,48.2767470412319,0.0804774017876255,7.7802135136755695,0.7651007528312996,21,0.0078240246106395,PGNN_ALL_RESULTS_May12/penn_data_pgnn_target-BMD_l2_fw-none_80pct_knn25/bmd/results_knn25_l2_fw-none_K3200_p1000000.0_mu1.77e-18.csv
BMD,25.0,l2,none,15.0,3.0,0.0081649658092772,0.4765413670160041,49.07044021075968,0.0818004854676108,7.908123626304574,0.7573135465852192,30,0.0079250757223036,PGNN_ALL_RESULTS_May12/penn_data_pgnn_target-BMD_l2_fw-none_80pct_knn25/bmd/results_knn25_l2_fw-none_K15_p3.0_mu0.00816.csv
BMD,25.0,l2,none,15.0,5.0,0.0024494897427831,0.4772629322921266,49.14474126454194,0.0819243488613785,7.920098213314536,0.7565780524338712,29,0.0079122321709504,PGNN_ALL_RESULTS_May12/penn_data_pgnn_target-BMD_l2_fw-none_80pct_knn25/bmd/results_knn25_l2_fw-none_K15_p5.0_mu0.00245.csv
BMD,25.0,l2,none,800.0,10000.0,3.5355339059327374e-13,0.4665081897046461,48.03730340153823,0.0800782526428223,7.7416254690644255,0.7674250870698514,19,0.0078061467165669,PGNN_ALL_RESULTS_May12/penn_data_pgnn_target-BMD_l2_fw-none_80pct_knn25/bmd/results_knn25_l2_fw-none_K800_p10000.0_mu3.54e-13.csv
BMD,25.0,l2,none,10.0,3.0,0.01,0.4738784779022406,48.79623706683738,0.0813433924029773,7.863933809542676,0.7600182079696298,31,0.007938309404863,PGNN_ALL_RESULTS_May12/penn_data_pgnn_target-BMD_l2_fw-none_80pct_knn25/bmd/results_knn25_l2_fw-none_K10_p3.0_mu0.01.csv
BMD,25.0,l2,none,80.0,10.0,3.535533905932738e-05,0.4695987589206343,48.35554564119938,0.080608762371313,7.792912897175386,0.7643333093316547,47,0.0081989226111178,PGNN_ALL_RESULTS_May12/penn_data_pgnn_target-BMD_l2_fw-none_80pct_knn25/bmd/results_knn25_l2_fw-none_K80_p10.0_mu3.54e-05.csv
BMD,25.0,l2,none,30.0,5.0,0.0017320508075688,0.475203445245083,48.93267166680774,0.0815708324359083,7.885921746260988,0.758674350535593,27,0.0078877329137354,PGNN_ALL_RESULTS_May12/penn_data_pgnn_target-BMD_l2_fw-none_80pct_knn25/bmd/results_knn25_l2_fw-none_K30_p5.0_mu0.00173.csv
BMD,25.0,l2,none,10.0,2.0,0.02,0.4736608643216503,48.773828950911856,0.0813060416667921,7.860322898952138,0.7602385653335235,24,0.0078540150828855,PGNN_ALL_RESULTS_May12/penn_data_pgnn_target-BMD_l2_fw-none_80pct_knn25/bmd/results_knn25_l2_fw-none_K10_p2.0_mu0.02.csv
BMD,25.0,l2,none,100.0,100.0,1.0000000000000001e-07,0.469879661759013,48.384470781574926,0.0806569767630933,7.7975740598639165,0.764051284558249,27,0.0078877329137354,PGNN_ALL_RESULTS_May12/penn_data_pgnn_target-BMD_l2_fw-none_80pct_knn25/bmd/results_knn25_l2_fw-none_K100_p100.0_mu1e-07.csv
BMD,25.0,l2,none,1600.0,1000000.0,2.500000000000001e-18,0.4646552567154688,47.84650309803191,0.0797601770881339,7.710875274923125,0.769268955611657,32,0.0079519286647152,PGNN_ALL_RESULTS_May12/penn_data_pgnn_target-BMD_l2_fw-none_80pct_knn25/bmd/results_knn25_l2_fw-none_K1600_p1000000.0_mu2.5e-18.csv
BMD,25.0,l2,none,400.0,10000.0,5e-13,0.4763108539370173,49.0467038070744,0.0817609187512309,7.904298484157429,0.7575482748804658,19,0.0078061467165669,PGNN_ALL_RESULTS_May12/penn_data_pgnn_target-BMD_l2_fw-none_80pct_knn25/bmd/results_knn25_l2_fw-none_K400_p10000.0_mu5e-13.csv
BMD,25.0,l2,none,40.0,10.0,5e-05,0.4509626387548958,46.43654619298842,0.07740978481323,7.483649329086767,0.7826671133235578,18,0.007797851601572,PGNN_ALL_RESULTS_May12/penn_data_pgnn_target-BMD_l2_fw-none_80pct_knn25/bmd/results_knn25_l2_fw-none_K40_p10.0_mu5e-05.csv
BMD,25.0,l2,none,200.0,100.0,7.071067811865477e-08,0.4717064758001241,48.57258156352412,0.080970557904508,7.827889753212306,0.7622130593418397,30,0.0079250757223036,PGNN_ALL_RESULTS_May12/penn_data_pgnn_target-BMD_l2_fw-none_80pct_knn25/bmd/results_knn25_l2_fw-none_K200_p100.0_mu7.07e-08.csv
BMD,25.0,l2,none,5.0,2.0,0.0282842712474619,0.4804163184713895,49.46945189552009,0.0824656356707639,7.972427523849034,0.753350735919756,20,0.007814872014491,PGNN_ALL_RESULTS_May12/penn_data_pgnn_target-BMD_l2_fw-none_80pct_knn25/bmd/results_knn25_l2_fw-none_K5_p2.0_mu0.0283.csv
BMD,5.0,l2,none,200.0,100.0,7.071067811865477e-08,0.3478054535208424,37.644578199502654,0.0674935530812083,6.316693207006277,0.8571259471321533,100,0.0093940336813573,PGNN_ALL_RESULTS_May12/male_pgnn_target-BMD_l2_fw-none_80pct_knn5/bmd/results_knn5_l2_fw-none_K200_p100.0_mu7.07e-08.csv
BMD,5.0,l2,none,1600.0,1000000.0,2.500000000000001e-18,0.3700386943126733,40.05098374359023,0.0718080389297348,6.720484120463163,0.8382758529091152,91,0.0091924390242644,PGNN_ALL_RESULTS_May12/male_pgnn_target-BMD_l2_fw-none_80pct_knn5/bmd/results_knn5_l2_fw-none_K1600_p1000000.0_mu2.5e-18.csv
BMD,5.0,l2,none,15.0,5.0,0.0024494897427831,0.3696904572335243,40.01329244857089,0.0717404442781723,6.714157965491879,0.8385801013315698,10,0.0077472740168893,PGNN_ALL_RESULTS_May12/male_pgnn_target-BMD_l2_fw-none_80pct_knn5/bmd/results_knn5_l2_fw-none_K15_p5.0_mu0.00245.csv
BMD,5.0,l2,none,800.0,10000.0,3.5355339059327374e-13,0.3632516086592655,39.316386358644046,0.0704909736091629,6.597220531811523,0.8441539920451255,67,0.0086249673641049,PGNN_ALL_RESULTS_May12/male_pgnn_target-BMD_l2_fw-none_80pct_knn5/bmd/results_knn5_l2_fw-none_K800_p10000.0_mu3.54e-13.csv
BMD,5.0,l2,none,3200.0,1000000.0,1.7677669529663694e-18,0.3779528989050051,40.90757437679329,0.0733438267038999,6.864217851428548,0.8312841240226547,51,0.0082767809973118,PGNN_ALL_RESULTS_May12/male_pgnn_target-BMD_l2_fw-none_80pct_knn5/bmd/results_knn5_l2_fw-none_K3200_p1000000.0_mu1.77e-18.csv
BMD,5.0,l2,none,5.0,2.0,0.0282842712474619,0.3790573386096476,41.02711294758675,0.0735581603928382,6.884277251106617,0.8302966530148268,73,0.0087656872931931,PGNN_ALL_RESULTS_May12/male_pgnn_target-BMD_l2_fw-none_80pct_knn5/bmd/results_knn5_l2_fw-none_K5_p2.0_mu0.0283.csv
BMD,5.0,l2,none,15.0,3.0,0.0081649658092772,0.3751785003905812,40.60728851072778,0.072805443028135,6.8138307499616095,0.8337519821390451,9,0.007742955680935,PGNN_ALL_RESULTS_May12/male_pgnn_target-BMD_l2_fw-none_80pct_knn5/bmd/results_knn5_l2_fw-none_K15_p3.0_mu0.00816.csv
BMD,5.0,l2,none,400.0,10000.0,5e-13,0.3592162588039262,38.87962195011078,0.0697078827547863,6.523931388560195,0.8475973353051481,54,0.0083379574330586,PGNN_ALL_RESULTS_May12/male_pgnn_target-BMD_l2_fw-none_80pct_knn5/bmd/results_knn5_l2_fw-none_K400_p10000.0_mu5e-13.csv
BMD,5.0,l2,none,30.0,5.0,0.0017320508075688,0.3834022961284725,41.49738761244653,0.0744013067419313,6.963186962815241,0.8263838950782245,10,0.0077472740168893,PGNN_ALL_RESULTS_May12/male_pgnn_target-BMD_l2_fw-none_80pct_knn5/bmd/results_knn5_l2_fw-none_K30_p5.0_mu0.00173.csv
BMD,5.0,l2,none,10.0,2.0,0.02,0.3720698484858409,40.27082486837141,0.072202189580122,6.757372513830791,0.8364955622625433,75,0.0088132107555243,PGNN_ALL_RESULTS_May12/male_pgnn_target-BMD_l2_fw-none_80pct_knn5/bmd/results_knn5_l2_fw-none_K10_p2.0_mu0.02.csv
BMD,5.0,l2,none,80.0,10.0,3.535533905932738e-05,0.3884181465309252,42.04027608875049,0.0753746608109245,7.054282760190491,0.8218115242834557,10,0.0077472740168893,PGNN_ALL_RESULTS_May12/male_pgnn_target-BMD_l2_fw-none_80pct_knn5/bmd/results_knn5_l2_fw-none_K80_p10.0_mu3.54e-05.csv
BMD,5.0,l2,none,100.0,100.0,1.0000000000000001e-07,0.3591671725688666,38.87430912193194,0.0696983594526371,6.52304010672293,0.8476389835419186,47,0.0081989226111178,PGNN_ALL_RESULTS_May12/male_pgnn_target-BMD_l2_fw-none_80pct_knn5/bmd/results_knn5_l2_fw-none_K100_p100.0_mu1e-07.csv
BMD,5.0,l2,none,10.0,3.0,0.01,0.3791625292119226,41.03849820855119,0.0735785606229698,6.886186500052793,0.8302024526268426,10,0.0077472740168893,PGNN_ALL_RESULTS_May12/male_pgnn_target-BMD_l2_fw-none_80pct_knn5/bmd/results_knn5_l2_fw-none_K10_p3.0_mu0.01.csv
BMD,5.0,l2,none,40.0,10.0,5e-05,0.3728478536402051,40.35503193176447,0.0723531667001566,6.771502398908675,0.8358110655623642,70,0.0086949047439844,PGNN_ALL_RESULTS_May12/male_pgnn_target-BMD_l2_fw-none_80pct_knn5/bmd/results_knn5_l2_fw-none_K40_p10.0_mu5e-05.csv
BMD,20.0,l2,none,80.0,10.0,3.535533905932738e-05,0.5224898816551848,55.55767680760886,0.075559930642786,7.535459006937127,0.6893464857923275,25,0.0078648450115282,PGNN_ALL_RESULTS_May12/female_pgnn_target-BMD_l2_fw-none_80pct_knn20/bmd/results_knn20_l2_fw-none_K80_p10.0_mu3.54e-05.csv
BMD,20.0,l2,none,400.0,10000.0,5e-13,0.5280424458083988,56.148095063557705,0.0763629081956095,7.615538546202426,0.6827086957976907,22,0.007833601469858,PGNN_ALL_RESULTS_May12/female_pgnn_target-BMD_l2_fw-none_80pct_knn20/bmd/results_knn20_l2_fw-none_K400_p10000.0_mu5e-13.csv
BMD,20.0,l2,none,15.0,3.0,0.0081649658092772,0.5049182975728236,53.68924562124224,0.0730188185665475,7.28203836825161,0.7098899857608431,28,0.0078997831519332,PGNN_ALL_RESULTS_May12/female_pgnn_target-BMD_l2_fw-none_80pct_knn20/bmd/results_knn20_l2_fw-none_K15_p3.0_mu0.00816.csv
BMD,20.0,l2,none,1600.0,1000000.0,2.500000000000001e-18,0.5084232764290995,54.061938929479325,0.0735256799985575,7.332586767523783,0.7058483072525286,34,0.0079803049361372,PGNN_ALL_RESULTS_May12/female_pgnn_target-BMD_l2_fw-none_80pct_knn20/bmd/results_knn20_l2_fw-none_K1600_p1000000.0_mu2.5e-18.csv
BMD,20.0,l2,none,10.0,3.0,0.01,0.5147120473375392,54.73063992047529,0.0744351408626646,7.423285700166946,0.6985264820746118,23,0.0078435994062494,PGNN_ALL_RESULTS_May12/female_pgnn_target-BMD_l2_fw-none_80pct_knn20/bmd/results_knn20_l2_fw-none_K10_p3.0_mu0.01.csv
BMD,20.0,l2,none,100.0,100.0,1.0000000000000001e-07,0.5289228909216558,56.24171502973621,0.0764902412287926,7.628237245680019,0.6816497260974546,15,0.0077755739506987,PGNN_ALL_RESULTS_May12/female_pgnn_target-BMD_l2_fw-none_80pct_knn20/bmd/results_knn20_l2_fw-none_K100_p100.0_mu1e-07.csv
BMD,20.0,l2,none,30.0,5.0,0.0017320508075688,0.5392101394212605,57.33558430347228,0.0779779273978621,7.776601571147815,0.669145838014069,24,0.0078540150828855,PGNN_ALL_RESULTS_May12/female_pgnn_target-BMD_l2_fw-none_80pct_knn20/bmd/results_knn20_l2_fw-none_K30_p5.0_mu0.00173.csv
BMD,20.0,l2,none,5.0,2.0,0.0282842712474619,0.5350488429339384,56.893103073767136,0.0773761451290956,7.716586883749152,0.6742327960551437,26,0.0078760855523611,PGNN_ALL_RESULTS_May12/female_pgnn_target-BMD_l2_fw-none_80pct_knn20/bmd/results_knn20_l2_fw-none_K5_p2.0_mu0.0283.csv
BMD,20.0,l2,none,10.0,2.0,0.02,0.5153088549987077,54.794099995626354,0.0745214451740979,7.431892677375574,0.6978269607966091,19,0.0078061467165669,PGNN_ALL_RESULTS_May12/female_pgnn_target-BMD_l2_fw-none_80pct_knn20/bmd/results_knn20_l2_fw-none_K10_p2.0_mu0.02.csv
BMD,20.0,l2,none,15.0,5.0,0.0024494897427831,0.5249465158435355,55.81889696337253,0.0759151995042757,7.570889345734723,0.686418367251244,19,0.0078061467165669,PGNN_ALL_RESULTS_May12/female_pgnn_target-BMD_l2_fw-none_80pct_knn20/bmd/results_knn20_l2_fw-none_K15_p5.0_mu0.00245.csv
BMD,20.0,l2,none,40.0,10.0,5e-05,0.5073821612807408,53.95123451019224,0.0733751200892168,7.317571692532661,0.7070517621005324,19,0.0078061467165669,PGNN_ALL_RESULTS_May12/female_pgnn_target-BMD_l2_fw-none_80pct_knn20/bmd/results_knn20_l2_fw-none_K40_p10.0_mu5e-05.csv
BMD,20.0,l2,none,200.0,100.0,7.071067811865477e-08,0.5302171395382947,56.37933577393921,0.0766774033699581,7.646902596884094,0.6800898446458027,29,0.0079122321709504,PGNN_ALL_RESULTS_May12/female_pgnn_target-BMD_l2_fw-none_80pct_knn20/bmd/results_knn20_l2_fw-none_K200_p100.0_mu7.07e-08.csv
BMD,20.0,l2,none,800.0,10000.0,3.5355339059327374e-13,0.5366545503906323,57.06384202787656,0.0776083480154788,7.739744069267295,0.6722745758295496,34,0.0079803049361372,PGNN_ALL_RESULTS_May12/female_pgnn_target-BMD_l2_fw-none_80pct_knn20/bmd/results_knn20_l2_fw-none_K800_p10000.0_mu3.54e-13.csv
BMD,20.0,l2,none,3200.0,1000000.0,1.7677669529663694e-18,0.5214474753410107,55.44683509537964,0.0754091770713392,7.520424618364732,0.6905848031890325,33,0.0079659287950588,PGNN_ALL_RESULTS_May12/female_pgnn_target-BMD_l2_fw-none_80pct_knn20/bmd/results_knn20_l2_fw-none_K3200_p1000000.0_mu1.77e-18.csv
BMD,35.0,l2,none,15.0,3.0,0.0081649658092772,0.4694138125677231,48.33650133658936,0.0805770107871017,7.789843288824789,0.7645189022926178,35,0.0079950520752105,PGNN_ALL_RESULTS_May12/penn_data_pgnn_target-BMD_l2_fw-none_80pct_knn35/bmd/results_knn35_l2_fw-none_K15_p3.0_mu0.00816.csv
BMD,35.0,l2,none,5.0,2.0,0.0282842712474619,0.4657750123849891,47.96180663185924,0.0799523958718281,7.729458170807693,0.7681555550834933,21,0.0078240246106395,PGNN_ALL_RESULTS_May12/penn_data_pgnn_target-BMD_l2_fw-none_80pct_knn35/bmd/results_knn35_l2_fw-none_K5_p2.0_mu0.0283.csv
BMD,35.0,l2,none,400.0,10000.0,5e-13,0.478157358351502,49.23684214708305,0.0820778788831355,7.93494084395985,0.7556648160057821,13,0.007762919241074,PGNN_ALL_RESULTS_May12/penn_data_pgnn_target-BMD_l2_fw-none_80pct_knn35/bmd/results_knn35_l2_fw-none_K400_p10000.0_mu5e-13.csv
BMD,35.0,l2,none,3200.0,1000000.0,1.7677669529663694e-18,0.4712932139258438,48.53002714223592,0.0808996109841497,7.82103090617867,0.7626295269352011,40,0.0080741665917822,PGNN_ALL_RESULTS_May12/penn_data_pgnn_target-BMD_l2_fw-none_80pct_knn35/bmd/results_knn35_l2_fw-none_K3200_p1000000.0_mu1.77e-18.csv
BMD,35.0,l2,none,40.0,10.0,5e-05,0.4864865684934158,50.09451796824196,0.0835076236718102,8.073162499714956,0.7470783357409361,31,0.007938309404863,PGNN_ALL_RESULTS_May12/penn_data_pgnn_target-BMD_l2_fw-none_80pct_knn35/bmd/results_knn35_l2_fw-none_K40_p10.0_mu5e-05.csv
BMD,35.0,l2,none,80.0,10.0,3.535533905932738e-05,0.4518833994416288,46.53135880602488,0.0775678415895911,7.498929587147505,0.7817787210205557,14,0.0077690254158553,PGNN_ALL_RESULTS_May12/penn_data_pgnn_target-BMD_l2_fw-none_80pct_knn35/bmd/results_knn35_l2_fw-none_K80_p10.0_mu3.54e-05.csv
BMD,35.0,l2,none,800.0,10000.0,3.5355339059327374e-13,0.4686887636913825,48.26184156936047,0.0804525582440088,7.777811745359481,0.7652457809793899,20,0.007814872014491,PGNN_ALL_RESULTS_May12/penn_data_pgnn_target-BMD_l2_fw-none_80pct_knn35/bmd/results_knn35_l2_fw-none_K800_p10000.0_mu3.54e-13.csv
BMD,35.0,l2,none,10.0,3.0,0.01,0.4734685910496094,48.75403017843825,0.0812730351486882,7.857131968921013,0.7604331786629742,34,0.0079803049361372,PGNN_ALL_RESULTS_May12/penn_data_pgnn_target-BMD_l2_fw-none_80pct_knn35/bmd/results_knn35_l2_fw-none_K10_p3.0_mu0.01.csv
BMD,35.0,l2,none,200.0,100.0,7.071067811865477e-08,0.4670250400869661,48.09052454358167,0.080166964098274,7.750201715926177,0.7669094561572912,26,0.0078760855523611,PGNN_ALL_RESULTS_May12/penn_data_pgnn_target-BMD_l2_fw-none_80pct_knn35/bmd/results_knn35_l2_fw-none_K200_p100.0_mu7.07e-08.csv
BMD,35.0,l2,none,100.0,100.0,1.0000000000000001e-07,0.4563626927695137,46.99260081069863,0.0783367279737178,7.573262258225157,0.777431043101076,32,0.0079519286647152,PGNN_ALL_RESULTS_May12/penn_data_pgnn_target-BMD_l2_fw-none_80pct_knn35/bmd/results_knn35_l2_fw-none_K100_p100.0_mu1e-07.csv
BMD,35.0,l2,none,10.0,2.0,0.02,0.446719802274446,45.99965263400607,0.0766814863542265,7.413240526281713,0.7867373845236832,21,0.0078240246106395,PGNN_ALL_RESULTS_May12/penn_data_pgnn_target-BMD_l2_fw-none_80pct_knn35/bmd/results_knn35_l2_fw-none_K10_p2.0_mu0.02.csv
BMD,35.0,l2,none,1600.0,1000000.0,2.500000000000001e-18,0.4633486582388355,47.71195997782267,0.0795358999653616,7.689193114929869,0.7705647505473018,33,0.0079659287950588,PGNN_ALL_RESULTS_May12/penn_data_pgnn_target-BMD_l2_fw-none_80pct_knn35/bmd/results_knn35_l2_fw-none_K1600_p1000000.0_mu2.5e-18.csv
BMD,35.0,l2,none,15.0,5.0,0.0024494897427831,0.4606329944808674,47.43232252073823,0.0790697443056017,7.644127164949131,0.7732462867610952,22,0.007833601469858,PGNN_ALL_RESULTS_May12/penn_data_pgnn_target-BMD_l2_fw-none_80pct_knn35/bmd/results_knn35_l2_fw-none_K15_p5.0_mu0.00245.csv
BMD,35.0,l2,none,30.0,5.0,0.0017320508075688,0.4702127297319518,48.418767472656654,0.0807141531744679,7.803101632555871,0.7637166677640757,32,0.0079519286647152,PGNN_ALL_RESULTS_May12/penn_data_pgnn_target-BMD_l2_fw-none_80pct_knn35/bmd/results_knn35_l2_fw-none_K30_p5.0_mu0.00173.csv
