target,kNN_graph,edge_metrics,fw_source,K,p,mu_used,RMSE_scaled,RelRMSE_scaled_pct,RMSE_orig,RelRMSE_orig_pct,R2,best_epoch,best_lr,source_file
BFP,10.0,l2,none,1600.0,1000000.0,2.500000000000001e-18,0.3001434680466733,30.65130208052668,2.3064538816514526,8.792968282852458,0.9060380266273262,80,0.0089325881917434,PGNN_ALL_RESULTS_May12/male_pgnn_target-BFP_l2_fw-none_80pct_knn10/bfp/results_knn10_l2_fw-none_K1600_p1000000.0_mu2.5e-18.csv
BFP,10.0,l2,none,3200.0,1000000.0,1.7677669529663694e-18,0.3113603057615207,31.796789881489136,2.3926498490347976,9.12157594040894,0.8988837798820115,71,0.0087184183421959,PGNN_ALL_RESULTS_May12/male_pgnn_target-BFP_l2_fw-none_80pct_knn10/bfp/results_knn10_l2_fw-none_K3200_p1000000.0_mu1.77e-18.csv
BFP,10.0,l2,none,15.0,3.0,0.0081649658092772,0.2893365156727358,29.547672659772747,2.22340770157302,8.476368660700523,0.9126825928918524,96,0.0093062416663153,PGNN_ALL_RESULTS_May12/male_pgnn_target-BFP_l2_fw-none_80pct_knn10/bfp/results_knn10_l2_fw-none_K15_p3.0_mu0.00816.csv
BFP,10.0,l2,none,30.0,5.0,0.0017320508075688,0.2900471576406332,29.620244959183037,2.228868583527688,8.49718735653736,0.9122531440448088,136,0.0099472767389608,PGNN_ALL_RESULTS_May12/male_pgnn_target-BFP_l2_fw-none_80pct_knn10/bfp/results_knn10_l2_fw-none_K30_p5.0_mu0.00173.csv
BFP,10.0,l2,none,100.0,100.0,1.0000000000000001e-07,0.3155531295826602,32.22497014590919,2.424869481403382,9.244407880711725,0.8961421518755879,76,0.0088370421783673,PGNN_ALL_RESULTS_May12/male_pgnn_target-BFP_l2_fw-none_80pct_knn10/bfp/results_knn10_l2_fw-none_K100_p100.0_mu1e-07.csv
BFP,10.0,l2,none,40.0,10.0,5e-05,0.2915907362449471,29.7778785548557,2.2407303055820003,8.542408180865703,0.9113167130502046,66,0.0086018887790109,PGNN_ALL_RESULTS_May12/male_pgnn_target-BFP_l2_fw-none_80pct_knn10/bfp/results_knn10_l2_fw-none_K40_p10.0_mu5e-05.csv
BFP,10.0,l2,none,200.0,100.0,7.071067811865477e-08,0.2829510415292021,28.895574187750004,2.1743384546077373,8.289300392975072,0.9164941443786886,131,0.0099036200483983,PGNN_ALL_RESULTS_May12/male_pgnn_target-BFP_l2_fw-none_80pct_knn10/bfp/results_knn10_l2_fw-none_K200_p100.0_mu7.07e-08.csv
BFP,10.0,l2,none,10.0,3.0,0.01,0.2933465947967778,29.957190639283507,2.2542231675447404,8.59384745230621,0.9102454572094516,104,0.0094781926034759,PGNN_ALL_RESULTS_May12/male_pgnn_target-BFP_l2_fw-none_80pct_knn10/bfp/results_knn10_l2_fw-none_K10_p3.0_mu0.01.csv
BFP,10.0,l2,none,5.0,2.0,0.0282842712474619,0.298598678930149,30.493544864721017,2.294582864484764,8.747712022468379,0.9070027512604136,82,0.0089803447591593,PGNN_ALL_RESULTS_May12/male_pgnn_target-BFP_l2_fw-none_80pct_knn10/bfp/results_knn10_l2_fw-none_K5_p2.0_mu0.0283.csv
BFP,10.0,l2,none,80.0,10.0,3.535533905932738e-05,0.2662179653618144,27.186756149226824,2.0457532134299363,7.799090744165714,0.9260787918445136,77,0.0088609061729741,PGNN_ALL_RESULTS_May12/male_pgnn_target-BFP_l2_fw-none_80pct_knn10/bfp/results_knn10_l2_fw-none_K80_p10.0_mu3.54e-05.csv
BFP,10.0,l2,none,800.0,10000.0,3.5355339059327374e-13,0.3019859459212134,30.839459918099312,2.320612193054557,8.846944468587898,0.9048808851505682,70,0.0086949047439844,PGNN_ALL_RESULTS_May12/male_pgnn_target-BFP_l2_fw-none_80pct_knn10/bfp/results_knn10_l2_fw-none_K800_p10000.0_mu3.54e-13.csv
BFP,10.0,l2,none,10.0,2.0,0.02,0.2804984326927446,28.645108452743777,2.1554916796770227,8.217450227004626,0.9179355214296024,99,0.0093723997248121,PGNN_ALL_RESULTS_May12/male_pgnn_target-BFP_l2_fw-none_80pct_knn10/bfp/results_knn10_l2_fw-none_K10_p2.0_mu0.02.csv
BFP,10.0,l2,none,15.0,5.0,0.0024494897427831,0.3005920846488567,30.69711578115908,2.3099011641995317,8.806110468936657,0.9057569316968008,88,0.009122513696999,PGNN_ALL_RESULTS_May12/male_pgnn_target-BFP_l2_fw-none_80pct_knn10/bfp/results_knn10_l2_fw-none_K15_p5.0_mu0.00245.csv
BFP,10.0,l2,none,400.0,10000.0,5e-13,0.2801232100561608,28.606789903097404,2.152608125443351,8.206457160496658,0.918154929817734,105,0.0094985858282077,PGNN_ALL_RESULTS_May12/male_pgnn_target-BFP_l2_fw-none_80pct_knn10/bfp/results_knn10_l2_fw-none_K400_p10000.0_mu5e-13.csv
BFP,5.0,l2,none,200.0,100.0,7.071067811865477e-08,0.3356812587068682,34.399733029952934,2.482177851346992,7.049947131479339,0.8814409413666553,52,0.0082969208501282,PGNN_ALL_RESULTS_May12/female_pgnn_target-BFP_l2_fw-none_80pct_knn5/bfp/results_knn5_l2_fw-none_K200_p100.0_mu7.07e-08.csv
BFP,5.0,l2,none,1600.0,1000000.0,2.500000000000001e-18,0.3243412317735316,33.237636877900826,2.398324609644228,6.811784938352508,0.8893159923279248,112,0.0096329612111306,PGNN_ALL_RESULTS_May12/female_pgnn_target-BFP_l2_fw-none_80pct_knn5/bfp/results_knn5_l2_fw-none_K1600_p1000000.0_mu2.5e-18.csv
BFP,5.0,l2,none,15.0,5.0,0.0024494897427831,0.320890861602753,32.88405201234554,2.372811072042154,6.739320714592707,0.8916583984997127,96,0.0093062416663153,PGNN_ALL_RESULTS_May12/female_pgnn_target-BFP_l2_fw-none_80pct_knn5/bfp/results_knn5_l2_fw-none_K15_p5.0_mu0.00245.csv
BFP,5.0,l2,none,800.0,10000.0,3.5355339059327374e-13,0.3094410270673839,31.71070306587434,2.2881454730921647,6.498851242943627,0.8992520216703156,89,0.0091459335569017,PGNN_ALL_RESULTS_May12/female_pgnn_target-BFP_l2_fw-none_80pct_knn5/bfp/results_knn5_l2_fw-none_K800_p10000.0_mu3.54e-13.csv
BFP,5.0,l2,none,3200.0,1000000.0,1.7677669529663694e-18,0.3301124832924553,33.82905956341051,2.440999646087721,6.932991704659488,0.8853419774237703,47,0.0081989226111178,PGNN_ALL_RESULTS_May12/female_pgnn_target-BFP_l2_fw-none_80pct_knn5/bfp/results_knn5_l2_fw-none_K3200_p1000000.0_mu1.77e-18.csv
BFP,5.0,l2,none,5.0,2.0,0.0282842712474619,0.3187478084576665,32.66443755920638,2.356964101624455,6.694311730414451,0.893100673929649,67,0.0086249673641049,PGNN_ALL_RESULTS_May12/female_pgnn_target-BFP_l2_fw-none_80pct_knn5/bfp/results_knn5_l2_fw-none_K5_p2.0_mu0.0283.csv
BFP,5.0,l2,none,15.0,3.0,0.0081649658092772,0.3080328131742204,31.56639300769443,2.277732829191799,6.4692769765562845,0.9001669092675979,78,0.0088847922325062,PGNN_ALL_RESULTS_May12/female_pgnn_target-BFP_l2_fw-none_80pct_knn5/bfp/results_knn5_l2_fw-none_K15_p3.0_mu0.00816.csv
BFP,5.0,l2,none,400.0,10000.0,5e-13,0.3120375999841205,31.976793033102883,2.3073457999438545,6.553384518686976,0.89755414057463,57,0.0084012847233714,PGNN_ALL_RESULTS_May12/female_pgnn_target-BFP_l2_fw-none_80pct_knn5/bfp/results_knn5_l2_fw-none_K400_p10000.0_mu5e-13.csv
BFP,5.0,l2,none,30.0,5.0,0.0017320508075688,0.3224095966905674,33.03968799204038,2.38404092420675,6.771216037488996,0.8906304379692244,53,0.0083173156107196,PGNN_ALL_RESULTS_May12/female_pgnn_target-BFP_l2_fw-none_80pct_knn5/bfp/results_knn5_l2_fw-none_K30_p5.0_mu0.00173.csv
BFP,5.0,l2,none,10.0,2.0,0.02,0.3410986977422912,34.95489794217501,2.522236582866911,7.163722999399641,0.877583298018569,60,0.0084665398864587,PGNN_ALL_RESULTS_May12/female_pgnn_target-BFP_l2_fw-none_80pct_knn5/bfp/results_knn5_l2_fw-none_K10_p2.0_mu0.02.csv
BFP,5.0,l2,none,80.0,10.0,3.535533905932738e-05,0.3119353880389369,31.96631862163192,2.306590062906576,6.551238054381357,0.8976212445107041,74,0.0087894223403149,PGNN_ALL_RESULTS_May12/female_pgnn_target-BFP_l2_fw-none_80pct_knn5/bfp/results_knn5_l2_fw-none_K80_p10.0_mu3.54e-05.csv
BFP,5.0,l2,none,100.0,100.0,1.0000000000000001e-07,0.3351869673037771,34.34907934624464,2.478522623485671,7.039565456708598,0.8817898412566644,71,0.0087184183421959,PGNN_ALL_RESULTS_May12/female_pgnn_target-BFP_l2_fw-none_80pct_knn5/bfp/results_knn5_l2_fw-none_K100_p100.0_mu1e-07.csv
BFP,5.0,l2,none,10.0,3.0,0.01,0.3211808771503098,32.91377204333244,2.37495548797417,6.745411341394655,0.8914624755152633,75,0.0088132107555243,PGNN_ALL_RESULTS_May12/female_pgnn_target-BFP_l2_fw-none_80pct_knn5/bfp/results_knn5_l2_fw-none_K10_p3.0_mu0.01.csv
BFP,5.0,l2,none,40.0,10.0,5e-05,0.314352524314425,32.21402039352743,2.324463397669401,6.602002372124653,0.8960284647879284,106,0.0095186998443402,PGNN_ALL_RESULTS_May12/female_pgnn_target-BFP_l2_fw-none_80pct_knn5/bfp/results_knn5_l2_fw-none_K40_p10.0_mu5e-05.csv
BFP,15.0,l2,none,400.0,10000.0,5e-13,0.2777877363476398,28.368286261466015,2.13466091384892,8.13803642875305,0.9195139759583276,112,0.0096329612111306,PGNN_ALL_RESULTS_May12/male_pgnn_target-BFP_l2_fw-none_80pct_knn15/bfp/results_knn15_l2_fw-none_K400_p10000.0_mu5e-13.csv
BFP,15.0,l2,none,800.0,10000.0,3.5355339059327374e-13,0.3051405586649089,31.16161581502209,2.3448539827352706,8.939362222733267,0.9028832343086436,56,0.0083799501815843,PGNN_ALL_RESULTS_May12/male_pgnn_target-BFP_l2_fw-none_80pct_knn15/bfp/results_knn15_l2_fw-none_K800_p10000.0_mu3.54e-13.csv
BFP,15.0,l2,none,5.0,2.0,0.0282842712474619,0.2987723293915275,30.51127842654988,2.295917288140862,8.752799288672703,0.9068945544596164,61,0.0084886799280466,PGNN_ALL_RESULTS_May12/male_pgnn_target-BFP_l2_fw-none_80pct_knn15/bfp/results_knn15_l2_fw-none_K5_p2.0_mu0.0283.csv
BFP,15.0,l2,none,10.0,3.0,0.01,0.318841281570615,32.56076336015236,2.4501373103233446,9.340737237234856,0.8939664190277969,60,0.0084665398864587,PGNN_ALL_RESULTS_May12/male_pgnn_target-BFP_l2_fw-none_80pct_knn15/bfp/results_knn15_l2_fw-none_K10_p3.0_mu0.01.csv
BFP,15.0,l2,none,15.0,5.0,0.0024494897427831,0.2719818254045491,27.775374040762163,2.0900454492802463,7.967947458842157,0.9228432182098922,152,0.0099989145419203,PGNN_ALL_RESULTS_May12/male_pgnn_target-BFP_l2_fw-none_80pct_knn15/bfp/results_knn15_l2_fw-none_K15_p5.0_mu0.00245.csv
BFP,15.0,l2,none,30.0,5.0,0.0017320508075688,0.2980100292538858,30.43343068277939,2.290059349128382,8.730466879449441,0.907369054562845,62,0.0085109993808483,PGNN_ALL_RESULTS_May12/male_pgnn_target-BFP_l2_fw-none_80pct_knn15/bfp/results_knn15_l2_fw-none_K30_p5.0_mu0.00173.csv
BFP,15.0,l2,none,1600.0,1000000.0,2.500000000000001e-18,0.2999351084340843,30.630023944879035,2.304852589171452,8.786863624051245,0.9061684381602813,100,0.0093940336813573,PGNN_ALL_RESULTS_May12/male_pgnn_target-BFP_l2_fw-none_80pct_knn15/bfp/results_knn15_l2_fw-none_K1600_p1000000.0_mu2.5e-18.csv
BFP,15.0,l2,none,200.0,100.0,7.071067811865477e-08,0.3056257020651095,31.21115971150832,2.3485821230171187,8.953575131785167,0.9025741766555018,155,0.0099932223927485,PGNN_ALL_RESULTS_May12/male_pgnn_target-BFP_l2_fw-none_80pct_knn15/bfp/results_knn15_l2_fw-none_K200_p100.0_mu7.07e-08.csv
BFP,15.0,l2,none,3200.0,1000000.0,1.7677669529663694e-18,0.3068043897176769,31.33152985160349,2.3576397294648994,8.988105736037644,0.9018212553403002,77,0.0088609061729741,PGNN_ALL_RESULTS_May12/male_pgnn_target-BFP_l2_fw-none_80pct_knn15/bfp/results_knn15_l2_fw-none_K3200_p1000000.0_mu1.77e-18.csv
BFP,15.0,l2,none,80.0,10.0,3.535533905932738e-05,0.2908655365469888,29.703819588470434,2.23515757001162,8.521163061893722,0.911757283412029,94,0.0092611971691567,PGNN_ALL_RESULTS_May12/male_pgnn_target-BFP_l2_fw-none_80pct_knn15/bfp/results_knn15_l2_fw-none_K80_p10.0_mu3.54e-05.csv
BFP,15.0,l2,none,40.0,10.0,5e-05,0.301006685663319,30.73945573618085,2.313087355842775,8.818257289770584,0.905496777020506,63,0.0085334892085578,PGNN_ALL_RESULTS_May12/male_pgnn_target-BFP_l2_fw-none_80pct_knn15/bfp/results_knn15_l2_fw-none_K40_p10.0_mu5e-05.csv
BFP,15.0,l2,none,100.0,100.0,1.0000000000000001e-07,0.3038818323058166,31.033071948582663,2.335181268499264,8.90248662328473,0.9036828087868536,61,0.0084886799280466,PGNN_ALL_RESULTS_May12/male_pgnn_target-BFP_l2_fw-none_80pct_knn15/bfp/results_knn15_l2_fw-none_K100_p100.0_mu1e-07.csv
BFP,15.0,l2,none,15.0,3.0,0.0081649658092772,0.2920223111258633,29.82195191794243,2.2440465561994287,8.55505082970816,0.911054003725322,121,0.0097803165985576,PGNN_ALL_RESULTS_May12/male_pgnn_target-BFP_l2_fw-none_80pct_knn15/bfp/results_knn15_l2_fw-none_K15_p3.0_mu0.00816.csv
BFP,15.0,l2,none,10.0,2.0,0.02,0.2979393086304173,30.42620853929127,2.28951579510645,8.728394670976998,0.907413013760678,91,0.0091924390242644,PGNN_ALL_RESULTS_May12/male_pgnn_target-BFP_l2_fw-none_80pct_knn15/bfp/results_knn15_l2_fw-none_K10_p2.0_mu0.02.csv
BFP,2.0,l2,none,100.0,100.0,1.0000000000000001e-07,0.3295925406942895,33.775777212657,2.4371548368528786,6.9220715758614855,0.8857028764778961,57,0.0084012847233714,PGNN_ALL_RESULTS_May12/female_pgnn_target-BFP_l2_fw-none_80pct_knn2/bfp/results_knn2_l2_fw-none_K100_p100.0_mu1e-07.csv
BFP,2.0,l2,none,5.0,2.0,0.0282842712474619,0.3133675937887546,32.11308730221743,2.3171807220057588,6.5813179242409,0.8966789721226186,110,0.0095961628708421,PGNN_ALL_RESULTS_May12/female_pgnn_target-BFP_l2_fw-none_80pct_knn2/bfp/results_knn2_l2_fw-none_K5_p2.0_mu0.0283.csv
BFP,2.0,l2,none,15.0,5.0,0.0024494897427831,0.3250008572937946,33.305233567344274,2.403201819119041,6.825637317595971,0.8888653296884801,81,0.0089564767647702,PGNN_ALL_RESULTS_May12/female_pgnn_target-BFP_l2_fw-none_80pct_knn2/bfp/results_knn2_l2_fw-none_K15_p5.0_mu0.00245.csv
BFP,2.0,l2,none,3200.0,1000000.0,1.7677669529663694e-18,0.3138372696248404,32.1612184473228,2.320653563570351,6.591181580631634,0.896369024587647,83,0.0090041813844477,PGNN_ALL_RESULTS_May12/female_pgnn_target-BFP_l2_fw-none_80pct_knn2/bfp/results_knn2_l2_fw-none_K3200_p1000000.0_mu1.77e-18.csv
BFP,2.0,l2,none,40.0,10.0,5e-05,0.3161648024256567,32.39973789066311,2.3378641023818267,6.64006340779778,0.8948261936457749,87,0.0090989970417043,PGNN_ALL_RESULTS_May12/female_pgnn_target-BFP_l2_fw-none_80pct_knn2/bfp/results_knn2_l2_fw-none_K40_p10.0_mu5e-05.csv
BFP,2.0,l2,none,80.0,10.0,3.535533905932738e-05,0.3047742216748937,31.232461116285503,2.2536370890738,6.400839618679783,0.902267948755433,71,0.0087184183421959,PGNN_ALL_RESULTS_May12/female_pgnn_target-BFP_l2_fw-none_80pct_knn2/bfp/results_knn2_l2_fw-none_K80_p10.0_mu3.54e-05.csv
BFP,2.0,l2,none,10.0,2.0,0.02,0.3220656910999879,33.00444545109837,2.3814979241958008,6.763993341652429,0.8908636366328347,76,0.0088370421783673,PGNN_ALL_RESULTS_May12/female_pgnn_target-BFP_l2_fw-none_80pct_knn2/bfp/results_knn2_l2_fw-none_K10_p2.0_mu0.02.csv
BFP,2.0,l2,none,10.0,3.0,0.01,0.3238853560506504,33.190919932122085,2.3949536787683425,6.802210731393096,0.8896269160496384,98,0.009350549257611,PGNN_ALL_RESULTS_May12/female_pgnn_target-BFP_l2_fw-none_80pct_knn2/bfp/results_knn2_l2_fw-none_K10_p3.0_mu0.01.csv
BFP,2.0,l2,none,200.0,100.0,7.071067811865477e-08,0.3442807015562247,35.280981328901085,2.5457657003152883,7.230551020595387,0.8752886699868329,29,0.0079122321709504,PGNN_ALL_RESULTS_May12/female_pgnn_target-BFP_l2_fw-none_80pct_knn2/bfp/results_knn2_l2_fw-none_K200_p100.0_mu7.07e-08.csv
BFP,2.0,l2,none,800.0,10000.0,3.5355339059327374e-13,0.325689733688249,33.375827809486815,2.408295796048706,6.840105365493354,0.8883937051618078,78,0.0088847922325062,PGNN_ALL_RESULTS_May12/female_pgnn_target-BFP_l2_fw-none_80pct_knn2/bfp/results_knn2_l2_fw-none_K800_p10000.0_mu3.54e-13.csv
BFP,2.0,l2,none,1600.0,1000000.0,2.500000000000001e-18,0.3010560030319385,30.851427843360533,2.226143044025953,6.322750305332376,0.9046380473501076,42,0.0081082168258816,PGNN_ALL_RESULTS_May12/female_pgnn_target-BFP_l2_fw-none_80pct_knn2/bfp/results_knn2_l2_fw-none_K1600_p1000000.0_mu2.5e-18.csv
BFP,2.0,l2,none,30.0,5.0,0.0017320508075688,0.3223872440659164,33.037397353821625,2.383875834225176,6.770747144560393,0.8906456026048191,75,0.0088132107555243,PGNN_ALL_RESULTS_May12/female_pgnn_target-BFP_l2_fw-none_80pct_knn2/bfp/results_knn2_l2_fw-none_K30_p5.0_mu0.00173.csv
BFP,2.0,l2,none,400.0,10000.0,5e-13,0.3325355012850112,34.077364078210614,2.458916444855375,6.983879470017951,0.8836526257251186,80,0.0089325881917434,PGNN_ALL_RESULTS_May12/female_pgnn_target-BFP_l2_fw-none_80pct_knn2/bfp/results_knn2_l2_fw-none_K400_p10000.0_mu5e-13.csv
BFP,2.0,l2,none,15.0,3.0,0.0081649658092772,0.3352506666302815,34.35560708578656,2.478993710985168,7.040903451874396,0.8817449073915159,45,0.0081617163535314,PGNN_ALL_RESULTS_May12/female_pgnn_target-BFP_l2_fw-none_80pct_knn2/bfp/results_knn2_l2_fw-none_K15_p3.0_mu0.00816.csv
BFP,15.0,l2,none,400.0,10000.0,5e-13,0.3285948986915495,33.67354148258994,2.42977814685764,6.901120105988557,0.8863937600529729,41,0.0080910258923681,PGNN_ALL_RESULTS_May12/female_pgnn_target-BFP_l2_fw-none_80pct_knn15/bfp/results_knn15_l2_fw-none_K400_p10000.0_mu5e-13.csv
BFP,15.0,l2,none,800.0,10000.0,3.5355339059327374e-13,0.3223115339721109,33.02963878241786,2.383315828318164,6.769156600983666,0.8906969586040479,60,0.0084665398864587,PGNN_ALL_RESULTS_May12/female_pgnn_target-BFP_l2_fw-none_80pct_knn15/bfp/results_knn15_l2_fw-none_K800_p10000.0_mu3.54e-13.csv
BFP,15.0,l2,none,5.0,2.0,0.0282842712474619,0.3174554916113341,32.532004325741994,2.3474081643646887,6.667170704868465,0.8939657324251494,76,0.0088370421783673,PGNN_ALL_RESULTS_May12/female_pgnn_target-BFP_l2_fw-none_80pct_knn15/bfp/results_knn15_l2_fw-none_K5_p2.0_mu0.0283.csv
BFP,15.0,l2,none,10.0,3.0,0.01,0.3281491139167693,33.62785863064779,2.426481705831683,6.891757467069503,0.8867017963585515,30,0.0079250757223036,PGNN_ALL_RESULTS_May12/female_pgnn_target-BFP_l2_fw-none_80pct_knn15/bfp/results_knn15_l2_fw-none_K10_p3.0_mu0.01.csv
BFP,15.0,l2,none,15.0,5.0,0.0024494897427831,0.3273918296172232,33.550254126206546,2.4208817480022726,6.875852318848785,0.8872241195715255,35,0.0079950520752105,PGNN_ALL_RESULTS_May12/female_pgnn_target-BFP_l2_fw-none_80pct_knn15/bfp/results_knn15_l2_fw-none_K15_p5.0_mu0.00245.csv
BFP,15.0,l2,none,30.0,5.0,0.0017320508075688,0.3188015870908144,32.66994865217037,2.3573616436218217,6.695440839701464,0.8930645991114972,62,0.0085109993808483,PGNN_ALL_RESULTS_May12/female_pgnn_target-BFP_l2_fw-none_80pct_knn15/bfp/results_knn15_l2_fw-none_K30_p5.0_mu0.00173.csv
BFP,15.0,l2,none,1600.0,1000000.0,2.500000000000001e-18,0.3250268768181852,33.30789997980963,2.403394312083285,6.8261840412001495,0.8888475341230019,41,0.0080910258923681,PGNN_ALL_RESULTS_May12/female_pgnn_target-BFP_l2_fw-none_80pct_knn15/bfp/results_knn15_l2_fw-none_K1600_p1000000.0_mu2.5e-18.csv
BFP,15.0,l2,none,200.0,100.0,7.071067811865477e-08,0.3058959765046596,31.34741560262668,2.2619319524972754,6.424398908988739,0.901547197800328,82,0.0089803447591593,PGNN_ALL_RESULTS_May12/female_pgnn_target-BFP_l2_fw-none_80pct_knn15/bfp/results_knn15_l2_fw-none_K200_p100.0_mu7.07e-08.csv
BFP,15.0,l2,none,3200.0,1000000.0,1.7677669529663694e-18,0.3092963852499079,31.695880552620817,2.2870762465864405,6.495814397564945,0.8993461847814832,100,0.0093940336813573,PGNN_ALL_RESULTS_May12/female_pgnn_target-BFP_l2_fw-none_80pct_knn15/bfp/results_knn15_l2_fw-none_K3200_p1000000.0_mu1.77e-18.csv
BFP,15.0,l2,none,80.0,10.0,3.535533905932738e-05,0.3226211305127099,33.06136542210168,2.3856055287818294,6.775659868751931,0.8904868755485825,63,0.0085334892085578,PGNN_ALL_RESULTS_May12/female_pgnn_target-BFP_l2_fw-none_80pct_knn15/bfp/results_knn15_l2_fw-none_K80_p10.0_mu3.54e-05.csv
BFP,15.0,l2,none,40.0,10.0,5e-05,0.2913330564308783,29.855045833148196,2.154247310508193,6.118550142961222,0.910698226767789,89,0.0091459335569017,PGNN_ALL_RESULTS_May12/female_pgnn_target-BFP_l2_fw-none_80pct_knn15/bfp/results_knn15_l2_fw-none_K40_p10.0_mu5e-05.csv
BFP,15.0,l2,none,100.0,100.0,1.0000000000000001e-07,0.3356561222642615,34.39715711338754,2.481991802391108,7.049418710318004,0.8814586965514671,61,0.0084886799280466,PGNN_ALL_RESULTS_May12/female_pgnn_target-BFP_l2_fw-none_80pct_knn15/bfp/results_knn15_l2_fw-none_K100_p100.0_mu1e-07.csv
BFP,15.0,l2,none,15.0,3.0,0.0081649658092772,0.3016066338363795,30.90785504082698,2.2302146745710107,6.334314658010002,0.9042888947153388,90,0.0091692456553619,PGNN_ALL_RESULTS_May12/female_pgnn_target-BFP_l2_fw-none_80pct_knn15/bfp/results_knn15_l2_fw-none_K15_p3.0_mu0.00816.csv
BFP,15.0,l2,none,10.0,2.0,0.02,0.3181308248493699,32.60121070081393,2.352401650907902,6.681353337314527,0.8935141123735233,86,0.0090753945490454,PGNN_ALL_RESULTS_May12/female_pgnn_target-BFP_l2_fw-none_80pct_knn15/bfp/results_knn15_l2_fw-none_K10_p2.0_mu0.02.csv
BFP,40.0,l2,none,100.0,100.0,1.0000000000000001e-07,0.287780476320853,29.38876654552631,2.211450509229965,8.430783871921149,0.9136192459898014,79,0.008908689783734,PGNN_ALL_RESULTS_May12/male_pgnn_target-BFP_l2_fw-none_80pct_knn40/bfp/results_knn40_l2_fw-none_K100_p100.0_mu1e-07.csv
BFP,40.0,l2,none,200.0,100.0,7.071067811865477e-08,0.2987842801173607,30.512498860597564,2.2960091811150143,8.753149615212315,0.9068871059793056,103,0.0094575304037343,PGNN_ALL_RESULTS_May12/male_pgnn_target-BFP_l2_fw-none_80pct_knn40/bfp/results_knn40_l2_fw-none_K200_p100.0_mu7.07e-08.csv
BFP,40.0,l2,none,10.0,2.0,0.02,0.3085630523403475,31.511128293828545,2.3711541465076125,9.039627182602503,0.9006924699369209,84,0.0090279758085674,PGNN_ALL_RESULTS_May12/male_pgnn_target-BFP_l2_fw-none_80pct_knn40/bfp/results_knn40_l2_fw-none_K10_p2.0_mu0.02.csv
BFP,40.0,l2,none,15.0,3.0,0.0081649658092772,0.3125443212346488,31.91770411017801,2.401748306412114,9.156262281973396,0.8981132847115219,37,0.008025638531605,PGNN_ALL_RESULTS_May12/male_pgnn_target-BFP_l2_fw-none_80pct_knn40/bfp/results_knn40_l2_fw-none_K15_p3.0_mu0.00816.csv
BFP,40.0,l2,none,10.0,3.0,0.01,0.2882265423409496,29.434319775182846,2.214878031661071,8.44385072587615,0.9133512543456486,94,0.0092611971691567,PGNN_ALL_RESULTS_May12/male_pgnn_target-BFP_l2_fw-none_80pct_knn40/bfp/results_knn40_l2_fw-none_K10_p3.0_mu0.01.csv
BFP,40.0,l2,none,5.0,2.0,0.0282842712474619,0.2818680967872046,28.78498152138445,2.16601674956618,8.257575289311921,0.9171321287462844,89,0.0091459335569017,PGNN_ALL_RESULTS_May12/male_pgnn_target-BFP_l2_fw-none_80pct_knn40/bfp/results_knn40_l2_fw-none_K5_p2.0_mu0.0283.csv
BFP,40.0,l2,none,40.0,10.0,5e-05,0.2955969345902505,30.187000220822814,2.271515934086448,8.659773222135668,0.9088631133389729,104,0.0094781926034759,PGNN_ALL_RESULTS_May12/male_pgnn_target-BFP_l2_fw-none_80pct_knn40/bfp/results_knn40_l2_fw-none_K40_p10.0_mu5e-05.csv
BFP,40.0,l2,none,80.0,10.0,3.535533905932738e-05,0.2787386239706612,28.46539296836037,2.141968119874678,8.165893925203296,0.918962013842299,149,0.0099997285982802,PGNN_ALL_RESULTS_May12/male_pgnn_target-BFP_l2_fw-none_80pct_knn40/bfp/results_knn40_l2_fw-none_K80_p10.0_mu3.54e-05.csv
BFP,40.0,l2,none,30.0,5.0,0.0017320508075688,0.2939552896229226,30.01935187541648,2.258900886956366,8.611680472402435,0.909872589013826,125,0.0098351298783183,PGNN_ALL_RESULTS_May12/male_pgnn_target-BFP_l2_fw-none_80pct_knn40/bfp/results_knn40_l2_fw-none_K30_p5.0_mu0.00173.csv
BFP,40.0,l2,none,1600.0,1000000.0,2.500000000000001e-18,0.3064932636694545,31.2997569846101,2.3552488055880803,8.978990740076602,0.9020202777646876,72,0.0087420158948829,PGNN_ALL_RESULTS_May12/male_pgnn_target-BFP_l2_fw-none_80pct_knn40/bfp/results_knn40_l2_fw-none_K1600_p1000000.0_mu2.5e-18.csv
BFP,40.0,l2,none,400.0,10000.0,5e-13,0.2819525890897779,28.793610058618697,2.166665850473336,8.260049877568116,0.9170824406351442,109,0.009577265879135,PGNN_ALL_RESULTS_May12/male_pgnn_target-BFP_l2_fw-none_80pct_knn40/bfp/results_knn40_l2_fw-none_K400_p10000.0_mu5e-13.csv
BFP,40.0,l2,none,3200.0,1000000.0,1.7677669529663694e-18,0.3034939302858633,30.993458552800263,2.332200472517078,8.89112283893269,0.9039285476444562,100,0.0093940336813573,PGNN_ALL_RESULTS_May12/male_pgnn_target-BFP_l2_fw-none_80pct_knn40/bfp/results_knn40_l2_fw-none_K3200_p1000000.0_mu1.77e-18.csv
BFP,40.0,l2,none,15.0,5.0,0.0024494897427831,0.3081877275522808,31.47279931225114,2.3682699537450134,9.028631681810175,0.9009339110873964,119,0.0097503332389233,PGNN_ALL_RESULTS_May12/male_pgnn_target-BFP_l2_fw-none_80pct_knn40/bfp/results_knn40_l2_fw-none_K15_p5.0_mu0.00245.csv
BFP,40.0,l2,none,800.0,10000.0,3.5355339059327374e-13,0.2922906999602716,29.849360367948112,2.2461091424360133,8.56291409352766,0.9108904334676936,106,0.0095186998443402,PGNN_ALL_RESULTS_May12/male_pgnn_target-BFP_l2_fw-none_80pct_knn40/bfp/results_knn40_l2_fw-none_K800_p10000.0_mu3.54e-13.csv
BFP,25.0,l2,none,3200.0,1000000.0,1.7677669529663694e-18,0.3101528715578397,31.783651018121823,2.293409233106524,6.513801513245125,0.8987879630838655,141,0.0099780966452971,PGNN_ALL_RESULTS_May12/female_pgnn_target-BFP_l2_fw-none_80pct_knn25/bfp/results_knn25_l2_fw-none_K3200_p1000000.0_mu1.77e-18.csv
BFP,25.0,l2,none,15.0,3.0,0.0081649658092772,0.3083578908912073,31.59970611764109,2.280136574209558,6.4761041566810125,0.8999560834303127,93,0.0092384257269977,PGNN_ALL_RESULTS_May12/female_pgnn_target-BFP_l2_fw-none_80pct_knn25/bfp/results_knn25_l2_fw-none_K15_p3.0_mu0.00816.csv
BFP,25.0,l2,none,15.0,5.0,0.0024494897427831,0.321388292486748,32.935027421804506,2.3764889299943626,6.749766663945647,0.8913222453964645,102,0.0094366095580143,PGNN_ALL_RESULTS_May12/female_pgnn_target-BFP_l2_fw-none_80pct_knn25/bfp/results_knn25_l2_fw-none_K15_p5.0_mu0.00245.csv
BFP,25.0,l2,none,800.0,10000.0,3.5355339059327374e-13,0.3141554711762295,32.19382690589349,2.323006446193896,6.597864300040144,0.8961587738788113,75,0.0088132107555243,PGNN_ALL_RESULTS_May12/female_pgnn_target-BFP_l2_fw-none_80pct_knn25/bfp/results_knn25_l2_fw-none_K800_p10000.0_mu3.54e-13.csv
BFP,25.0,l2,none,10.0,3.0,0.01,0.3127710098489154,32.05195094822649,2.312769104242565,6.568787930881267,0.8970719993074442,87,0.0090989970417043,PGNN_ALL_RESULTS_May12/female_pgnn_target-BFP_l2_fw-none_80pct_knn25/bfp/results_knn25_l2_fw-none_K10_p3.0_mu0.01.csv
BFP,25.0,l2,none,80.0,10.0,3.535533905932738e-05,0.3236848009387549,33.170367571428564,2.393470382473797,6.797997834057319,0.8897635633684323,70,0.0086949047439844,PGNN_ALL_RESULTS_May12/female_pgnn_target-BFP_l2_fw-none_80pct_knn25/bfp/results_knn25_l2_fw-none_K80_p10.0_mu3.54e-05.csv
BFP,25.0,l2,none,30.0,5.0,0.0017320508075688,0.3289248969789586,33.7073588396594,2.4322181013135125,6.908050129116345,0.8861654625975923,79,0.008908689783734,PGNN_ALL_RESULTS_May12/female_pgnn_target-BFP_l2_fw-none_80pct_knn25/bfp/results_knn25_l2_fw-none_K30_p5.0_mu0.00173.csv
BFP,25.0,l2,none,10.0,2.0,0.02,0.315223907266195,32.30331742793206,2.3309067387404965,6.620302919717026,0.8954512491706934,87,0.0090989970417043,PGNN_ALL_RESULTS_May12/female_pgnn_target-BFP_l2_fw-none_80pct_knn25/bfp/results_knn25_l2_fw-none_K10_p2.0_mu0.02.csv
BFP,25.0,l2,none,100.0,100.0,1.0000000000000001e-07,0.3144451289849489,32.22351027674468,2.325148165246199,6.603947267093059,0.8959671981067113,69,0.008671485117228,PGNN_ALL_RESULTS_May12/female_pgnn_target-BFP_l2_fw-none_80pct_knn25/bfp/results_knn25_l2_fw-none_K100_p100.0_mu1e-07.csv
BFP,25.0,l2,none,1600.0,1000000.0,2.500000000000001e-18,0.3157407292100292,32.35627998223255,2.3347286302269965,6.631157956920526,0.8951081445896942,101,0.0094154404840178,PGNN_ALL_RESULTS_May12/female_pgnn_target-BFP_l2_fw-none_80pct_knn25/bfp/results_knn25_l2_fw-none_K1600_p1000000.0_mu2.5e-18.csv
BFP,25.0,l2,none,400.0,10000.0,5e-13,0.3253822728052184,33.344320026376884,2.4060224347725545,6.8336485047172735,0.88860432508269,48,0.0082179672183702,PGNN_ALL_RESULTS_May12/female_pgnn_target-BFP_l2_fw-none_80pct_knn25/bfp/results_knn25_l2_fw-none_K400_p10000.0_mu5e-13.csv
BFP,25.0,l2,none,40.0,10.0,5e-05,0.3068379579882788,31.443947389001902,2.2688973248037527,6.4441821434918936,0.9009399095878712,82,0.0089803447591593,PGNN_ALL_RESULTS_May12/female_pgnn_target-BFP_l2_fw-none_80pct_knn25/bfp/results_knn25_l2_fw-none_K40_p10.0_mu5e-05.csv
BFP,25.0,l2,none,200.0,100.0,7.071067811865477e-08,0.3319785813130422,34.02029238338742,2.4547985281540123,6.972183654175952,0.884042009215742,64,0.00855614025384,PGNN_ALL_RESULTS_May12/female_pgnn_target-BFP_l2_fw-none_80pct_knn25/bfp/results_knn25_l2_fw-none_K200_p100.0_mu7.07e-08.csv
BFP,25.0,l2,none,5.0,2.0,0.0282842712474619,0.3114804689446916,31.919699708641204,2.3032260823201183,6.541683587817657,0.8979196402122629,44,0.0081435685141446,PGNN_ALL_RESULTS_May12/female_pgnn_target-BFP_l2_fw-none_80pct_knn25/bfp/results_knn25_l2_fw-none_K5_p2.0_mu0.0283.csv
BFP,2.0,l2,none,100.0,100.0,1.0000000000000001e-07,0.3117606936452605,31.837678360767928,2.395726460748723,9.133305006155457,0.898623555700891,74,0.0087894223403149,PGNN_ALL_RESULTS_May12/male_pgnn_target-BFP_l2_fw-none_80pct_knn2/bfp/results_knn2_l2_fw-none_K100_p100.0_mu1e-07.csv
BFP,2.0,l2,none,5.0,2.0,0.0282842712474619,0.3133881286375333,32.00387555269488,2.408232366435879,9.180981672457047,0.8975623943997447,59,0.0084445881687844,PGNN_ALL_RESULTS_May12/male_pgnn_target-BFP_l2_fw-none_80pct_knn2/bfp/results_knn2_l2_fw-none_K5_p2.0_mu0.0283.csv
BFP,2.0,l2,none,15.0,5.0,0.0024494897427831,0.3115766817381151,31.818886665619488,2.394312330708165,9.127913872739189,0.8987431921270268,84,0.0090279758085674,PGNN_ALL_RESULTS_May12/male_pgnn_target-BFP_l2_fw-none_80pct_knn2/bfp/results_knn2_l2_fw-none_K15_p5.0_mu0.00245.csv
BFP,2.0,l2,none,3200.0,1000000.0,1.7677669529663694e-18,0.2892498894436925,29.538826201338107,2.222742017480471,8.473830851833524,0.9127348700500068,86,0.0090753945490454,PGNN_ALL_RESULTS_May12/male_pgnn_target-BFP_l2_fw-none_80pct_knn2/bfp/results_knn2_l2_fw-none_K3200_p1000000.0_mu1.77e-18.csv
BFP,2.0,l2,none,40.0,10.0,5e-05,0.3096495576446363,31.62208457253948,2.379503365438298,9.071457178349716,0.8999918797551886,50,0.0082569037570196,PGNN_ALL_RESULTS_May12/male_pgnn_target-BFP_l2_fw-none_80pct_knn2/bfp/results_knn2_l2_fw-none_K40_p10.0_mu5e-05.csv
BFP,2.0,l2,none,80.0,10.0,3.535533905932738e-05,0.2885447071247271,29.466811453120787,2.2173230257054914,8.453171855275432,0.9131598507693316,97,0.0093284929847445,PGNN_ALL_RESULTS_May12/male_pgnn_target-BFP_l2_fw-none_80pct_knn2/bfp/results_knn2_l2_fw-none_K80_p10.0_mu3.54e-05.csv
BFP,2.0,l2,none,10.0,2.0,0.02,0.2932294006681643,29.94522252063153,2.2533226192125704,8.590414262947888,0.9103171580879876,86,0.0090753945490454,PGNN_ALL_RESULTS_May12/male_pgnn_target-BFP_l2_fw-none_80pct_knn2/bfp/results_knn2_l2_fw-none_K10_p2.0_mu0.02.csv
BFP,2.0,l2,none,10.0,3.0,0.01,0.3055410115823231,31.202510935680795,2.347931240127102,8.951093750018423,0.9026281635862864,62,0.0085109993808483,PGNN_ALL_RESULTS_May12/male_pgnn_target-BFP_l2_fw-none_80pct_knn2/bfp/results_knn2_l2_fw-none_K10_p3.0_mu0.01.csv
BFP,2.0,l2,none,200.0,100.0,7.071067811865477e-08,0.2957476119112741,30.202387715721283,2.272673988326864,8.664188109546512,0.9087701775858796,83,0.0090041813844477,PGNN_ALL_RESULTS_May12/male_pgnn_target-BFP_l2_fw-none_80pct_knn2/bfp/results_knn2_l2_fw-none_K200_p100.0_mu7.07e-08.csv
BFP,2.0,l2,none,800.0,10000.0,3.5355339059327374e-13,0.2942323638033809,30.047647291802555,2.2610299025690064,8.6197969870679,0.9097026056975308,71,0.0087184183421959,PGNN_ALL_RESULTS_May12/male_pgnn_target-BFP_l2_fw-none_80pct_knn2/bfp/results_knn2_l2_fw-none_K800_p10000.0_mu3.54e-13.csv
BFP,2.0,l2,none,1600.0,1000000.0,2.500000000000001e-18,0.3140893765949231,32.075488515373,2.4136213140508653,9.201526130698111,0.8971034457389646,76,0.0088370421783673,PGNN_ALL_RESULTS_May12/male_pgnn_target-BFP_l2_fw-none_80pct_knn2/bfp/results_knn2_l2_fw-none_K1600_p1000000.0_mu2.5e-18.csv
BFP,2.0,l2,none,30.0,5.0,0.0017320508075688,0.3090433866018344,31.56018107063652,2.3748454219553943,9.053699550662332,0.9003830489856821,79,0.008908689783734,PGNN_ALL_RESULTS_May12/male_pgnn_target-BFP_l2_fw-none_80pct_knn2/bfp/results_knn2_l2_fw-none_K30_p5.0_mu0.00173.csv
BFP,2.0,l2,none,400.0,10000.0,5e-13,0.2715486111981017,27.73113326619588,2.0867163821611903,7.955255949238511,0.9230888139871124,109,0.009577265879135,PGNN_ALL_RESULTS_May12/male_pgnn_target-BFP_l2_fw-none_80pct_knn2/bfp/results_knn2_l2_fw-none_K400_p10000.0_mu5e-13.csv
BFP,2.0,l2,none,15.0,3.0,0.0081649658092772,0.2968063306918433,30.310506374350588,2.280809597073693,8.695203752322488,0.9081158385260606,68,0.0086481693832561,PGNN_ALL_RESULTS_May12/male_pgnn_target-BFP_l2_fw-none_80pct_knn2/bfp/results_knn2_l2_fw-none_K15_p3.0_mu0.00816.csv
BFP,25.0,l2,none,3200.0,1000000.0,1.7677669529663694e-18,0.2281788897238392,24.620741008323737,2.057747936405037,6.252965712808554,0.935109235798836,138,0.0099611725283593,PGNN_ALL_RESULTS_May12/penn_data_pgnn_target-BFP_l2_fw-none_80pct_knn25/bfp/results_knn25_l2_fw-none_K3200_p1000000.0_mu1.77e-18.csv
BFP,25.0,l2,none,15.0,3.0,0.0081649658092772,0.2407796583175067,25.980377127274025,2.171383327516103,6.598274383422727,0.9277443934286482,88,0.009122513696999,PGNN_ALL_RESULTS_May12/penn_data_pgnn_target-BFP_l2_fw-none_80pct_knn25/bfp/results_knn25_l2_fw-none_K15_p3.0_mu0.00816.csv
BFP,25.0,l2,none,15.0,5.0,0.0024494897427831,0.2420793649628873,26.12061683455564,2.1831043706998394,6.633891613234797,0.92696222973225,92,0.0092155026994788,PGNN_ALL_RESULTS_May12/penn_data_pgnn_target-BFP_l2_fw-none_80pct_knn25/bfp/results_knn25_l2_fw-none_K15_p5.0_mu0.00245.csv
BFP,25.0,l2,none,800.0,10000.0,3.5355339059327374e-13,0.2442668398564118,26.356647664931128,2.202831189780933,6.693836332971634,0.9256362998084788,122,0.0097946754164446,PGNN_ALL_RESULTS_May12/penn_data_pgnn_target-BFP_l2_fw-none_80pct_knn25/bfp/results_knn25_l2_fw-none_K800_p10000.0_mu3.54e-13.csv
BFP,25.0,l2,none,10.0,3.0,0.01,0.2550836800643867,27.523796044044083,2.300379037938351,6.990259106186619,0.91890439627403,64,0.00855614025384,PGNN_ALL_RESULTS_May12/penn_data_pgnn_target-BFP_l2_fw-none_80pct_knn25/bfp/results_knn25_l2_fw-none_K10_p3.0_mu0.01.csv
BFP,25.0,l2,none,80.0,10.0,3.535533905932738e-05,0.2376365154844326,25.6412287260396,2.1430380911741977,6.512140514530584,0.9296185330143724,105,0.0094985858282077,PGNN_ALL_RESULTS_May12/penn_data_pgnn_target-BFP_l2_fw-none_80pct_knn25/bfp/results_knn25_l2_fw-none_K80_p10.0_mu3.54e-05.csv
BFP,25.0,l2,none,30.0,5.0,0.0017320508075688,0.219176590748658,23.64938352728908,1.9765640052583768,6.006268666532834,0.940128478058388,158,0.0099826802054872,PGNN_ALL_RESULTS_May12/penn_data_pgnn_target-BFP_l2_fw-none_80pct_knn25/bfp/results_knn25_l2_fw-none_K30_p5.0_mu0.00173.csv
BFP,25.0,l2,none,10.0,2.0,0.02,0.2380793955095623,25.68901594425981,2.147032106759679,6.524277298667552,0.9293559505415542,145,0.0099932223927485,PGNN_ALL_RESULTS_May12/penn_data_pgnn_target-BFP_l2_fw-none_80pct_knn25/bfp/results_knn25_l2_fw-none_K10_p2.0_mu0.02.csv
BFP,25.0,l2,none,100.0,100.0,1.0000000000000001e-07,0.2386319667681189,25.748638961367277,2.152015206634964,6.5394196550817645,0.9290276468556304,80,0.0089325881917434,PGNN_ALL_RESULTS_May12/penn_data_pgnn_target-BFP_l2_fw-none_80pct_knn25/bfp/results_knn25_l2_fw-none_K100_p100.0_mu1e-07.csv
BFP,25.0,l2,none,1600.0,1000000.0,2.500000000000001e-18,0.2409900603055778,26.003079721989103,2.1732806618237306,6.604039893455047,0.9276180591218106,119,0.0097503332389233,PGNN_ALL_RESULTS_May12/penn_data_pgnn_target-BFP_l2_fw-none_80pct_knn25/bfp/results_knn25_l2_fw-none_K1600_p1000000.0_mu2.5e-18.csv
BFP,25.0,l2,none,400.0,10000.0,5e-13,0.2425289089804046,26.16912310452885,2.1871582911926013,6.646210432947953,0.9266907139924084,172,0.0098715031251188,PGNN_ALL_RESULTS_May12/penn_data_pgnn_target-BFP_l2_fw-none_80pct_knn25/bfp/results_knn25_l2_fw-none_K400_p10000.0_mu5e-13.csv
BFP,25.0,l2,none,40.0,10.0,5e-05,0.2385117701491826,25.735669620388848,2.150931257062707,6.536125811657202,0.9290991250284976,95,0.0092838061109327,PGNN_ALL_RESULTS_May12/penn_data_pgnn_target-BFP_l2_fw-none_80pct_knn25/bfp/results_knn25_l2_fw-none_K40_p10.0_mu5e-05.csv
BFP,25.0,l2,none,200.0,100.0,7.071067811865477e-08,0.2522778861972179,27.221047949293023,2.275075707110182,6.913368804274904,0.9206786073681318,109,0.009577265879135,PGNN_ALL_RESULTS_May12/penn_data_pgnn_target-BFP_l2_fw-none_80pct_knn25/bfp/results_knn25_l2_fw-none_K200_p100.0_mu7.07e-08.csv
BFP,25.0,l2,none,5.0,2.0,0.0282842712474619,0.2355310836365982,25.41405042615855,2.124051170497028,6.454444155377103,0.9308601514418728,133,0.0099225890737155,PGNN_ALL_RESULTS_May12/penn_data_pgnn_target-BFP_l2_fw-none_80pct_knn25/bfp/results_knn25_l2_fw-none_K5_p2.0_mu0.0283.csv
BFP,2.0,l2,none,100.0,100.0,1.0000000000000001e-07,0.2430641101138802,26.226871866960877,2.1919846168981665,6.660876393059894,0.9263668061801704,86,0.0090753945490454,PGNN_ALL_RESULTS_May12/penn_data_pgnn_target-BFP_l2_fw-none_80pct_knn2/bfp/results_knn2_l2_fw-none_K100_p100.0_mu1e-07.csv
BFP,2.0,l2,none,5.0,2.0,0.0282842712474619,0.2514601442880563,27.13281274146337,2.267701450501211,6.890960338729845,0.9211920039338912,88,0.009122513696999,PGNN_ALL_RESULTS_May12/penn_data_pgnn_target-BFP_l2_fw-none_80pct_knn2/bfp/results_knn2_l2_fw-none_K5_p2.0_mu0.0283.csv
BFP,2.0,l2,none,15.0,5.0,0.0024494897427831,0.2402232740466757,25.920342682151546,2.166365763742762,6.583027300103404,0.9280779385028656,96,0.0093062416663153,PGNN_ALL_RESULTS_May12/penn_data_pgnn_target-BFP_l2_fw-none_80pct_knn2/bfp/results_knn2_l2_fw-none_K15_p5.0_mu0.00245.csv
BFP,2.0,l2,none,3200.0,1000000.0,1.7677669529663694e-18,0.2329497891036068,25.1355260445214,2.1007726468267616,6.383706720640915,0.9323673184860736,130,0.0098933973470633,PGNN_ALL_RESULTS_May12/penn_data_pgnn_target-BFP_l2_fw-none_80pct_knn2/bfp/results_knn2_l2_fw-none_K3200_p1000000.0_mu1.77e-18.csv
BFP,2.0,l2,none,40.0,10.0,5e-05,0.2377098418023712,25.64914071248692,2.1436993328128544,6.514149857473543,0.9295750917945922,136,0.0099472767389608,PGNN_ALL_RESULTS_May12/penn_data_pgnn_target-BFP_l2_fw-none_80pct_knn2/bfp/results_knn2_l2_fw-none_K40_p10.0_mu5e-05.csv
BFP,2.0,l2,none,80.0,10.0,3.535533905932738e-05,0.2401297167269537,25.91024774943846,2.165522056354786,6.580463490768295,0.9281339491040336,99,0.0093723997248121,PGNN_ALL_RESULTS_May12/penn_data_pgnn_target-BFP_l2_fw-none_80pct_knn2/bfp/results_knn2_l2_fw-none_K80_p10.0_mu3.54e-05.csv
BFP,2.0,l2,none,10.0,2.0,0.02,0.2330736015058172,25.148885532299307,2.1018892607799384,6.387099822701733,0.9322954060785198,157,0.0099867304449397,PGNN_ALL_RESULTS_May12/penn_data_pgnn_target-BFP_l2_fw-none_80pct_knn2/bfp/results_knn2_l2_fw-none_K10_p2.0_mu0.02.csv
BFP,2.0,l2,none,10.0,3.0,0.01,0.2406155227546575,25.962666728261848,2.169903166133364,6.593776554406865,0.9278428707871552,60,0.0084665398864587,PGNN_ALL_RESULTS_May12/penn_data_pgnn_target-BFP_l2_fw-none_80pct_knn2/bfp/results_knn2_l2_fw-none_K10_p3.0_mu0.01.csv
BFP,2.0,l2,none,200.0,100.0,7.071067811865477e-08,0.2411414752592272,26.019417553955503,2.174646411122349,6.608190053630387,0.9275270748611154,103,0.0094575304037343,PGNN_ALL_RESULTS_May12/penn_data_pgnn_target-BFP_l2_fw-none_80pct_knn2/bfp/results_knn2_l2_fw-none_K200_p100.0_mu7.07e-08.csv
BFP,2.0,l2,none,800.0,10000.0,3.5355339059327374e-13,0.2307240931859717,24.895371125643077,2.0807009552962183,6.322714022401196,0.9336535241761018,71,0.0087184183421959,PGNN_ALL_RESULTS_May12/penn_data_pgnn_target-BFP_l2_fw-none_80pct_knn2/bfp/results_knn2_l2_fw-none_K800_p10000.0_mu3.54e-13.csv
BFP,2.0,l2,none,1600.0,1000000.0,2.500000000000001e-18,0.2517445146677799,27.16349660305148,2.2702658586446938,6.8987529142494965,0.9210136589188208,72,0.0087420158948829,PGNN_ALL_RESULTS_May12/penn_data_pgnn_target-BFP_l2_fw-none_80pct_knn2/bfp/results_knn2_l2_fw-none_K1600_p1000000.0_mu2.5e-18.csv
BFP,2.0,l2,none,30.0,5.0,0.0017320508075688,0.2559801006492469,27.62052076332502,2.308462919112535,7.014823937920529,0.9183334189145675,90,0.0091692456553619,PGNN_ALL_RESULTS_May12/penn_data_pgnn_target-BFP_l2_fw-none_80pct_knn2/bfp/results_knn2_l2_fw-none_K30_p5.0_mu0.00173.csv
BFP,2.0,l2,none,400.0,10000.0,5e-13,0.2462747313011338,26.57330125323266,2.22093880574494,6.748860711691922,0.9244087248783388,130,0.0098933973470633,PGNN_ALL_RESULTS_May12/penn_data_pgnn_target-BFP_l2_fw-none_80pct_knn2/bfp/results_knn2_l2_fw-none_K400_p10000.0_mu5e-13.csv
BFP,2.0,l2,none,15.0,3.0,0.0081649658092772,0.2457705272756251,26.518897111191183,2.2163916859976256,6.735043186537863,0.9247179276110306,87,0.0090989970417043,PGNN_ALL_RESULTS_May12/penn_data_pgnn_target-BFP_l2_fw-none_80pct_knn2/bfp/results_knn2_l2_fw-none_K15_p3.0_mu0.00816.csv
BFP,5.0,l2,none,200.0,100.0,7.071067811865477e-08,0.3060256276001304,31.25200097473293,2.351655404843627,8.965291502894832,0.9023190373346546,58,0.0084228335616671,PGNN_ALL_RESULTS_May12/male_pgnn_target-BFP_l2_fw-none_80pct_knn5/bfp/results_knn5_l2_fw-none_K200_p100.0_mu7.07e-08.csv
BFP,5.0,l2,none,1600.0,1000000.0,2.500000000000001e-18,0.2856991112413929,29.17621302835142,2.1954560357643285,8.369807626524226,0.9148642208005114,87,0.0090989970417043,PGNN_ALL_RESULTS_May12/male_pgnn_target-BFP_l2_fw-none_80pct_knn5/bfp/results_knn5_l2_fw-none_K1600_p1000000.0_mu2.5e-18.csv
BFP,5.0,l2,none,15.0,5.0,0.0024494897427831,0.2823156758342589,28.830689264636227,2.169456230234585,8.270687732039422,0.9168687476055288,144,0.0099902451485051,PGNN_ALL_RESULTS_May12/male_pgnn_target-BFP_l2_fw-none_80pct_knn5/bfp/results_knn5_l2_fw-none_K15_p5.0_mu0.00245.csv
BFP,5.0,l2,none,800.0,10000.0,3.5355339059327374e-13,0.2895521986158961,29.56969866982536,2.2250650970780232,8.482687202867604,0.9125523646370644,77,0.0088609061729741,PGNN_ALL_RESULTS_May12/male_pgnn_target-BFP_l2_fw-none_80pct_knn5/bfp/results_knn5_l2_fw-none_K800_p10000.0_mu3.54e-13.csv
BFP,5.0,l2,none,3200.0,1000000.0,1.7677669529663694e-18,0.2867606232143135,29.28461693384313,2.203613239972751,8.400905598372704,0.9142304033703276,96,0.0093062416663153,PGNN_ALL_RESULTS_May12/male_pgnn_target-BFP_l2_fw-none_80pct_knn5/bfp/results_knn5_l2_fw-none_K3200_p1000000.0_mu1.77e-18.csv
BFP,5.0,l2,none,5.0,2.0,0.0282842712474619,0.3073984019803499,31.392191672502747,2.3622042175859206,9.005507080844444,0.901440714271922,99,0.0093723997248121,PGNN_ALL_RESULTS_May12/male_pgnn_target-BFP_l2_fw-none_80pct_knn5/bfp/results_knn5_l2_fw-none_K5_p2.0_mu0.0283.csv
BFP,5.0,l2,none,15.0,3.0,0.0081649658092772,0.2960297891888518,30.231204271455724,2.274842254484592,8.672454260326875,0.908596007024425,68,0.0086481693832561,PGNN_ALL_RESULTS_May12/male_pgnn_target-BFP_l2_fw-none_80pct_knn5/bfp/results_knn5_l2_fw-none_K15_p3.0_mu0.00816.csv
BFP,5.0,l2,none,400.0,10000.0,5e-13,0.307159885221346,31.367833823641085,2.3603713228131413,8.998519477176723,0.9015936032984307,56,0.0083799501815843,PGNN_ALL_RESULTS_May12/male_pgnn_target-BFP_l2_fw-none_80pct_knn5/bfp/results_knn5_l2_fw-none_K400_p10000.0_mu5e-13.csv
BFP,5.0,l2,none,30.0,5.0,0.0017320508075688,0.283526723235693,28.9543640524861,2.178762350322988,8.306165752833467,0.9161540028703322,119,0.0097503332389233,PGNN_ALL_RESULTS_May12/male_pgnn_target-BFP_l2_fw-none_80pct_knn5/bfp/results_knn5_l2_fw-none_K30_p5.0_mu0.00173.csv
BFP,5.0,l2,none,10.0,2.0,0.02,0.2856346664170579,29.169631783085368,2.1949608405127288,8.367919777746597,0.9149026244309092,137,0.0099544836035988,PGNN_ALL_RESULTS_May12/male_pgnn_target-BFP_l2_fw-none_80pct_knn5/bfp/results_knn5_l2_fw-none_K10_p2.0_mu0.02.csv
BFP,5.0,l2,none,80.0,10.0,3.535533905932738e-05,0.2831214363009611,28.912975271492115,2.1756479255708654,8.294292531225786,0.9163935386660252,90,0.0091692456553619,PGNN_ALL_RESULTS_May12/male_pgnn_target-BFP_l2_fw-none_80pct_knn5/bfp/results_knn5_l2_fw-none_K80_p10.0_mu3.54e-05.csv
BFP,5.0,l2,none,100.0,100.0,1.0000000000000001e-07,0.2956484957794977,30.19226576132427,2.2719120003191,8.661283158167477,0.9088313164185948,128,0.0098715031251188,PGNN_ALL_RESULTS_May12/male_pgnn_target-BFP_l2_fw-none_80pct_knn5/bfp/results_knn5_l2_fw-none_K100_p100.0_mu1e-07.csv
BFP,5.0,l2,none,10.0,3.0,0.01,0.27058803382497,27.633037020999563,2.0793350055764868,7.927115689981901,0.92363198358372,96,0.0093062416663153,PGNN_ALL_RESULTS_May12/male_pgnn_target-BFP_l2_fw-none_80pct_knn5/bfp/results_knn5_l2_fw-none_K10_p3.0_mu0.01.csv
BFP,5.0,l2,none,40.0,10.0,5e-05,0.284577448980951,29.06166644500953,2.186836756677655,8.336948071762219,0.9155313991823224,101,0.0094154404840178,PGNN_ALL_RESULTS_May12/male_pgnn_target-BFP_l2_fw-none_80pct_knn5/bfp/results_knn5_l2_fw-none_K40_p10.0_mu5e-05.csv
BFP,20.0,l2,none,80.0,10.0,3.535533905932738e-05,0.3163525461405415,32.41897737306665,2.339252613520848,6.644007093829889,0.8947012487839533,57,0.0084012847233714,PGNN_ALL_RESULTS_May12/female_pgnn_target-BFP_l2_fw-none_80pct_knn20/bfp/results_knn20_l2_fw-none_K80_p10.0_mu3.54e-05.csv
BFP,20.0,l2,none,400.0,10000.0,5e-13,0.3188880774163411,32.678811953384304,2.3580014290515225,6.697257975186916,0.8930065684578864,78,0.0088847922325062,PGNN_ALL_RESULTS_May12/female_pgnn_target-BFP_l2_fw-none_80pct_knn20/bfp/results_knn20_l2_fw-none_K400_p10000.0_mu5e-13.csv
BFP,20.0,l2,none,15.0,3.0,0.0081649658092772,0.3079659919159119,31.55954534078745,2.277238669531469,6.467873451229545,0.900210217960013,81,0.0089564767647702,PGNN_ALL_RESULTS_May12/female_pgnn_target-BFP_l2_fw-none_80pct_knn20/bfp/results_knn20_l2_fw-none_K15_p3.0_mu0.00816.csv
BFP,20.0,l2,none,1600.0,1000000.0,2.500000000000001e-18,0.3199231571559776,32.784884204320726,2.365655273312379,6.718996625929582,0.8923108606049353,49,0.0082372966913313,PGNN_ALL_RESULTS_May12/female_pgnn_target-BFP_l2_fw-none_80pct_knn20/bfp/results_knn20_l2_fw-none_K1600_p1000000.0_mu2.5e-18.csv
BFP,20.0,l2,none,10.0,3.0,0.01,0.3203200630162837,32.8255580735893,2.3685899329021334,6.727331723652506,0.8920434903735742,61,0.0084886799280466,PGNN_ALL_RESULTS_May12/female_pgnn_target-BFP_l2_fw-none_80pct_knn20/bfp/results_knn20_l2_fw-none_K10_p3.0_mu0.01.csv
BFP,20.0,l2,none,100.0,100.0,1.0000000000000001e-07,0.3157327328768133,32.35546053902352,2.334669317330766,6.630989494865153,0.8951134574272789,45,0.0081617163535314,PGNN_ALL_RESULTS_May12/female_pgnn_target-BFP_l2_fw-none_80pct_knn20/bfp/results_knn20_l2_fw-none_K100_p100.0_mu1e-07.csv
BFP,20.0,l2,none,30.0,5.0,0.0017320508075688,0.332508532659821,34.0746004043901,2.4587171046753507,6.983313298770556,0.8836714965012112,41,0.0080910258923681,PGNN_ALL_RESULTS_May12/female_pgnn_target-BFP_l2_fw-none_80pct_knn20/bfp/results_knn20_l2_fw-none_K30_p5.0_mu0.00173.csv
BFP,20.0,l2,none,5.0,2.0,0.0282842712474619,0.3270193541507931,33.51208381948534,2.4181276548700987,6.868030070750624,0.887480585063318,52,0.0082969208501282,PGNN_ALL_RESULTS_May12/female_pgnn_target-BFP_l2_fw-none_80pct_knn20/bfp/results_knn20_l2_fw-none_K5_p2.0_mu0.0283.csv
BFP,20.0,l2,none,10.0,2.0,0.02,0.3287875196435827,33.69328077143628,2.4312023576084347,6.905165187001483,0.8862605300118059,88,0.009122513696999,PGNN_ALL_RESULTS_May12/female_pgnn_target-BFP_l2_fw-none_80pct_knn20/bfp/results_knn20_l2_fw-none_K10_p2.0_mu0.02.csv
BFP,20.0,l2,none,15.0,5.0,0.0024494897427831,0.3240629104492675,33.20911524017786,2.3962666903684435,6.805939981639491,0.8895058695262843,106,0.0095186998443402,PGNN_ALL_RESULTS_May12/female_pgnn_target-BFP_l2_fw-none_80pct_knn20/bfp/results_knn20_l2_fw-none_K15_p5.0_mu0.00245.csv
BFP,20.0,l2,none,40.0,10.0,5e-05,0.3319900583854553,34.02146852360001,2.454883108649551,6.972423881934643,0.8840339913414751,44,0.0081435685141446,PGNN_ALL_RESULTS_May12/female_pgnn_target-BFP_l2_fw-none_80pct_knn20/bfp/results_knn20_l2_fw-none_K40_p10.0_mu5e-05.csv
BFP,20.0,l2,none,200.0,100.0,7.071067811865477e-08,0.3167952791064702,32.46434748365959,2.3425262474923403,6.653304955550118,0.8944063129559966,61,0.0084886799280466,PGNN_ALL_RESULTS_May12/female_pgnn_target-BFP_l2_fw-none_80pct_knn20/bfp/results_knn20_l2_fw-none_K200_p100.0_mu7.07e-08.csv
BFP,20.0,l2,none,800.0,10000.0,3.5355339059327374e-13,0.3144056758588222,32.21946722408459,2.324856505564533,6.603118887557316,0.8959933022589931,66,0.0086018887790109,PGNN_ALL_RESULTS_May12/female_pgnn_target-BFP_l2_fw-none_80pct_knn20/bfp/results_knn20_l2_fw-none_K800_p10000.0_mu3.54e-13.csv
BFP,20.0,l2,none,3200.0,1000000.0,1.7677669529663694e-18,0.3085023188295265,31.61450671312082,2.2812045944413275,6.479137575968531,0.8998623448177158,79,0.008908689783734,PGNN_ALL_RESULTS_May12/female_pgnn_target-BFP_l2_fw-none_80pct_knn20/bfp/results_knn20_l2_fw-none_K3200_p1000000.0_mu1.77e-18.csv
BFP,10.0,l2,none,1600.0,1000000.0,2.500000000000001e-18,0.3203615790988408,32.82981253260174,2.368896767556812,6.728203203547637,0.8920155044786453,74,0.0087894223403149,PGNN_ALL_RESULTS_May12/female_pgnn_target-BFP_l2_fw-none_80pct_knn10/bfp/results_knn10_l2_fw-none_K1600_p1000000.0_mu2.5e-18.csv
BFP,10.0,l2,none,3200.0,1000000.0,1.7677669529663694e-18,0.3116605335493742,31.93815225601632,2.3045578169783294,6.545466015788502,0.8978015822635762,52,0.0082969208501282,PGNN_ALL_RESULTS_May12/female_pgnn_target-BFP_l2_fw-none_80pct_knn10/bfp/results_knn10_l2_fw-none_K3200_p1000000.0_mu1.77e-18.csv
BFP,10.0,l2,none,15.0,3.0,0.0081649658092772,0.3132323671518557,32.09922963192097,2.3161805989972586,6.578477348441275,0.8967681245480867,69,0.008671485117228,PGNN_ALL_RESULTS_May12/female_pgnn_target-BFP_l2_fw-none_80pct_knn10/bfp/results_knn10_l2_fw-none_K15_p3.0_mu0.00816.csv
BFP,10.0,l2,none,30.0,5.0,0.0017320508075688,0.3064843037919907,31.407705836571797,2.2662825329277307,6.436755542502858,0.9011681266427228,49,0.0082372966913313,PGNN_ALL_RESULTS_May12/female_pgnn_target-BFP_l2_fw-none_80pct_knn10/bfp/results_knn10_l2_fw-none_K30_p5.0_mu0.00173.csv
BFP,10.0,l2,none,100.0,100.0,1.0000000000000001e-07,0.3335090033803309,34.17712601401872,2.466115268527442,7.00432575925922,0.8829704116232308,66,0.0086018887790109,PGNN_ALL_RESULTS_May12/female_pgnn_target-BFP_l2_fw-none_80pct_knn10/bfp/results_knn10_l2_fw-none_K100_p100.0_mu1e-07.csv
BFP,10.0,l2,none,40.0,10.0,5e-05,0.3087090588768189,31.63569288973626,2.282733017440978,6.483478643364738,0.8997280871535832,56,0.0083799501815843,PGNN_ALL_RESULTS_May12/female_pgnn_target-BFP_l2_fw-none_80pct_knn10/bfp/results_knn10_l2_fw-none_K40_p10.0_mu5e-05.csv
BFP,10.0,l2,none,200.0,100.0,7.071067811865477e-08,0.3252966693833765,33.33554761272127,2.405389532233056,6.831850918198473,0.8886629305899669,66,0.0086018887790109,PGNN_ALL_RESULTS_May12/female_pgnn_target-BFP_l2_fw-none_80pct_knn10/bfp/results_knn10_l2_fw-none_K200_p100.0_mu7.07e-08.csv
BFP,10.0,l2,none,10.0,3.0,0.01,0.3241509217103771,33.218134402872444,2.3969171370553277,6.807787397509344,0.8894458438460278,100,0.0093940336813573,PGNN_ALL_RESULTS_May12/female_pgnn_target-BFP_l2_fw-none_80pct_knn10/bfp/results_knn10_l2_fw-none_K10_p3.0_mu0.01.csv
BFP,10.0,l2,none,5.0,2.0,0.0282842712474619,0.3265562865989475,33.464629873978566,2.414703423219801,6.858304477523114,0.8877990200366872,82,0.0089803447591593,PGNN_ALL_RESULTS_May12/female_pgnn_target-BFP_l2_fw-none_80pct_knn10/bfp/results_knn10_l2_fw-none_K5_p2.0_mu0.0283.csv
BFP,10.0,l2,none,80.0,10.0,3.535533905932738e-05,0.3188033577985816,32.67013010964792,2.35737496488222,6.695478675097298,0.8930634112135791,102,0.0094366095580143,PGNN_ALL_RESULTS_May12/female_pgnn_target-BFP_l2_fw-none_80pct_knn10/bfp/results_knn10_l2_fw-none_K80_p10.0_mu3.54e-05.csv
BFP,10.0,l2,none,800.0,10000.0,3.5355339059327374e-13,0.3333248288682697,34.158252294138634,2.464753202255519,7.000457182637518,0.8830996310190764,42,0.0081082168258816,PGNN_ALL_RESULTS_May12/female_pgnn_target-BFP_l2_fw-none_80pct_knn10/bfp/results_knn10_l2_fw-none_K800_p10000.0_mu3.54e-13.csv
BFP,10.0,l2,none,10.0,2.0,0.02,0.3113953392691371,31.91097584325985,2.302596715019912,6.539896042178923,0.8979754310643321,71,0.0087184183421959,PGNN_ALL_RESULTS_May12/female_pgnn_target-BFP_l2_fw-none_80pct_knn10/bfp/results_knn10_l2_fw-none_K10_p2.0_mu0.02.csv
BFP,10.0,l2,none,15.0,5.0,0.0024494897427831,0.3125886567156233,32.033263878455045,2.311420442428362,6.564957425954627,0.8971919833940467,71,0.0087184183421959,PGNN_ALL_RESULTS_May12/female_pgnn_target-BFP_l2_fw-none_80pct_knn10/bfp/results_knn10_l2_fw-none_K15_p5.0_mu0.00245.csv
BFP,10.0,l2,none,400.0,10000.0,5e-13,0.3446041283778878,35.314125259434455,2.548157253194673,7.237343572286494,0.875054245374522,57,0.0084012847233714,PGNN_ALL_RESULTS_May12/female_pgnn_target-BFP_l2_fw-none_80pct_knn10/bfp/results_knn10_l2_fw-none_K400_p10000.0_mu5e-13.csv
BFP,40.0,l2,none,100.0,100.0,1.0000000000000001e-07,0.2336068402394174,25.20642254973096,2.1066978969038743,6.401712028733573,0.931985255031099,104,0.0094781926034759,PGNN_ALL_RESULTS_May12/penn_data_pgnn_target-BFP_l2_fw-none_80pct_knn40/bfp/results_knn40_l2_fw-none_K100_p100.0_mu1e-07.csv
BFP,40.0,l2,none,200.0,100.0,7.071067811865477e-08,0.2211442193994822,23.86169271799086,1.994308432347195,6.060189407852421,0.93904867559833,146,0.0099956605475048,PGNN_ALL_RESULTS_May12/penn_data_pgnn_target-BFP_l2_fw-none_80pct_knn40/bfp/results_knn40_l2_fw-none_K200_p100.0_mu7.07e-08.csv
BFP,40.0,l2,none,10.0,2.0,0.02,0.2365083238133667,25.51949566399044,2.132863889221193,6.481223736609537,0.9302852259920704,79,0.008908689783734,PGNN_ALL_RESULTS_May12/penn_data_pgnn_target-BFP_l2_fw-none_80pct_knn40/bfp/results_knn40_l2_fw-none_K10_p2.0_mu0.02.csv
BFP,40.0,l2,none,15.0,3.0,0.0081649658092772,0.2471490896760104,26.667645436966527,2.2288237591703526,6.772821053259478,0.9238710230046796,87,0.0090989970417043,PGNN_ALL_RESULTS_May12/penn_data_pgnn_target-BFP_l2_fw-none_80pct_knn40/bfp/results_knn40_l2_fw-none_K15_p3.0_mu0.00816.csv
BFP,40.0,l2,none,10.0,3.0,0.01,0.2591013503530543,27.957306872998693,2.3366109052415047,7.1003584142454335,0.9163297018901648,66,0.0086018887790109,PGNN_ALL_RESULTS_May12/penn_data_pgnn_target-BFP_l2_fw-none_80pct_knn40/bfp/results_knn40_l2_fw-none_K10_p3.0_mu0.01.csv
BFP,40.0,l2,none,5.0,2.0,0.0282842712474619,0.2315802978701967,24.98775650715636,2.0884223938698674,6.346177484470771,0.9331601941133164,186,0.0096683692864933,PGNN_ALL_RESULTS_May12/penn_data_pgnn_target-BFP_l2_fw-none_80pct_knn40/bfp/results_knn40_l2_fw-none_K5_p2.0_mu0.0283.csv
BFP,40.0,l2,none,40.0,10.0,5e-05,0.2454523490827631,26.48456535118292,2.213522241916455,6.7263236854090085,0.9249127240252604,110,0.0095961628708421,PGNN_ALL_RESULTS_May12/penn_data_pgnn_target-BFP_l2_fw-none_80pct_knn40/bfp/results_knn40_l2_fw-none_K40_p10.0_mu5e-05.csv
BFP,40.0,l2,none,80.0,10.0,3.535533905932738e-05,0.2372410340972995,25.598555870465624,2.139471730016429,6.501303261996156,0.9298525997242418,141,0.0099780966452971,PGNN_ALL_RESULTS_May12/penn_data_pgnn_target-BFP_l2_fw-none_80pct_knn40/bfp/results_knn40_l2_fw-none_K80_p10.0_mu3.54e-05.csv
BFP,40.0,l2,none,30.0,5.0,0.0017320508075688,0.2446417787201863,26.397103960735357,2.2062125332041256,6.704111364288344,0.9254078345778092,108,0.00955804983431,PGNN_ALL_RESULTS_May12/penn_data_pgnn_target-BFP_l2_fw-none_80pct_knn40/bfp/results_knn40_l2_fw-none_K30_p5.0_mu0.00173.csv
BFP,40.0,l2,none,1600.0,1000000.0,2.500000000000001e-18,0.2466884801894168,26.61794519129909,2.2246698747638978,6.760198468972547,0.9241545203318696,65,0.0085789432410379,PGNN_ALL_RESULTS_May12/penn_data_pgnn_target-BFP_l2_fw-none_80pct_knn40/bfp/results_knn40_l2_fw-none_K1600_p1000000.0_mu2.5e-18.csv
BFP,40.0,l2,none,400.0,10000.0,5e-13,0.2345114515647983,25.30403105848633,2.1148558587505795,6.426501972541251,0.9314574790815466,131,0.0099036200483983,PGNN_ALL_RESULTS_May12/penn_data_pgnn_target-BFP_l2_fw-none_80pct_knn40/bfp/results_knn40_l2_fw-none_K400_p10000.0_mu5e-13.csv
BFP,40.0,l2,none,3200.0,1000000.0,1.7677669529663694e-18,0.2246252821876438,24.237303036038988,2.0257010215387,6.155583396774944,0.9371146858299892,148,0.0099989145419203,PGNN_ALL_RESULTS_May12/penn_data_pgnn_target-BFP_l2_fw-none_80pct_knn40/bfp/results_knn40_l2_fw-none_K3200_p1000000.0_mu1.77e-18.csv
BFP,40.0,l2,none,15.0,5.0,0.0024494897427831,0.245829481335794,26.52525831598346,2.2169233968934616,6.736658918932472,0.9246818067939592,98,0.009350549257611,PGNN_ALL_RESULTS_May12/penn_data_pgnn_target-BFP_l2_fw-none_80pct_knn40/bfp/results_knn40_l2_fw-none_K15_p5.0_mu0.00245.csv
BFP,40.0,l2,none,800.0,10000.0,3.5355339059327374e-13,0.2348438316125884,25.339895213504697,2.117853097360627,6.435609808311688,0.9312630466890384,113,0.0096508436642295,PGNN_ALL_RESULTS_May12/penn_data_pgnn_target-BFP_l2_fw-none_80pct_knn40/bfp/results_knn40_l2_fw-none_K800_p10000.0_mu3.54e-13.csv
BFP,20.0,l2,none,80.0,10.0,3.535533905932738e-05,0.2387253447026588,25.75871453823147,2.1528573552153176,6.541978727602203,0.928972092283668,93,0.0092384257269977,PGNN_ALL_RESULTS_May12/penn_data_pgnn_target-BFP_l2_fw-none_80pct_knn20/bfp/results_knn20_l2_fw-none_K80_p10.0_mu3.54e-05.csv
BFP,20.0,l2,none,400.0,10000.0,5e-13,0.2619445499286539,28.264091082837453,2.36225121459482,7.178272707058276,0.9144833465268192,100,0.0093940336813573,PGNN_ALL_RESULTS_May12/penn_data_pgnn_target-BFP_l2_fw-none_80pct_knn20/bfp/results_knn20_l2_fw-none_K400_p10000.0_mu5e-13.csv
BFP,20.0,l2,none,15.0,3.0,0.0081649658092772,0.2365866783696649,25.527950202619213,2.133570459687387,6.483370822178488,0.9302390257150788,134,0.0099313251441108,PGNN_ALL_RESULTS_May12/penn_data_pgnn_target-BFP_l2_fw-none_80pct_knn20/bfp/results_knn20_l2_fw-none_K15_p3.0_mu0.00816.csv
BFP,20.0,l2,none,1600.0,1000000.0,2.500000000000001e-18,0.2447642819214603,26.410322184362045,2.2073171667185605,6.707468060883092,0.9253331125335896,100,0.0093940336813573,PGNN_ALL_RESULTS_May12/penn_data_pgnn_target-BFP_l2_fw-none_80pct_knn20/bfp/results_knn20_l2_fw-none_K1600_p1000000.0_mu2.5e-18.csv
BFP,20.0,l2,none,10.0,3.0,0.01,0.2326443926635625,25.10257344901928,2.0980185017738453,6.375337583547247,0.932544534709952,123,0.0098086021253405,PGNN_ALL_RESULTS_May12/penn_data_pgnn_target-BFP_l2_fw-none_80pct_knn20/bfp/results_knn20_l2_fw-none_K10_p3.0_mu0.01.csv
BFP,20.0,l2,none,100.0,100.0,1.0000000000000001e-07,0.2408792132828913,25.99111921223112,2.172281070812823,6.6010023939598685,0.927684630144766,133,0.0099225890737155,PGNN_ALL_RESULTS_May12/penn_data_pgnn_target-BFP_l2_fw-none_80pct_knn20/bfp/results_knn20_l2_fw-none_K100_p100.0_mu1e-07.csv
BFP,20.0,l2,none,30.0,5.0,0.0017320508075688,0.2318007981424572,25.01154871730412,2.09041072542907,6.352219511701331,0.9330328498439416,86,0.0090753945490454,PGNN_ALL_RESULTS_May12/penn_data_pgnn_target-BFP_l2_fw-none_80pct_knn20/bfp/results_knn20_l2_fw-none_K30_p5.0_mu0.00173.csv
BFP,20.0,l2,none,5.0,2.0,0.0282842712474619,0.2318669496559222,25.01868653483974,2.0910074716191653,6.354032869596096,0.9329946221028268,96,0.0093062416663153,PGNN_ALL_RESULTS_May12/penn_data_pgnn_target-BFP_l2_fw-none_80pct_knn20/bfp/results_knn20_l2_fw-none_K5_p2.0_mu0.0283.csv
BFP,20.0,l2,none,10.0,2.0,0.02,0.2262344757936386,24.41093671027327,2.040212945942093,6.199681395424776,0.936210449950859,135,0.0099395558543473,PGNN_ALL_RESULTS_May12/penn_data_pgnn_target-BFP_l2_fw-none_80pct_knn20/bfp/results_knn20_l2_fw-none_K10_p2.0_mu0.02.csv
BFP,20.0,l2,none,15.0,5.0,0.0024494897427831,0.2479500116721889,26.754065758581937,2.2360465673633203,6.794769306095403,0.9233768098253256,57,0.0084012847233714,PGNN_ALL_RESULTS_May12/penn_data_pgnn_target-BFP_l2_fw-none_80pct_knn20/bfp/results_knn20_l2_fw-none_K15_p5.0_mu0.00245.csv
BFP,20.0,l2,none,40.0,10.0,5e-05,0.2450273206311765,26.438704336431076,2.2096893926786136,6.714676644271182,0.9251725430672514,146,0.0099956605475048,PGNN_ALL_RESULTS_May12/penn_data_pgnn_target-BFP_l2_fw-none_80pct_knn20/bfp/results_knn20_l2_fw-none_K40_p10.0_mu5e-05.csv
BFP,20.0,l2,none,200.0,100.0,7.071067811865477e-08,0.2318181668566327,25.013422819741372,2.090567412946198,6.352695644688708,0.9330228138399588,142,0.0099826802054872,PGNN_ALL_RESULTS_May12/penn_data_pgnn_target-BFP_l2_fw-none_80pct_knn20/bfp/results_knn20_l2_fw-none_K200_p100.0_mu7.07e-08.csv
BFP,20.0,l2,none,800.0,10000.0,3.5355339059327374e-13,0.2535582640883722,27.35920206376455,2.286622428713639,6.948456315725845,0.9198714095236316,55,0.0083588383313389,PGNN_ALL_RESULTS_May12/penn_data_pgnn_target-BFP_l2_fw-none_80pct_knn20/bfp/results_knn20_l2_fw-none_K800_p10000.0_mu3.54e-13.csv
BFP,20.0,l2,none,3200.0,1000000.0,1.7677669529663694e-18,0.2454011028138312,26.47903582513192,2.2130605218495965,6.72492063710756,0.9249440746402364,97,0.0093284929847445,PGNN_ALL_RESULTS_May12/penn_data_pgnn_target-BFP_l2_fw-none_80pct_knn20/bfp/results_knn20_l2_fw-none_K3200_p1000000.0_mu1.77e-18.csv
BFP,35.0,l2,none,15.0,3.0,0.0081649658092772,0.2390945104888429,25.79854791292171,2.1561863230509832,6.552094603005205,0.928752246773675,128,0.0098715031251188,PGNN_ALL_RESULTS_May12/penn_data_pgnn_target-BFP_l2_fw-none_80pct_knn35/bfp/results_knn35_l2_fw-none_K15_p3.0_mu0.00816.csv
BFP,35.0,l2,none,5.0,2.0,0.0282842712474619,0.2428714025514421,26.20607851929021,2.1902469567279423,6.655596091584337,0.9264835165272264,132,0.0099133523761934,PGNN_ALL_RESULTS_May12/penn_data_pgnn_target-BFP_l2_fw-none_80pct_knn35/bfp/results_knn35_l2_fw-none_K5_p2.0_mu0.0283.csv
BFP,35.0,l2,none,400.0,10000.0,5e-13,0.2551602714106571,27.532060330465523,2.30106974534246,6.992357987997684,0.9188556894813872,78,0.0088847922325062,PGNN_ALL_RESULTS_May12/penn_data_pgnn_target-BFP_l2_fw-none_80pct_knn35/bfp/results_knn35_l2_fw-none_K400_p10000.0_mu5e-13.csv
BFP,35.0,l2,none,3200.0,1000000.0,1.7677669529663694e-18,0.2587656769811966,27.921087364866704,2.3335837359716702,7.091159626912806,0.9165463560913588,59,0.0084445881687844,PGNN_ALL_RESULTS_May12/penn_data_pgnn_target-BFP_l2_fw-none_80pct_knn35/bfp/results_knn35_l2_fw-none_K3200_p1000000.0_mu1.77e-18.csv
BFP,35.0,l2,none,40.0,10.0,5e-05,0.251835470241781,27.173310804678348,2.271086189816548,6.901245689287685,0.9209565729017596,83,0.0090041813844477,PGNN_ALL_RESULTS_May12/penn_data_pgnn_target-BFP_l2_fw-none_80pct_knn35/bfp/results_knn35_l2_fw-none_K40_p10.0_mu5e-05.csv
BFP,35.0,l2,none,80.0,10.0,3.535533905932738e-05,0.2431383743525738,26.23488505603927,2.192654764190417,6.662912797989204,0.9263218044853042,103,0.0094575304037343,PGNN_ALL_RESULTS_May12/penn_data_pgnn_target-BFP_l2_fw-none_80pct_knn35/bfp/results_knn35_l2_fw-none_K80_p10.0_mu3.54e-05.csv
BFP,35.0,l2,none,800.0,10000.0,3.5355339059327374e-13,0.2473032039016814,26.684274523209066,2.230213553569127,6.777044280297952,0.9237760502384096,90,0.0091692456553619,PGNN_ALL_RESULTS_May12/penn_data_pgnn_target-BFP_l2_fw-none_80pct_knn35/bfp/results_knn35_l2_fw-none_K800_p10000.0_mu3.54e-13.csv
BFP,35.0,l2,none,10.0,3.0,0.01,0.2494277304606388,26.913513162404406,2.2493727857437813,6.835264249688931,0.922460778964346,64,0.00855614025384,PGNN_ALL_RESULTS_May12/penn_data_pgnn_target-BFP_l2_fw-none_80pct_knn35/bfp/results_knn35_l2_fw-none_K10_p3.0_mu0.01.csv
BFP,35.0,l2,none,200.0,100.0,7.071067811865477e-08,0.2473313723570564,26.68731392902453,2.2304677145578373,6.777816610047297,0.9237586850512696,86,0.0090753945490454,PGNN_ALL_RESULTS_May12/penn_data_pgnn_target-BFP_l2_fw-none_80pct_knn35/bfp/results_knn35_l2_fw-none_K200_p100.0_mu7.07e-08.csv
BFP,35.0,l2,none,100.0,100.0,1.0000000000000001e-07,0.2458200641824151,26.524242195278084,2.2168384892975697,6.736400906628595,0.924687577211635,98,0.009350549257611,PGNN_ALL_RESULTS_May12/penn_data_pgnn_target-BFP_l2_fw-none_80pct_knn35/bfp/results_knn35_l2_fw-none_K100_p100.0_mu1e-07.csv
BFP,35.0,l2,none,10.0,2.0,0.02,0.2308346657938775,24.907302025759016,2.081698019294807,6.32574384295713,0.9335899169416852,181,0.0097503332389233,PGNN_ALL_RESULTS_May12/penn_data_pgnn_target-BFP_l2_fw-none_80pct_knn35/bfp/results_knn35_l2_fw-none_K10_p2.0_mu0.02.csv
BFP,35.0,l2,none,1600.0,1000000.0,2.500000000000001e-18,0.2470081376880571,26.65243656994905,2.227552545164676,6.768958161478366,0.9239578327177111,109,0.009577265879135,PGNN_ALL_RESULTS_May12/penn_data_pgnn_target-BFP_l2_fw-none_80pct_knn35/bfp/results_knn35_l2_fw-none_K1600_p1000000.0_mu2.5e-18.csv
BFP,35.0,l2,none,15.0,5.0,0.0024494897427831,0.2497899618715439,26.95259831074468,2.252639490599857,6.845190923941656,0.9222354027709349,98,0.009350549257611,PGNN_ALL_RESULTS_May12/penn_data_pgnn_target-BFP_l2_fw-none_80pct_knn35/bfp/results_knn35_l2_fw-none_K15_p5.0_mu0.00245.csv
BFP,35.0,l2,none,30.0,5.0,0.0017320508075688,0.2532325878402179,27.324061255742933,2.283685565933936,6.939531946545433,0.920077115456057,84,0.0090279758085674,PGNN_ALL_RESULTS_May12/penn_data_pgnn_target-BFP_l2_fw-none_80pct_knn35/bfp/results_knn35_l2_fw-none_K30_p5.0_mu0.00173.csv
BFP,30.0,l2,none,40.0,10.0,5e-05,0.3279986199205126,33.6124364014957,2.425368715705527,6.888596323099501,0.8868056929644623,58,0.0084228335616671,PGNN_ALL_RESULTS_May12/female_pgnn_target-BFP_l2_fw-none_80pct_knn30/bfp/results_knn30_l2_fw-none_K40_p10.0_mu5e-05.csv
BFP,30.0,l2,none,15.0,5.0,0.0024494897427831,0.3281164692379389,33.62451328977015,2.426240372276568,6.891072025128392,0.8867243373275395,91,0.0091924390242644,PGNN_ALL_RESULTS_May12/female_pgnn_target-BFP_l2_fw-none_80pct_knn30/bfp/results_knn30_l2_fw-none_K15_p5.0_mu0.00245.csv
BFP,30.0,l2,none,5.0,2.0,0.0282842712474619,0.3430844655789065,35.15839421033779,2.536920315981988,7.205428126249383,0.8761538070785787,33,0.0079659287950588,PGNN_ALL_RESULTS_May12/female_pgnn_target-BFP_l2_fw-none_80pct_knn30/bfp/results_knn30_l2_fw-none_K5_p2.0_mu0.0283.csv
BFP,30.0,l2,none,1600.0,1000000.0,2.500000000000001e-18,0.3050506864628541,31.260792501048115,2.255681326528813,6.406645715923867,0.9020905602247492,36,0.0080101650465708,PGNN_ALL_RESULTS_May12/female_pgnn_target-BFP_l2_fw-none_80pct_knn30/bfp/results_knn30_l2_fw-none_K1600_p1000000.0_mu2.5e-18.csv
BFP,30.0,l2,none,15.0,3.0,0.0081649658092772,0.3211936657797781,32.91508258846453,2.375049835624257,6.745679310083818,0.8914538319507357,138,0.0099611725283593,PGNN_ALL_RESULTS_May12/female_pgnn_target-BFP_l2_fw-none_80pct_knn30/bfp/results_knn30_l2_fw-none_K15_p3.0_mu0.00816.csv
BFP,30.0,l2,none,30.0,5.0,0.0017320508075688,0.3169381620804925,32.47898975525922,2.3435827795656654,6.656305745866417,0.8943110404347432,102,0.0094366095580143,PGNN_ALL_RESULTS_May12/female_pgnn_target-BFP_l2_fw-none_80pct_knn30/bfp/results_knn30_l2_fw-none_K30_p5.0_mu0.00173.csv
BFP,30.0,l2,none,800.0,10000.0,3.5355339059327374e-13,0.3158438878470164,32.3668514081911,2.335491232275442,6.633323919412288,0.8950395929745999,71,0.0087184183421959,PGNN_ALL_RESULTS_May12/female_pgnn_target-BFP_l2_fw-none_80pct_knn30/bfp/results_knn30_l2_fw-none_K800_p10000.0_mu3.54e-13.csv
BFP,30.0,l2,none,10.0,3.0,0.01,0.3194959782828502,32.74110803627302,2.3624964240509634,6.710024778776402,0.8925982534469001,55,0.0083588383313389,PGNN_ALL_RESULTS_May12/female_pgnn_target-BFP_l2_fw-none_80pct_knn30/bfp/results_knn30_l2_fw-none_K10_p3.0_mu0.01.csv
BFP,30.0,l2,none,10.0,2.0,0.02,0.3215404065869601,32.95061567495139,2.3776141677027125,6.752962593822271,0.8912193459976521,67,0.0086249673641049,PGNN_ALL_RESULTS_May12/female_pgnn_target-BFP_l2_fw-none_80pct_knn30/bfp/results_knn30_l2_fw-none_K10_p2.0_mu0.02.csv
BFP,30.0,l2,none,400.0,10000.0,5e-13,0.3220583785483067,33.003696080023644,2.3814438350244376,6.763839716158475,0.8908685924928309,47,0.0081989226111178,PGNN_ALL_RESULTS_May12/female_pgnn_target-BFP_l2_fw-none_80pct_knn30/bfp/results_knn30_l2_fw-none_K400_p10000.0_mu5e-13.csv
BFP,30.0,l2,none,100.0,100.0,1.0000000000000001e-07,0.317665968200383,32.553573413334874,2.348964370199275,6.671590681806692,0.893825081971743,44,0.0081435685141446,PGNN_ALL_RESULTS_May12/female_pgnn_target-BFP_l2_fw-none_80pct_knn30/bfp/results_knn30_l2_fw-none_K100_p100.0_mu1e-07.csv
BFP,30.0,l2,none,3200.0,1000000.0,1.7677669529663694e-18,0.3237936808738747,33.1815253009809,2.3942755325968936,6.80028464271515,0.8896893890190744,103,0.0094575304037343,PGNN_ALL_RESULTS_May12/female_pgnn_target-BFP_l2_fw-none_80pct_knn30/bfp/results_knn30_l2_fw-none_K3200_p1000000.0_mu1.77e-18.csv
BFP,30.0,l2,none,200.0,100.0,7.071067811865477e-08,0.3262361388477989,33.43182197397224,2.412336281581312,6.851581259283528,0.8880189103582403,54,0.0083379574330586,PGNN_ALL_RESULTS_May12/female_pgnn_target-BFP_l2_fw-none_80pct_knn30/bfp/results_knn30_l2_fw-none_K200_p100.0_mu7.07e-08.csv
BFP,30.0,l2,none,80.0,10.0,3.535533905932738e-05,0.3101151469798872,31.77978510253501,2.293130536783598,6.513009952583467,0.8988125828731346,69,0.008671485117228,PGNN_ALL_RESULTS_May12/female_pgnn_target-BFP_l2_fw-none_80pct_knn30/bfp/results_knn30_l2_fw-none_K80_p10.0_mu3.54e-05.csv
BFP,30.0,l2,none,40.0,10.0,5e-05,0.3046548203673919,31.11201116633136,2.3411214234108133,8.92513246682316,0.9031921790531624,93,0.0092384257269977,PGNN_ALL_RESULTS_May12/male_pgnn_target-BFP_l2_fw-none_80pct_knn30/bfp/results_knn30_l2_fw-none_K40_p10.0_mu5e-05.csv
BFP,30.0,l2,none,15.0,5.0,0.0024494897427831,0.2696834348344066,27.540657409669205,2.072383573713439,7.900614522809885,0.924141739727354,143,0.0099867304449397,PGNN_ALL_RESULTS_May12/male_pgnn_target-BFP_l2_fw-none_80pct_knn30/bfp/results_knn30_l2_fw-none_K15_p5.0_mu0.00245.csv
BFP,30.0,l2,none,5.0,2.0,0.0282842712474619,0.2835445657799758,28.95618617181541,2.1788995162514464,8.306688674912255,0.9161434495583012,92,0.0092155026994788,PGNN_ALL_RESULTS_May12/male_pgnn_target-BFP_l2_fw-none_80pct_knn30/bfp/results_knn30_l2_fw-none_K5_p2.0_mu0.0283.csv
BFP,30.0,l2,none,1600.0,1000000.0,2.500000000000001e-18,0.2827256849815468,28.872560288220686,2.172606652415275,8.282698187801303,0.9166271079980504,158,0.0099826802054872,PGNN_ALL_RESULTS_May12/male_pgnn_target-BFP_l2_fw-none_80pct_knn30/bfp/results_knn30_l2_fw-none_K1600_p1000000.0_mu2.5e-18.csv
BFP,30.0,l2,none,15.0,3.0,0.0081649658092772,0.269378415751845,27.50950819925738,2.070039535806406,7.891678271738788,0.9243132380768933,142,0.0099826802054872,PGNN_ALL_RESULTS_May12/male_pgnn_target-BFP_l2_fw-none_80pct_knn30/bfp/results_knn30_l2_fw-none_K15_p3.0_mu0.00816.csv
BFP,30.0,l2,none,30.0,5.0,0.0017320508075688,0.2878105016148359,29.391832793683957,2.2116812199236,8.431663417715576,0.9136012201468566,132,0.0099133523761934,PGNN_ALL_RESULTS_May12/male_pgnn_target-BFP_l2_fw-none_80pct_knn30/bfp/results_knn30_l2_fw-none_K30_p5.0_mu0.00173.csv
BFP,30.0,l2,none,800.0,10000.0,3.5355339059327374e-13,0.3084249657309983,31.497026589720235,2.3700930699723166,9.035582006414607,0.9007813332769052,57,0.0084012847233714,PGNN_ALL_RESULTS_May12/male_pgnn_target-BFP_l2_fw-none_80pct_knn30/bfp/results_knn30_l2_fw-none_K800_p10000.0_mu3.54e-13.csv
BFP,30.0,l2,none,10.0,3.0,0.01,0.2819912888633744,28.797562163452668,2.166963363652472,8.261184096625643,0.917059677155616,88,0.009122513696999,PGNN_ALL_RESULTS_May12/male_pgnn_target-BFP_l2_fw-none_80pct_knn30/bfp/results_knn30_l2_fw-none_K10_p3.0_mu0.01.csv
BFP,30.0,l2,none,10.0,2.0,0.02,0.3007539343724153,30.71364422604156,2.311145054617925,8.810852592368343,0.905655416575316,134,0.0099313251441108,PGNN_ALL_RESULTS_May12/male_pgnn_target-BFP_l2_fw-none_80pct_knn30/bfp/results_knn30_l2_fw-none_K10_p2.0_mu0.02.csv
BFP,30.0,l2,none,400.0,10000.0,5e-13,0.2934965061695478,29.972499913884697,2.255375069636768,8.598238885683969,0.9101536977342812,128,0.0098715031251188,PGNN_ALL_RESULTS_May12/male_pgnn_target-BFP_l2_fw-none_80pct_knn30/bfp/results_knn30_l2_fw-none_K400_p10000.0_mu5e-13.csv
BFP,30.0,l2,none,100.0,100.0,1.0000000000000001e-07,0.2758393041354476,28.169308137077703,2.119688480068522,8.080956538105557,0.9206390910013252,158,0.0099826802054872,PGNN_ALL_RESULTS_May12/male_pgnn_target-BFP_l2_fw-none_80pct_knn30/bfp/results_knn30_l2_fw-none_K100_p100.0_mu1e-07.csv
BFP,30.0,l2,none,3200.0,1000000.0,1.7677669529663694e-18,0.2919842952500385,29.81806965423252,2.2437546733190925,8.553938075219756,0.9110771604481172,63,0.0085334892085578,PGNN_ALL_RESULTS_May12/male_pgnn_target-BFP_l2_fw-none_80pct_knn30/bfp/results_knn30_l2_fw-none_K3200_p1000000.0_mu1.77e-18.csv
BFP,30.0,l2,none,200.0,100.0,7.071067811865477e-08,0.3053416980363961,31.182156603985,2.3463995650817813,8.94525449600156,0.9027551592771992,63,0.0085334892085578,PGNN_ALL_RESULTS_May12/male_pgnn_target-BFP_l2_fw-none_80pct_knn30/bfp/results_knn30_l2_fw-none_K200_p100.0_mu7.07e-08.csv
BFP,30.0,l2,none,80.0,10.0,3.535533905932738e-05,0.2843282060515277,29.03621321635556,2.18492126378365,8.329645576621516,0.9156792955249216,98,0.009350549257611,PGNN_ALL_RESULTS_May12/male_pgnn_target-BFP_l2_fw-none_80pct_knn30/bfp/results_knn30_l2_fw-none_K80_p10.0_mu3.54e-05.csv
BFP,25.0,l2,none,3200.0,1000000.0,1.7677669529663694e-18,0.3255780949220783,33.24874135427522,2.501906456572448,9.538098417798668,0.8894383040916538,44,0.0081435685141446,PGNN_ALL_RESULTS_May12/male_pgnn_target-BFP_l2_fw-none_80pct_knn25/bfp/results_knn25_l2_fw-none_K3200_p1000000.0_mu1.77e-18.csv
BFP,25.0,l2,none,15.0,3.0,0.0081649658092772,0.295112326698189,30.137511011589467,2.267792038296044,8.645576494494952,0.9091616918850528,74,0.0087894223403149,PGNN_ALL_RESULTS_May12/male_pgnn_target-BFP_l2_fw-none_80pct_knn25/bfp/results_knn25_l2_fw-none_K15_p3.0_mu0.00816.csv
BFP,25.0,l2,none,15.0,5.0,0.0024494897427831,0.2971177925002581,30.342313529903237,2.283202979695331,8.704328121835449,0.907922895048183,145,0.0099932223927485,PGNN_ALL_RESULTS_May12/male_pgnn_target-BFP_l2_fw-none_80pct_knn25/bfp/results_knn25_l2_fw-none_K15_p5.0_mu0.00245.csv
BFP,25.0,l2,none,800.0,10000.0,3.5355339059327374e-13,0.2909879275212187,29.716318420270653,2.2360979443406777,8.524748081180338,0.91168300589929,106,0.0095186998443402,PGNN_ALL_RESULTS_May12/male_pgnn_target-BFP_l2_fw-none_80pct_knn25/bfp/results_knn25_l2_fw-none_K800_p10000.0_mu3.54e-13.csv
BFP,25.0,l2,none,10.0,3.0,0.01,0.3074769133339718,31.40020942225515,2.3628076007805823,9.007807377995526,0.9013903626041652,78,0.0088847922325062,PGNN_ALL_RESULTS_May12/male_pgnn_target-BFP_l2_fw-none_80pct_knn25/bfp/results_knn25_l2_fw-none_K10_p3.0_mu0.01.csv
BFP,25.0,l2,none,80.0,10.0,3.535533905932738e-05,0.3037461843845332,31.01921928859005,2.334139019508773,8.898513223951179,0.9037687784588156,108,0.00955804983431,PGNN_ALL_RESULTS_May12/male_pgnn_target-BFP_l2_fw-none_80pct_knn25/bfp/results_knn25_l2_fw-none_K80_p10.0_mu3.54e-05.csv
BFP,25.0,l2,none,30.0,5.0,0.0017320508075688,0.2912378151571632,29.741837487753187,2.238018240755713,8.532068888938692,0.9115312552672932,89,0.0091459335569017,PGNN_ALL_RESULTS_May12/male_pgnn_target-BFP_l2_fw-none_80pct_knn25/bfp/results_knn25_l2_fw-none_K30_p5.0_mu0.00173.csv
BFP,25.0,l2,none,10.0,2.0,0.02,0.2898176674376821,29.59680892180746,2.2271051327029445,8.490464496265282,0.912391942697834,80,0.0089325881917434,PGNN_ALL_RESULTS_May12/male_pgnn_target-BFP_l2_fw-none_80pct_knn25/bfp/results_knn25_l2_fw-none_K10_p2.0_mu0.02.csv
BFP,25.0,l2,none,100.0,100.0,1.0000000000000001e-07,0.3016378831613039,30.803914993978864,2.317937525593849,8.836747747839969,0.9051000234423768,88,0.009122513696999,PGNN_ALL_RESULTS_May12/male_pgnn_target-BFP_l2_fw-none_80pct_knn25/bfp/results_knn25_l2_fw-none_K100_p100.0_mu1e-07.csv
BFP,25.0,l2,none,1600.0,1000000.0,2.500000000000001e-18,0.299961295794004,30.63269825488423,2.3050539820325904,8.787631400530312,0.9061520525616512,78,0.0088847922325062,PGNN_ALL_RESULTS_May12/male_pgnn_target-BFP_l2_fw-none_80pct_knn25/bfp/results_knn25_l2_fw-none_K1600_p1000000.0_mu2.5e-18.csv
BFP,25.0,l2,none,400.0,10000.0,5e-13,0.2986752631358417,30.501365809946183,2.2951713689179827,8.749955596838877,0.9069550415130831,89,0.0091459335569017,PGNN_ALL_RESULTS_May12/male_pgnn_target-BFP_l2_fw-none_80pct_knn25/bfp/results_knn25_l2_fw-none_K400_p10000.0_mu5e-13.csv
BFP,25.0,l2,none,40.0,10.0,5e-05,0.2902878958993877,29.64482967241849,2.230718614322193,8.504240288411612,0.912107424349266,68,0.0086481693832561,PGNN_ALL_RESULTS_May12/male_pgnn_target-BFP_l2_fw-none_80pct_knn25/bfp/results_knn25_l2_fw-none_K40_p10.0_mu5e-05.csv
BFP,25.0,l2,none,200.0,100.0,7.071067811865477e-08,0.3083989619770253,31.49437102995263,2.369893227476134,9.034820140441706,0.9007980631095804,91,0.0091924390242644,PGNN_ALL_RESULTS_May12/male_pgnn_target-BFP_l2_fw-none_80pct_knn25/bfp/results_knn25_l2_fw-none_K200_p100.0_mu7.07e-08.csv
BFP,25.0,l2,none,5.0,2.0,0.0282842712474619,0.2977470775660858,30.40657748598056,2.2880387199188306,8.722763569752969,0.907532449851913,65,0.0085789432410379,PGNN_ALL_RESULTS_May12/male_pgnn_target-BFP_l2_fw-none_80pct_knn25/bfp/results_knn25_l2_fw-none_K5_p2.0_mu0.0283.csv
BFP,5.0,l2,none,200.0,100.0,7.071067811865477e-08,0.2498458546216551,26.95862919697782,2.2531437288611533,6.8467231740793855,0.9222005978216123,111,0.0096147311545127,PGNN_ALL_RESULTS_May12/penn_data_pgnn_target-BFP_l2_fw-none_80pct_knn5/bfp/results_knn5_l2_fw-none_K200_p100.0_mu7.07e-08.csv
BFP,5.0,l2,none,1600.0,1000000.0,2.500000000000001e-18,0.2421469826283326,26.127912851424377,2.1837140158269053,6.635744167675059,0.9269214221793458,105,0.0094985858282077,PGNN_ALL_RESULTS_May12/penn_data_pgnn_target-BFP_l2_fw-none_80pct_knn5/bfp/results_knn5_l2_fw-none_K1600_p1000000.0_mu2.5e-18.csv
BFP,5.0,l2,none,15.0,5.0,0.0024494897427831,0.2467834980721145,26.628197720285847,2.225526785733736,6.762802400590473,0.9240960817311252,75,0.0088132107555243,PGNN_ALL_RESULTS_May12/penn_data_pgnn_target-BFP_l2_fw-none_80pct_knn5/bfp/results_knn5_l2_fw-none_K15_p5.0_mu0.00245.csv
BFP,5.0,l2,none,800.0,10000.0,3.5355339059327374e-13,0.2368579231378109,25.557217796981117,2.1360166138628798,6.490804054362561,0.9300789732002056,85,0.0090517171631665,PGNN_ALL_RESULTS_May12/penn_data_pgnn_target-BFP_l2_fw-none_80pct_knn5/bfp/results_knn5_l2_fw-none_K800_p10000.0_mu3.54e-13.csv
BFP,5.0,l2,none,3200.0,1000000.0,1.7677669529663694e-18,0.2301544085620085,24.83390155849776,2.0755635144696662,6.307102663608567,0.9339807540249604,118,0.0097347245058564,PGNN_ALL_RESULTS_May12/penn_data_pgnn_target-BFP_l2_fw-none_80pct_knn5/bfp/results_knn5_l2_fw-none_K3200_p1000000.0_mu1.77e-18.csv
BFP,5.0,l2,none,5.0,2.0,0.0282842712474619,0.2412710287944056,26.0333965159892,2.1758146863948,6.61174014112775,0.927449181617698,135,0.0099395558543473,PGNN_ALL_RESULTS_May12/penn_data_pgnn_target-BFP_l2_fw-none_80pct_knn5/bfp/results_knn5_l2_fw-none_K5_p2.0_mu0.0283.csv
BFP,5.0,l2,none,15.0,3.0,0.0081649658092772,0.2303120662707306,24.850912990270043,2.0769851232702194,6.311422566415717,0.9338902755670188,134,0.0099313251441108,PGNN_ALL_RESULTS_May12/penn_data_pgnn_target-BFP_l2_fw-none_80pct_knn5/bfp/results_knn5_l2_fw-none_K15_p3.0_mu0.00816.csv
BFP,5.0,l2,none,400.0,10000.0,5e-13,0.2459739204266817,26.540843445057085,2.218225975247063,6.740617118884574,0.9245932731706936,104,0.0094781926034759,PGNN_ALL_RESULTS_May12/penn_data_pgnn_target-BFP_l2_fw-none_80pct_knn5/bfp/results_knn5_l2_fw-none_K400_p10000.0_mu5e-13.csv
BFP,5.0,l2,none,30.0,5.0,0.0017320508075688,0.2403726400219015,25.936459427201623,2.167712876152327,6.587120827575493,0.9279884713294784,95,0.0092838061109327,PGNN_ALL_RESULTS_May12/penn_data_pgnn_target-BFP_l2_fw-none_80pct_knn5/bfp/results_knn5_l2_fw-none_K30_p5.0_mu0.00173.csv
BFP,5.0,l2,none,10.0,2.0,0.02,0.2379300547970667,25.67290192508475,2.145685251406124,6.520184552322434,0.9294445489167578,112,0.0096329612111306,PGNN_ALL_RESULTS_May12/penn_data_pgnn_target-BFP_l2_fw-none_80pct_knn5/bfp/results_knn5_l2_fw-none_K10_p2.0_mu0.02.csv
BFP,5.0,l2,none,80.0,10.0,3.535533905932738e-05,0.2305561077088999,24.87724531685703,2.079185898909453,6.318110156460276,0.9337501000206754,81,0.0089564767647702,PGNN_ALL_RESULTS_May12/penn_data_pgnn_target-BFP_l2_fw-none_80pct_knn5/bfp/results_knn5_l2_fw-none_K80_p10.0_mu3.54e-05.csv
BFP,5.0,l2,none,100.0,100.0,1.0000000000000001e-07,0.233980298300304,25.2467190653538,2.110065856489691,6.411946390017408,0.9317676162132008,119,0.0097503332389233,PGNN_ALL_RESULTS_May12/penn_data_pgnn_target-BFP_l2_fw-none_80pct_knn5/bfp/results_knn5_l2_fw-none_K100_p100.0_mu1e-07.csv
BFP,5.0,l2,none,10.0,3.0,0.01,0.2384958386656835,25.733950596645744,2.1507875659128746,6.535689171280973,0.929108596413448,181,0.0097503332389233,PGNN_ALL_RESULTS_May12/penn_data_pgnn_target-BFP_l2_fw-none_80pct_knn5/bfp/results_knn5_l2_fw-none_K10_p3.0_mu0.01.csv
BFP,5.0,l2,none,40.0,10.0,5e-05,0.229656883254511,24.78021805711948,2.0710767091632385,6.29346841849779,0.9342658734276916,119,0.0097503332389233,PGNN_ALL_RESULTS_May12/penn_data_pgnn_target-BFP_l2_fw-none_80pct_knn5/bfp/results_knn5_l2_fw-none_K40_p10.0_mu5e-05.csv
BFP,40.0,l2,none,100.0,100.0,1.0000000000000001e-07,0.326685831630457,33.47790530828923,2.415661528983938,6.8610257148348825,0.8877099820171006,82,0.0089803447591593,PGNN_ALL_RESULTS_May12/female_pgnn_target-BFP_l2_fw-none_80pct_knn40/bfp/results_knn40_l2_fw-none_K100_p100.0_mu1e-07.csv
BFP,40.0,l2,none,200.0,100.0,7.071067811865477e-08,0.305571619143834,31.31417631288592,2.2595335551846816,6.417586917557547,0.9017558763247862,59,0.0084445881687844,PGNN_ALL_RESULTS_May12/female_pgnn_target-BFP_l2_fw-none_80pct_knn40/bfp/results_knn40_l2_fw-none_K200_p100.0_mu7.07e-08.csv
BFP,40.0,l2,none,10.0,2.0,0.02,0.3072410605473851,31.485256279675056,2.271878388346221,6.452649038947664,0.9006794619838197,63,0.0085334892085578,PGNN_ALL_RESULTS_May12/female_pgnn_target-BFP_l2_fw-none_80pct_knn40/bfp/results_knn40_l2_fw-none_K10_p2.0_mu0.02.csv
BFP,40.0,l2,none,15.0,3.0,0.0081649658092772,0.3295878871670405,33.77530033141664,2.437120288098204,6.921973449575417,0.8857061039843368,64,0.00855614025384,PGNN_ALL_RESULTS_May12/female_pgnn_target-BFP_l2_fw-none_80pct_knn40/bfp/results_knn40_l2_fw-none_K15_p3.0_mu0.00816.csv
BFP,40.0,l2,none,10.0,3.0,0.01,0.3290918211333395,33.7244647882282,2.433452471718664,6.911556020562545,0.8860498948457519,42,0.0081082168258816,PGNN_ALL_RESULTS_May12/female_pgnn_target-BFP_l2_fw-none_80pct_knn40/bfp/results_knn40_l2_fw-none_K10_p3.0_mu0.01.csv
BFP,40.0,l2,none,5.0,2.0,0.0282842712474619,0.3069456251998508,31.4549808418328,2.269693716153668,6.44644407525066,0.9008703784580848,107,0.0095385245205017,PGNN_ALL_RESULTS_May12/female_pgnn_target-BFP_l2_fw-none_80pct_knn40/bfp/results_knn40_l2_fw-none_K5_p2.0_mu0.0283.csv
BFP,40.0,l2,none,40.0,10.0,5e-05,0.3309730425098499,33.917247409967324,2.4473632122234306,6.951065673372118,0.8847434018898809,57,0.0084012847233714,PGNN_ALL_RESULTS_May12/female_pgnn_target-BFP_l2_fw-none_80pct_knn40/bfp/results_knn40_l2_fw-none_K40_p10.0_mu5e-05.csv
BFP,40.0,l2,none,80.0,10.0,3.535533905932738e-05,0.3140290196395461,32.18086848480113,2.3220713896803824,6.595208527819133,0.8962423518594339,76,0.0088370421783673,PGNN_ALL_RESULTS_May12/female_pgnn_target-BFP_l2_fw-none_80pct_knn40/bfp/results_knn40_l2_fw-none_K80_p10.0_mu3.54e-05.csv
BFP,40.0,l2,none,30.0,5.0,0.0017320508075688,0.3186034981429343,32.649649017482666,2.355897065158931,6.691281105245821,0.8931974475094739,89,0.0091459335569017,PGNN_ALL_RESULTS_May12/female_pgnn_target-BFP_l2_fw-none_80pct_knn40/bfp/results_knn40_l2_fw-none_K30_p5.0_mu0.00173.csv
BFP,40.0,l2,none,1600.0,1000000.0,2.500000000000001e-18,0.3174068582883061,32.527020510634266,2.347048358778574,6.666148775533973,0.8939982182628146,90,0.0091692456553619,PGNN_ALL_RESULTS_May12/female_pgnn_target-BFP_l2_fw-none_80pct_knn40/bfp/results_knn40_l2_fw-none_K1600_p1000000.0_mu2.5e-18.csv
BFP,40.0,l2,none,400.0,10000.0,5e-13,0.3160347767222618,32.38641319836111,2.336902858700871,6.637333258091736,0.8949126832613078,76,0.0088370421783673,PGNN_ALL_RESULTS_May12/female_pgnn_target-BFP_l2_fw-none_80pct_knn40/bfp/results_knn40_l2_fw-none_K400_p10000.0_mu5e-13.csv
BFP,40.0,l2,none,3200.0,1000000.0,1.7677669529663694e-18,0.302019735970329,30.950188661645456,2.2332692484779284,6.342990339545587,0.9040265295366108,54,0.0083379574330586,PGNN_ALL_RESULTS_May12/female_pgnn_target-BFP_l2_fw-none_80pct_knn40/bfp/results_knn40_l2_fw-none_K3200_p1000000.0_mu1.77e-18.csv
BFP,40.0,l2,none,15.0,5.0,0.0024494897427831,0.3227717779642744,33.07680337695035,2.386719131203596,6.778822751780108,0.890384577692805,85,0.0090517171631665,PGNN_ALL_RESULTS_May12/female_pgnn_target-BFP_l2_fw-none_80pct_knn40/bfp/results_knn40_l2_fw-none_K15_p5.0_mu0.00245.csv
BFP,40.0,l2,none,800.0,10000.0,3.5355339059327374e-13,0.3227591325602983,33.07550750919024,2.386625683630609,6.778557339513712,0.8903931664495619,100,0.0093940336813573,PGNN_ALL_RESULTS_May12/female_pgnn_target-BFP_l2_fw-none_80pct_knn40/bfp/results_knn40_l2_fw-none_K800_p10000.0_mu3.54e-13.csv
BFP,20.0,l2,none,80.0,10.0,3.535533905932738e-05,0.2992347488123434,30.558501700964527,2.299470844928309,8.76634662745624,0.9066061269192894,97,0.0093284929847445,PGNN_ALL_RESULTS_May12/male_pgnn_target-BFP_l2_fw-none_80pct_knn20/bfp/results_knn20_l2_fw-none_K80_p10.0_mu3.54e-05.csv
BFP,20.0,l2,none,400.0,10000.0,5e-13,0.2958887814926434,30.216804259620417,2.273758803251196,8.668323784358092,0.908683063106744,108,0.00955804983431,PGNN_ALL_RESULTS_May12/male_pgnn_target-BFP_l2_fw-none_80pct_knn20/bfp/results_knn20_l2_fw-none_K400_p10000.0_mu5e-13.csv
BFP,20.0,l2,none,15.0,3.0,0.0081649658092772,0.2711749810450172,27.69297734441915,2.083845318813818,7.944310502137949,0.9233003162192446,104,0.0094781926034759,PGNN_ALL_RESULTS_May12/male_pgnn_target-BFP_l2_fw-none_80pct_knn20/bfp/results_knn20_l2_fw-none_K15_p3.0_mu0.00816.csv
BFP,20.0,l2,none,1600.0,1000000.0,2.500000000000001e-18,0.2688180911722692,27.45228663763722,2.065733858120385,7.875263598273797,0.9246277773545932,106,0.0095186998443402,PGNN_ALL_RESULTS_May12/male_pgnn_target-BFP_l2_fw-none_80pct_knn20/bfp/results_knn20_l2_fw-none_K1600_p1000000.0_mu2.5e-18.csv
BFP,20.0,l2,none,10.0,3.0,0.01,0.3032180970134488,30.96528986063561,2.330080938372478,8.883042470772653,0.9041030991474368,77,0.0088609061729741,PGNN_ALL_RESULTS_May12/male_pgnn_target-BFP_l2_fw-none_80pct_knn20/bfp/results_knn20_l2_fw-none_K10_p3.0_mu0.01.csv
BFP,20.0,l2,none,100.0,100.0,1.0000000000000001e-07,0.3094341694352092,31.60008866133508,2.377848209970657,9.065147175949091,0.900130960065467,121,0.0097803165985576,PGNN_ALL_RESULTS_May12/male_pgnn_target-BFP_l2_fw-none_80pct_knn20/bfp/results_knn20_l2_fw-none_K100_p100.0_mu1e-07.csv
BFP,20.0,l2,none,30.0,5.0,0.0017320508075688,0.2998535895533212,30.62169905993053,2.3042262043982347,8.784475637242762,0.9062194358876275,69,0.008671485117228,PGNN_ALL_RESULTS_May12/male_pgnn_target-BFP_l2_fw-none_80pct_knn20/bfp/results_knn20_l2_fw-none_K30_p5.0_mu0.00173.csv
BFP,20.0,l2,none,5.0,2.0,0.0282842712474619,0.3040086402356235,31.046021849468435,2.336155872893678,8.906202138949961,0.9036024069286944,84,0.0090279758085674,PGNN_ALL_RESULTS_May12/male_pgnn_target-BFP_l2_fw-none_80pct_knn20/bfp/results_knn20_l2_fw-none_K5_p2.0_mu0.0283.csv
BFP,20.0,l2,none,10.0,2.0,0.02,0.2850972373202849,29.114748357837907,2.190831068068948,8.352175713491748,0.9152225490506138,89,0.0091459335569017,PGNN_ALL_RESULTS_May12/male_pgnn_target-BFP_l2_fw-none_80pct_knn20/bfp/results_knn20_l2_fw-none_K10_p2.0_mu0.02.csv
BFP,20.0,l2,none,15.0,5.0,0.0024494897427831,0.3134488708712784,32.01007868137758,2.408699245647397,9.182761571084749,0.897522680757584,75,0.0088132107555243,PGNN_ALL_RESULTS_May12/male_pgnn_target-BFP_l2_fw-none_80pct_knn20/bfp/results_knn20_l2_fw-none_K15_p5.0_mu0.00245.csv
BFP,20.0,l2,none,40.0,10.0,5e-05,0.289483706437682,29.56270410000096,2.224538874500174,8.480681067616619,0.912593730378116,138,0.0099611725283593,PGNN_ALL_RESULTS_May12/male_pgnn_target-BFP_l2_fw-none_80pct_knn20/bfp/results_knn20_l2_fw-none_K40_p10.0_mu5e-05.csv
BFP,20.0,l2,none,200.0,100.0,7.071067811865477e-08,0.301858792913821,30.826474777141907,2.31963527101446,8.84322011728752,0.9049609692432724,93,0.0092384257269977,PGNN_ALL_RESULTS_May12/male_pgnn_target-BFP_l2_fw-none_80pct_knn20/bfp/results_knn20_l2_fw-none_K200_p100.0_mu7.07e-08.csv
BFP,20.0,l2,none,800.0,10000.0,3.5355339059327374e-13,0.2876687848132807,29.37736036647231,2.2105922379420604,8.42751185669784,0.9136862840634384,86,0.0090753945490454,PGNN_ALL_RESULTS_May12/male_pgnn_target-BFP_l2_fw-none_80pct_knn20/bfp/results_knn20_l2_fw-none_K800_p10000.0_mu3.54e-13.csv
BFP,20.0,l2,none,3200.0,1000000.0,1.7677669529663694e-18,0.2891665825987505,29.53031872560889,2.222101907958748,8.471390541725075,0.9127851292620586,101,0.0094154404840178,PGNN_ALL_RESULTS_May12/male_pgnn_target-BFP_l2_fw-none_80pct_knn20/bfp/results_knn20_l2_fw-none_K3200_p1000000.0_mu1.77e-18.csv
BFP,35.0,l2,none,15.0,3.0,0.0081649658092772,0.3049268371529792,31.139790110581817,2.343211506780075,8.933100558845567,0.9030192285096174,77,0.0088609061729741,PGNN_ALL_RESULTS_May12/male_pgnn_target-BFP_l2_fw-none_80pct_knn35/bfp/results_knn35_l2_fw-none_K15_p3.0_mu0.00816.csv
BFP,35.0,l2,none,5.0,2.0,0.0282842712474619,0.3055907739120796,31.20759277274866,2.348313668189394,8.95255169281492,0.9025964438247548,83,0.0090041813844477,PGNN_ALL_RESULTS_May12/male_pgnn_target-BFP_l2_fw-none_80pct_knn35/bfp/results_knn35_l2_fw-none_K5_p2.0_mu0.0283.csv
BFP,35.0,l2,none,400.0,10000.0,5e-13,0.3169624467638439,32.368892673788494,2.435699365838569,9.28569499731228,0.8952123844899882,70,0.0086949047439844,PGNN_ALL_RESULTS_May12/male_pgnn_target-BFP_l2_fw-none_80pct_knn35/bfp/results_knn35_l2_fw-none_K400_p10000.0_mu5e-13.csv
BFP,35.0,l2,none,3200.0,1000000.0,1.7677669529663694e-18,0.2862135786794587,29.228751559199264,2.1994094219101696,8.384879247624824,0.9145573313483668,97,0.0093284929847445,PGNN_ALL_RESULTS_May12/male_pgnn_target-BFP_l2_fw-none_80pct_knn35/bfp/results_knn35_l2_fw-none_K3200_p1000000.0_mu1.77e-18.csv
BFP,35.0,l2,none,40.0,10.0,5e-05,0.290352400006664,29.651416971787118,2.2312144447099005,8.506130558539043,0.9120683592548996,116,0.0097023139142105,PGNN_ALL_RESULTS_May12/male_pgnn_target-BFP_l2_fw-none_80pct_knn35/bfp/results_knn35_l2_fw-none_K40_p10.0_mu5e-05.csv
BFP,35.0,l2,none,80.0,10.0,3.535533905932738e-05,0.3110551211001735,31.76562376181252,2.3903043362609013,9.112634066655485,0.8990819040185762,51,0.0082767809973118,PGNN_ALL_RESULTS_May12/male_pgnn_target-BFP_l2_fw-none_80pct_knn35/bfp/results_knn35_l2_fw-none_K80_p10.0_mu3.54e-05.csv
BFP,35.0,l2,none,800.0,10000.0,3.5355339059327374e-13,0.2934474862968243,29.967493898139708,2.254998382151132,8.596802827872413,0.910183707539572,103,0.0094575304037343,PGNN_ALL_RESULTS_May12/male_pgnn_target-BFP_l2_fw-none_80pct_knn35/bfp/results_knn35_l2_fw-none_K800_p10000.0_mu3.54e-13.csv
BFP,35.0,l2,none,10.0,3.0,0.01,0.3007997676611015,30.718324820911757,2.311497150035588,8.81219489704856,0.9056266591658833,100,0.0093940336813573,PGNN_ALL_RESULTS_May12/male_pgnn_target-BFP_l2_fw-none_80pct_knn35/bfp/results_knn35_l2_fw-none_K10_p3.0_mu0.01.csv
BFP,35.0,l2,none,200.0,100.0,7.071067811865477e-08,0.2647809052165625,27.040000449672,2.034710031538816,7.756990466816632,0.9268746998607778,104,0.0094781926034759,PGNN_ALL_RESULTS_May12/male_pgnn_target-BFP_l2_fw-none_80pct_knn35/bfp/results_knn35_l2_fw-none_K200_p100.0_mu7.07e-08.csv
BFP,35.0,l2,none,100.0,100.0,1.0000000000000001e-07,0.290836551327394,29.700859554965614,2.234934882804805,8.520314104296041,0.9117748695936518,60,0.0084665398864587,PGNN_ALL_RESULTS_May12/male_pgnn_target-BFP_l2_fw-none_80pct_knn35/bfp/results_knn35_l2_fw-none_K100_p100.0_mu1e-07.csv
BFP,35.0,l2,none,10.0,2.0,0.02,0.2765705269511738,28.243982197315827,2.125307486967894,8.102378058752626,0.920217777410086,78,0.0088847922325062,PGNN_ALL_RESULTS_May12/male_pgnn_target-BFP_l2_fw-none_80pct_knn35/bfp/results_knn35_l2_fw-none_K10_p2.0_mu0.02.csv
BFP,35.0,l2,none,1600.0,1000000.0,2.500000000000001e-18,0.2716548792047428,27.741985585569186,2.087533148385092,7.958369733371984,0.9230286052632136,96,0.0093062416663153,PGNN_ALL_RESULTS_May12/male_pgnn_target-BFP_l2_fw-none_80pct_knn35/bfp/results_knn35_l2_fw-none_K1600_p1000000.0_mu2.5e-18.csv
BFP,35.0,l2,none,15.0,5.0,0.0024494897427831,0.3061847305510856,31.26824891323837,2.352877996959779,8.969952430124165,0.902217442121806,62,0.0085109993808483,PGNN_ALL_RESULTS_May12/male_pgnn_target-BFP_l2_fw-none_80pct_knn35/bfp/results_knn35_l2_fw-none_K15_p5.0_mu0.00245.csv
BFP,35.0,l2,none,30.0,5.0,0.0017320508075688,0.2926540974595994,29.886471308924754,2.248901703552991,8.573560264051533,0.9106687204701738,53,0.0083173156107196,PGNN_ALL_RESULTS_May12/male_pgnn_target-BFP_l2_fw-none_80pct_knn35/bfp/results_knn35_l2_fw-none_K30_p5.0_mu0.00173.csv
BFP,10.0,l2,none,1600.0,1000000.0,2.500000000000001e-18,0.245590394103211,26.499460553364194,2.214767244878139,6.730106928581811,0.924828240504131,92,0.0092155026994788,PGNN_ALL_RESULTS_May12/penn_data_pgnn_target-BFP_l2_fw-none_80pct_knn10/bfp/results_knn10_l2_fw-none_K1600_p1000000.0_mu2.5e-18.csv
BFP,10.0,l2,none,3200.0,1000000.0,1.7677669529663694e-18,0.2315364165798544,24.98302167000321,2.08802664003364,6.344974890545217,0.9331855221664564,129,0.009882689784668,PGNN_ALL_RESULTS_May12/penn_data_pgnn_target-BFP_l2_fw-none_80pct_knn10/bfp/results_knn10_l2_fw-none_K3200_p1000000.0_mu1.77e-18.csv
BFP,10.0,l2,none,15.0,3.0,0.0081649658092772,0.2546767955921987,27.47989278365846,2.296709688455069,6.979108898670259,0.9191629014475988,62,0.0085109993808483,PGNN_ALL_RESULTS_May12/penn_data_pgnn_target-BFP_l2_fw-none_80pct_knn10/bfp/results_knn10_l2_fw-none_K15_p3.0_mu0.00816.csv
BFP,10.0,l2,none,30.0,5.0,0.0017320508075688,0.2461334665015604,26.558058633513987,2.219664765550847,6.744989231852501,0.9244954193083924,110,0.0095961628708421,PGNN_ALL_RESULTS_May12/penn_data_pgnn_target-BFP_l2_fw-none_80pct_knn10/bfp/results_knn10_l2_fw-none_K30_p5.0_mu0.00173.csv
BFP,10.0,l2,none,100.0,100.0,1.0000000000000001e-07,0.2501185256503967,26.988050686350675,2.255602405948085,6.8541944601642655,0.922030691309545,64,0.00855614025384,PGNN_ALL_RESULTS_May12/penn_data_pgnn_target-BFP_l2_fw-none_80pct_knn10/bfp/results_knn10_l2_fw-none_K100_p100.0_mu1e-07.csv
BFP,10.0,l2,none,40.0,10.0,5e-05,0.2287345242813861,24.68069455859823,2.062758854801528,6.26819260254009,0.9347928222144684,169,0.0099036200483983,PGNN_ALL_RESULTS_May12/penn_data_pgnn_target-BFP_l2_fw-none_80pct_knn10/bfp/results_knn10_l2_fw-none_K40_p10.0_mu5e-05.csv
BFP,10.0,l2,none,200.0,100.0,7.071067811865477e-08,0.2285108480325239,24.65655965725125,2.0607414573604523,6.262062251584573,0.9349202902090286,113,0.0096508436642295,PGNN_ALL_RESULTS_May12/penn_data_pgnn_target-BFP_l2_fw-none_80pct_knn10/bfp/results_knn10_l2_fw-none_K200_p100.0_mu7.07e-08.csv
BFP,10.0,l2,none,10.0,3.0,0.01,0.2251588103409704,24.29487128216202,2.0305124775630548,6.17020417175749,0.9368156016810738,187,0.0096508436642295,PGNN_ALL_RESULTS_May12/penn_data_pgnn_target-BFP_l2_fw-none_80pct_knn10/bfp/results_knn10_l2_fw-none_K10_p3.0_mu0.01.csv
BFP,10.0,l2,none,5.0,2.0,0.0282842712474619,0.2418157477363363,26.09217225991465,2.1807268179593167,6.62666684313353,0.9271212150378332,68,0.0086481693832561,PGNN_ALL_RESULTS_May12/penn_data_pgnn_target-BFP_l2_fw-none_80pct_knn10/bfp/results_knn10_l2_fw-none_K5_p2.0_mu0.0283.csv
BFP,10.0,l2,none,80.0,10.0,3.535533905932738e-05,0.24259048872514,26.17576762343384,2.187713607763254,6.647897896905328,0.9266534818104606,96,0.0093062416663153,PGNN_ALL_RESULTS_May12/penn_data_pgnn_target-BFP_l2_fw-none_80pct_knn10/bfp/results_knn10_l2_fw-none_K80_p10.0_mu3.54e-05.csv
BFP,10.0,l2,none,800.0,10000.0,3.5355339059327374e-13,0.253212375671118,27.32188034154344,2.2835032270629543,6.938977865703855,0.9200898732958172,97,0.0093284929847445,PGNN_ALL_RESULTS_May12/penn_data_pgnn_target-BFP_l2_fw-none_80pct_knn10/bfp/results_knn10_l2_fw-none_K800_p10000.0_mu3.54e-13.csv
BFP,10.0,l2,none,10.0,2.0,0.02,0.2413608662504544,26.043090071518808,2.176624784040819,6.614201819118026,0.9273951428510816,124,0.0098220893366632,PGNN_ALL_RESULTS_May12/penn_data_pgnn_target-BFP_l2_fw-none_80pct_knn10/bfp/results_knn10_l2_fw-none_K10_p2.0_mu0.02.csv
BFP,10.0,l2,none,15.0,5.0,0.0024494897427831,0.2412694671151607,26.033228009164247,2.17580041551369,6.6116967755975535,0.9274501208165828,77,0.0088609061729741,PGNN_ALL_RESULTS_May12/penn_data_pgnn_target-BFP_l2_fw-none_80pct_knn10/bfp/results_knn10_l2_fw-none_K15_p5.0_mu0.00245.csv
BFP,10.0,l2,none,400.0,10000.0,5e-13,0.2350694590037943,25.36424064515259,2.1198882044241643,6.441793974246232,0.9311309044948474,115,0.0096855290063012,PGNN_ALL_RESULTS_May12/penn_data_pgnn_target-BFP_l2_fw-none_80pct_knn10/bfp/results_knn10_l2_fw-none_K400_p10000.0_mu5e-13.csv
BFP,35.0,l2,none,15.0,3.0,0.0081649658092772,0.3166010523646714,32.444443637699,2.341089964623069,6.649225586987258,0.8945357519475827,80,0.0089325881917434,PGNN_ALL_RESULTS_May12/female_pgnn_target-BFP_l2_fw-none_80pct_knn35/bfp/results_knn35_l2_fw-none_K15_p3.0_mu0.00816.csv
BFP,35.0,l2,none,5.0,2.0,0.0282842712474619,0.3230195494980172,33.10219435244302,2.3885512798736186,6.7840264688520575,0.8902162234096209,74,0.0087894223403149,PGNN_ALL_RESULTS_May12/female_pgnn_target-BFP_l2_fw-none_80pct_knn35/bfp/results_knn35_l2_fw-none_K5_p2.0_mu0.0283.csv
BFP,35.0,l2,none,400.0,10000.0,5e-13,0.3030129672164346,31.05197238896661,2.240613643181249,6.363850083476921,0.903394249054652,54,0.0083379574330586,PGNN_ALL_RESULTS_May12/female_pgnn_target-BFP_l2_fw-none_80pct_knn35/bfp/results_knn35_l2_fw-none_K400_p10000.0_mu5e-13.csv
BFP,35.0,l2,none,3200.0,1000000.0,1.7677669529663694e-18,0.3297433976690067,33.7912366388876,2.4382706020203786,6.925240601577251,0.8855982232339121,49,0.0082372966913313,PGNN_ALL_RESULTS_May12/female_pgnn_target-BFP_l2_fw-none_80pct_knn35/bfp/results_knn35_l2_fw-none_K3200_p1000000.0_mu1.77e-18.csv
BFP,35.0,l2,none,40.0,10.0,5e-05,0.3234239733550614,33.14363864625572,2.391541766100841,6.792520126866085,0.8899411504454203,52,0.0082969208501282,PGNN_ALL_RESULTS_May12/female_pgnn_target-BFP_l2_fw-none_80pct_knn35/bfp/results_knn35_l2_fw-none_K40_p10.0_mu5e-05.csv
BFP,35.0,l2,none,80.0,10.0,3.535533905932738e-05,0.3101110633953793,31.77936662752864,2.2931001587180218,6.512923671998797,0.8988152477197404,65,0.0085789432410379,PGNN_ALL_RESULTS_May12/female_pgnn_target-BFP_l2_fw-none_80pct_knn35/bfp/results_knn35_l2_fw-none_K80_p10.0_mu3.54e-05.csv
BFP,35.0,l2,none,800.0,10000.0,3.5355339059327374e-13,0.3063639266871021,31.395369907282685,2.2653920470731124,6.434226361045138,0.9012457473119814,69,0.008671485117228,PGNN_ALL_RESULTS_May12/female_pgnn_target-BFP_l2_fw-none_80pct_knn35/bfp/results_knn35_l2_fw-none_K800_p10000.0_mu3.54e-13.csv
BFP,35.0,l2,none,10.0,3.0,0.01,0.3184819119190955,32.63718918086179,2.3549979392552176,6.688727384092326,0.8932789484428213,80,0.0089325881917434,PGNN_ALL_RESULTS_May12/female_pgnn_target-BFP_l2_fw-none_80pct_knn35/bfp/results_knn35_l2_fw-none_K10_p3.0_mu0.01.csv
BFP,35.0,l2,none,200.0,100.0,7.071067811865477e-08,0.2964321302049305,30.377585510230976,2.1919520545918765,6.225640153554814,0.907544851137688,58,0.0084228335616671,PGNN_ALL_RESULTS_May12/female_pgnn_target-BFP_l2_fw-none_80pct_knn35/bfp/results_knn35_l2_fw-none_K200_p100.0_mu7.07e-08.csv
BFP,35.0,l2,none,100.0,100.0,1.0000000000000001e-07,0.3136527385536383,32.14230818819919,2.319288860894227,6.587305516025046,0.8964908553242164,39,0.0080576450044444,PGNN_ALL_RESULTS_May12/female_pgnn_target-BFP_l2_fw-none_80pct_knn35/bfp/results_knn35_l2_fw-none_K100_p100.0_mu1e-07.csv
BFP,35.0,l2,none,10.0,2.0,0.02,0.3060939469519458,31.367703093685016,2.263395820376749,6.428556625226581,0.9014197227511752,78,0.0088847922325062,PGNN_ALL_RESULTS_May12/female_pgnn_target-BFP_l2_fw-none_80pct_knn35/bfp/results_knn35_l2_fw-none_K10_p2.0_mu0.02.csv
BFP,35.0,l2,none,1600.0,1000000.0,2.500000000000001e-18,0.3274730841732785,33.558580879527646,2.4214827331977213,6.877559252883514,0.8871681334997387,68,0.0086481693832561,PGNN_ALL_RESULTS_May12/female_pgnn_target-BFP_l2_fw-none_80pct_knn35/bfp/results_knn35_l2_fw-none_K1600_p1000000.0_mu2.5e-18.csv
BFP,35.0,l2,none,15.0,5.0,0.0024494897427831,0.3286021365424615,33.6742831985262,2.4298315211755326,6.901271701136793,0.886388755263875,49,0.0082372966913313,PGNN_ALL_RESULTS_May12/female_pgnn_target-BFP_l2_fw-none_80pct_knn35/bfp/results_knn35_l2_fw-none_K15_p5.0_mu0.00245.csv
BFP,35.0,l2,none,30.0,5.0,0.0017320508075688,0.334084160863516,34.23606664105272,2.470368063717774,7.0164046605501085,0.8825664136297967,51,0.0082767809973118,PGNN_ALL_RESULTS_May12/female_pgnn_target-BFP_l2_fw-none_80pct_knn35/bfp/results_knn35_l2_fw-none_K30_p5.0_mu0.00173.csv
BFP,15.0,l2,none,400.0,10000.0,5e-13,0.2431466947201246,26.235782832405917,2.192729640701307,6.663140328410695,0.9263167617588488,83,0.0090041813844477,PGNN_ALL_RESULTS_May12/penn_data_pgnn_target-BFP_l2_fw-none_80pct_knn15/bfp/results_knn15_l2_fw-none_K400_p10000.0_mu5e-13.csv
BFP,15.0,l2,none,800.0,10000.0,3.5355339059327374e-13,0.2408847753171747,25.9917193615514,2.1723314180365203,6.601155386198589,0.9276812905024232,171,0.009882689784668,PGNN_ALL_RESULTS_May12/penn_data_pgnn_target-BFP_l2_fw-none_80pct_knn15/bfp/results_knn15_l2_fw-none_K800_p10000.0_mu3.54e-13.csv
BFP,15.0,l2,none,5.0,2.0,0.0282842712474619,0.2469036963403986,26.641167239230622,2.2266107790306107,6.7660963768828815,0.9240221242627208,97,0.0093284929847445,PGNN_ALL_RESULTS_May12/penn_data_pgnn_target-BFP_l2_fw-none_80pct_knn15/bfp/results_knn15_l2_fw-none_K5_p2.0_mu0.0283.csv
BFP,15.0,l2,none,10.0,3.0,0.01,0.2491462647754304,26.88314272039448,2.246834605813432,6.82755137495018,0.9226356778497472,61,0.0084886799280466,PGNN_ALL_RESULTS_May12/penn_data_pgnn_target-BFP_l2_fw-none_80pct_knn15/bfp/results_knn15_l2_fw-none_K10_p3.0_mu0.01.csv
BFP,15.0,l2,none,15.0,5.0,0.0024494897427831,0.2315779761885989,24.987505995282135,2.0884014194015306,6.346113748466455,0.9331615342961462,116,0.0097023139142105,PGNN_ALL_RESULTS_May12/penn_data_pgnn_target-BFP_l2_fw-none_80pct_knn15/bfp/results_knn15_l2_fw-none_K15_p5.0_mu0.00245.csv
BFP,15.0,l2,none,30.0,5.0,0.0017320508075688,0.2267367635707247,24.46513408710444,2.044742671811623,6.21344606506652,0.9359268832688332,186,0.0096683692864933,PGNN_ALL_RESULTS_May12/penn_data_pgnn_target-BFP_l2_fw-none_80pct_knn15/bfp/results_knn15_l2_fw-none_K30_p5.0_mu0.00173.csv
BFP,15.0,l2,none,1600.0,1000000.0,2.500000000000001e-18,0.2425557719774312,26.172021650022256,2.187400712864517,6.646947089938694,0.9266744733207082,98,0.009350549257611,PGNN_ALL_RESULTS_May12/penn_data_pgnn_target-BFP_l2_fw-none_80pct_knn15/bfp/results_knn15_l2_fw-none_K1600_p1000000.0_mu2.5e-18.csv
BFP,15.0,l2,none,200.0,100.0,7.071067811865477e-08,0.2451645841973121,26.4535152188742,2.210927104342856,6.718437731069972,0.9250886833533876,102,0.0094366095580143,PGNN_ALL_RESULTS_May12/penn_data_pgnn_target-BFP_l2_fw-none_80pct_knn15/bfp/results_knn15_l2_fw-none_K200_p100.0_mu7.07e-08.csv
BFP,15.0,l2,none,3200.0,1000000.0,1.7677669529663694e-18,0.237538656381035,25.63066962636577,2.1421555388924323,6.509458665573281,0.9296764874840876,117,0.0097187152693702,PGNN_ALL_RESULTS_May12/penn_data_pgnn_target-BFP_l2_fw-none_80pct_knn15/bfp/results_knn15_l2_fw-none_K3200_p1000000.0_mu1.77e-18.csv
BFP,15.0,l2,none,80.0,10.0,3.535533905932738e-05,0.2480785125097352,26.7679311334394,2.2372055055268145,6.798291020524749,0.92329736884895,68,0.0086481693832561,PGNN_ALL_RESULTS_May12/penn_data_pgnn_target-BFP_l2_fw-none_80pct_knn15/bfp/results_knn15_l2_fw-none_K80_p10.0_mu3.54e-05.csv
BFP,15.0,l2,none,40.0,10.0,5e-05,0.2496436571733626,26.93681188069156,2.2513201105452545,6.84118166794988,0.9223264712344534,59,0.0084445881687844,PGNN_ALL_RESULTS_May12/penn_data_pgnn_target-BFP_l2_fw-none_80pct_knn15/bfp/results_knn15_l2_fw-none_K40_p10.0_mu5e-05.csv
BFP,15.0,l2,none,100.0,100.0,1.0000000000000001e-07,0.2541909217861664,27.42746649148249,2.292328122272773,6.965794448138402,0.9194710501547924,83,0.0090041813844477,PGNN_ALL_RESULTS_May12/penn_data_pgnn_target-BFP_l2_fw-none_80pct_knn15/bfp/results_knn15_l2_fw-none_K100_p100.0_mu1e-07.csv
BFP,15.0,l2,none,15.0,3.0,0.0081649658092772,0.23516128396796,25.374148654888103,2.1207160515752204,6.444309588408403,0.9310770894445748,137,0.0099544836035988,PGNN_ALL_RESULTS_May12/penn_data_pgnn_target-BFP_l2_fw-none_80pct_knn15/bfp/results_knn15_l2_fw-none_K15_p3.0_mu0.00816.csv
BFP,15.0,l2,none,10.0,2.0,0.02,0.2509877974107742,27.081846019056552,2.263441864267507,6.878016553828457,0.9214877943399372,59,0.0084445881687844,PGNN_ALL_RESULTS_May12/penn_data_pgnn_target-BFP_l2_fw-none_80pct_knn15/bfp/results_knn15_l2_fw-none_K10_p2.0_mu0.02.csv
BFP,30.0,l2,none,40.0,10.0,5e-05,0.2477279016577883,26.730099855572544,2.2340434674767837,6.788682401723758,0.9235140242192394,108,0.00955804983431,PGNN_ALL_RESULTS_May12/penn_data_pgnn_target-BFP_l2_fw-none_80pct_knn30/bfp/results_knn30_l2_fw-none_K40_p10.0_mu5e-05.csv
BFP,30.0,l2,none,15.0,5.0,0.0024494897427831,0.2396602328653329,25.85958994941786,2.1612882325629523,6.567597991288966,0.9284146887694532,85,0.0090517171631665,PGNN_ALL_RESULTS_May12/penn_data_pgnn_target-BFP_l2_fw-none_80pct_knn30/bfp/results_knn30_l2_fw-none_K15_p5.0_mu0.00245.csv
BFP,30.0,l2,none,5.0,2.0,0.0282842712474619,0.2395901095770692,25.85202357322468,2.160655860372578,6.565676375159902,0.9284565735909114,130,0.0098933973470633,PGNN_ALL_RESULTS_May12/penn_data_pgnn_target-BFP_l2_fw-none_80pct_knn30/bfp/results_knn30_l2_fw-none_K5_p2.0_mu0.0283.csv
BFP,30.0,l2,none,1600.0,1000000.0,2.500000000000001e-18,0.2397159004549981,25.865596540603228,2.1617904694285466,6.569124159700903,0.928381429646786,175,0.0098351298783183,PGNN_ALL_RESULTS_May12/penn_data_pgnn_target-BFP_l2_fw-none_80pct_knn30/bfp/results_knn30_l2_fw-none_K1600_p1000000.0_mu2.5e-18.csv
BFP,30.0,l2,none,15.0,3.0,0.0081649658092772,0.2374499569003846,25.621098859572616,2.141355645592892,6.507027995962372,0.9297289967853384,107,0.0095385245205017,PGNN_ALL_RESULTS_May12/penn_data_pgnn_target-BFP_l2_fw-none_80pct_knn30/bfp/results_knn30_l2_fw-none_K15_p3.0_mu0.00816.csv
BFP,30.0,l2,none,30.0,5.0,0.0017320508075688,0.2303737056047228,24.8575639389182,2.0775412154309008,6.3131123871913255,0.9338548844149248,101,0.0094154404840178,PGNN_ALL_RESULTS_May12/penn_data_pgnn_target-BFP_l2_fw-none_80pct_knn30/bfp/results_knn30_l2_fw-none_K30_p5.0_mu0.00173.csv
BFP,30.0,l2,none,800.0,10000.0,3.5355339059327374e-13,0.2389484673406149,25.78278970438228,2.154869473757881,6.548093037345475,0.92883925896237,118,0.0097347245058564,PGNN_ALL_RESULTS_May12/penn_data_pgnn_target-BFP_l2_fw-none_80pct_knn30/bfp/results_knn30_l2_fw-none_K800_p10000.0_mu3.54e-13.csv
BFP,30.0,l2,none,10.0,3.0,0.01,0.2420262589527741,26.114886640484805,2.182625478544234,6.632436383380763,0.9269942714481434,93,0.0092384257269977,PGNN_ALL_RESULTS_May12/penn_data_pgnn_target-BFP_l2_fw-none_80pct_knn30/bfp/results_knn30_l2_fw-none_K10_p3.0_mu0.01.csv
BFP,30.0,l2,none,10.0,2.0,0.02,0.2418050352000938,26.09101636604258,2.180630605304389,6.626374477668472,0.9271276720145974,130,0.0098933973470633,PGNN_ALL_RESULTS_May12/penn_data_pgnn_target-BFP_l2_fw-none_80pct_knn30/bfp/results_knn30_l2_fw-none_K10_p2.0_mu0.02.csv
BFP,30.0,l2,none,400.0,10000.0,5e-13,0.2471204217875508,26.664552141798545,2.228565152480176,6.772035214169001,0.9238886830369104,89,0.0091459335569017,PGNN_ALL_RESULTS_May12/penn_data_pgnn_target-BFP_l2_fw-none_80pct_knn30/bfp/results_knn30_l2_fw-none_K400_p10000.0_mu5e-13.csv
BFP,30.0,l2,none,100.0,100.0,1.0000000000000001e-07,0.238039787244086,25.684742170961755,2.146674853941166,6.523191699413415,0.929379454091756,108,0.00955804983431,PGNN_ALL_RESULTS_May12/penn_data_pgnn_target-BFP_l2_fw-none_80pct_knn30/bfp/results_knn30_l2_fw-none_K100_p100.0_mu1e-07.csv
BFP,30.0,l2,none,3200.0,1000000.0,1.7677669529663694e-18,0.2468746573890763,26.638033905991406,2.2263487893432945,6.765300257735869,0.9240399951016152,76,0.0088370421783673,PGNN_ALL_RESULTS_May12/penn_data_pgnn_target-BFP_l2_fw-none_80pct_knn30/bfp/results_knn30_l2_fw-none_K3200_p1000000.0_mu1.77e-18.csv
BFP,30.0,l2,none,200.0,100.0,7.071067811865477e-08,0.2506117633658251,27.041271552057392,2.2600506804235736,6.867711620008917,0.9217228746622323,66,0.0086018887790109,PGNN_ALL_RESULTS_May12/penn_data_pgnn_target-BFP_l2_fw-none_80pct_knn30/bfp/results_knn30_l2_fw-none_K200_p100.0_mu7.07e-08.csv
BFP,30.0,l2,none,80.0,10.0,3.535533905932738e-05,0.2284959462019859,24.654951734140266,2.0606072025536006,6.261654285822988,0.9349287779914968,134,0.0099313251441108,PGNN_ALL_RESULTS_May12/penn_data_pgnn_target-BFP_l2_fw-none_80pct_knn30/bfp/results_knn30_l2_fw-none_K80_p10.0_mu3.54e-05.csv
