Height (cm),Weight (kg),Abdomen Circumference,Ankle Circumference Left,Arm Length Left,Arm Volume Left,Bicep Circumference Left,Calf Circumference Left,Chest,Collar Circumference,Forearm Circumference Left,Head Circumference,Hip Circumference,Horizontal Waist,Inseam Left,Leg Volume Left,MidThigh Circumference Left,Narrow Waist,Outside Leg Length Left,Seat Circumference,Surface Area Arm Left,Surface Area Leg Left,Surface Area Torso,Surface Area Total,Thigh Circumference Left,Torso Volume,Upper Arm Circumference Left,Volume,Waist Circumference,Ankle Circumference Right,Arm Length Right,Arm Volume Right,Bicep Circumference Right,Calf Circumference Right,Forearm Circumference Right,Inseam Right,Leg Volume Right,MidThigh Circumference Right,Outside Leg Length Right,1  Surface Area Arm Right,1  Surface Area Leg Right,1  Thigh Circumference Right,Upper Arm Circumference Right,ALM_scaled,BMD_scaled,BFP_scaled,Age_scaled
0.7652676559515126,1.054556288341378,0.879472638551447,1.6913031873772757,0.8233940174638474,1.8677499765423684,1.1602555208132943,1.1154378296552712,1.0568055946141863,0.23197214817548156,1.7460592911736526,0.29729359349493867,1.1029423561393759,0.9520964688122299,0.4011821193848492,0.9378620405671738,0.6951794214796889,0.8474666919125527,0.5675677201560352,1.0621509192775735,1.370156918180437,0.8993508215487704,1.1334625130744092,1.1347869605530123,0.9497674684223597,1.1105394734252847,1.0815818033582683,1.1923005090318701,1.0188365723002881,1.699918161964445,0.8378979602264826,1.9870075869709047,1.2085172100170525,0.8986655249273594,1.409456314472053,0.41224931780861046,0.9013920224083904,0.7616153955082822,0.7015514894950158,1.4277000974422818,0.9298051560202265,1.0003047332213084,1.5433154324184226,0.7148054085944014,0.10788535936203285,1.3420726864226815,-0.7454410604254065
0.3498086468305876,-0.02823453746485463,-0.014719141747413884,-0.6723091043903648,0.27608769049959153,0.20003889131318356,0.4887836093759547,0.22825049289785906,0.22256384546544491,0.41706733318732664,0.7145767228931248,-0.8109895317262361,-0.24237379096820524,0.08955389249862694,-0.05354163005328904,-0.19505158445023427,-0.08832666282608446,0.527197920054935,-0.3258090254075723,-0.14138643642908197,0.48443757953187944,0.015762834840622953,0.1227218645469413,0.13854812172907413,-0.3798627926309229,0.12621398136322695,0.29221072424138167,0.08362053522378055,0.1130554833325753,0.38372115706788174,0.1976933039959086,0.5643257260386935,0.2920129174030407,0.23603631771003264,0.3583693926151389,-0.08319702396419808,-0.16361838926510588,-0.09871115114197644,-0.28092879337719523,0.35011970086193167,0.032294966115674,-0.36546485196281914,0.4490462288311585,-0.39513954816862923,-0.09956185982668238,0.27387117129428457,1.4854933902935208
0.2557424560862283,-0.39978040906503254,-0.7073101805553313,-0.29995922281053117,0.1272425576596504,-0.736858739506692,-0.7961435186011635,-0.45237796011069004,-0.471499270590467,-0.8714247299183799,-0.9113195288032994,1.9397372153671828,-0.594409564487981,-0.7658602327710614,0.5631588798056251,-0.3114984128662116,-0.4320871670514098,-0.7876622477221965,0.44820102497288145,-0.5520090793431792,-0.4299799747161388,-0.19900559738054452,-0.4941151562773759,-0.2950228701052951,-0.5594602866834489,-0.6004632256983066,-0.6431335697416436,-0.517694533969811,-0.751381590772849,-0.8264086899249298,0.5770738410214336,0.3146197023411249,-0.4143921455591033,-0.49250272184152233,-0.4941250693517596,0.5736952109423513,-0.2588946719963177,-0.41944692511246745,0.4512414556154077,0.022002900097539854,-0.09411342149366331,-0.3696415173609362,-0.4625119672228295,-0.18702486877556093,0.17703443242493794,-0.33713434484488775,-0.7939396354410353
-0.049972663832942674,-0.659862519185157,-0.502887655746476,-1.0053425388468633,0.02092460563112179,-0.6367129811835873,-0.7010341827035234,-0.6194310464212465,-0.35571367109847785,-0.5830206044348091,-0.5108054961273467,-1.1613242215497555,-0.6220670791874008,-0.6124435689998667,0.22880318168934566,-0.5200519862026715,-0.5236078207737369,-0.6894097181426251,0.10294757926375715,-0.5448411030329589,-0.2937197952828324,-0.32432248337415814,-0.6131422200722876,-0.4772652026009482,-0.5545898461667703,-0.662587265442589,-0.701708808828056,-0.6535508154783304,-0.5367714372892093,-1.1928225081378914,0.027590617557832618,-0.4445734030402992,-0.7520516217853186,-0.924447515889052,-0.6701135094168964,0.22710494494881647,-0.5703713473707405,-0.5251010624203932,0.04388465529741505,-0.3002254831991993,-0.4659756528722023,-0.5343214673438187,-0.5054440618891181,-0.5107588144981116,0.03873628629912777,-0.751635654427574,-0.5514467603628911
-1.257155445052232,-0.909329032973848,-0.46150150041707594,-0.357777527403673,-1.0182178124564185,-0.5208218190253451,-0.6620393549854905,-0.9648245897390171,-0.582081022914276,-0.6734159273475695,-0.16273972963515063,-0.6111788721310725,-0.9085442993455883,-0.30654003941972885,-1.2572221432718962,-1.0097995526270687,-0.679118525066145,-0.3874124693296294,-1.1308651220688455,-0.8308774910313074,-0.8980914443502833,-1.1564658291842702,-0.9003362362162308,-1.0619269147355461,-0.7122703578942431,-0.779148300516921,-0.6979897460289188,-0.8590759513669448,-0.47144158174345463,-0.17795265637698815,-1.5249829932042376,-0.864430538629004,-0.3940253835010144,-0.7667347028035785,-0.12277331508587631,-1.2384979106093121,-1.0004154365004838,-0.6881103028383377,-1.1251221624572463,-0.9030103723292932,-1.1314281271246036,-0.7574747329003346,-0.6651913908799596,-1.0194835863478338,-1.2059470288331628,-0.06252702457741684,-0.8424382104566641
0.7417511082654217,-0.5377831613736701,-0.5088447538620714,-1.0585353790725531,0.47023351594299384,0.2369535377141285,-0.7761705580626589,-0.49639870582766094,-0.6041973733790381,-0.9847775951581913,-0.10393409785336441,-1.017460546641238,-0.7535256367093344,-0.4376415520969308,0.8440176662232999,-0.6345886193524897,-1.2230339549118434,-0.6218395574493071,1.1194379566306185,-0.6789846596956681,0.14826653174735255,-0.13649227879005302,-0.1474675714922971,-0.1043454275036353,-0.8809093607842425,-0.41628200498692464,-0.842103429495488,-0.41852287866396404,-0.41084577370101477,-0.44312055113636933,0.403878378466303,0.17729862366224688,-0.6662968341723112,-0.5160419476751755,0.14201663143414522,0.823269825557354,-0.555372785781838,-0.976395163207108,1.141604032996427,-0.05834741183563994,-0.10671930722604445,-0.8392180414063303,-1.0336086683650878,-0.0482817491801822,0.5919288708023683,-1.6817658084616436,1.7764848403872942
0.16167626534186905,0.4760062882782436,0.9440601233836928,-0.6098653354297725,0.6579078138716155,0.7075149383096625,0.8302261252484832,0.2451815489428485,0.8616613258074632,1.3712401861553594,1.0546957823877825,-1.1213620896307233,0.6351547618405464,0.5107523693977236,0.04973713003151626,0.03951597759761364,0.050814493646070186,0.9695066760219139,-0.016954392579410237,0.7443706361911026,0.7732039832241029,0.19405405142045762,0.4649121806122442,0.45718445254515766,0.20946050988719905,0.664867172413535,0.9449062454899734,0.5556957770910452,0.6890312629026368,-0.1466146324508806,0.6337747365007932,0.49790282751716414,1.0370076347910377,0.4231731630875731,0.7910749149771251,0.08343291160961651,0.15675326944974174,0.14655738189428139,0.12106804904187675,0.8957534612591606,0.31185840666164344,0.3380049343771045,1.3665949497223033,-0.34889184163683606,0.6610779438652734,1.2253929417595943,1.7279862653716653
0.9612388866689296,-0.325471234744997,-0.5944388478387853,0.6020063288424822,0.6634548374557128,-0.5941033041154375,-0.9863621903964438,-0.2717800289641421,-0.39994637202800126,-1.072303225280071,-0.9431063567934547,2.9787526452620345,0.09532104900372261,-0.6511851507602693,0.726621665551363,0.05903530240406213,-0.2981545030675172,-0.9531401922772622,0.833600220183065,-0.10827721251996526,-0.2941893341506246,0.37694218162734966,0.069889238791123,0.1485793654983291,-0.16373699470330533,-0.3018279106440022,-0.6152405987481143,-0.2744185246437549,-0.5493955639647177,0.1860505446108887,0.6492386170860719,-0.7761171842272185,-0.9825176134952746,-0.3748065926732581,-0.9623511942956997,0.7218107092301865,-0.010183788270378526,-0.38171330464535086,0.863958213832321,-0.29427798461983157,0.36749450993620303,-0.1608082474551063,-0.7420697929568023,-0.2563964285732501,-0.16871093288958747,-0.5390099623341538,-0.35745246030037564
0.02841582845402413,-0.4475505925564839,-0.5555609443475311,-1.37537968824297,0.34172746957807565,0.07012710603615721,-0.46326084295942294,-0.45915038252868584,-0.1709770966281131,-0.7049825480472647,0.31247334881766586,-0.36474572529703636,-0.4711458261362453,-0.5808304382833788,0.5809911837051607,-0.23249582830340074,-0.36512083505946297,-0.3870677236118067,0.4396365984126538,-0.42435083458019374,0.2544950051966673,-0.16868636330446865,-0.5982863233190429,-0.2438013205059554,-0.19661246819088685,-0.5040029939965112,-0.2609998671302885,-0.40257884165995417,-0.6598566723754145,-0.910780292802915,0.22140458756000436,0.0180757878868604,-0.4122482758687786,-0.29241930225547286,0.308317634431476,0.5818415633481812,-0.15924040689164953,-0.3575637875463957,0.3177785039322753,0.1526903192123893,-0.08336156597146999,-0.14469825234808537,-0.3826383027274091,-0.14077716224376774,0.10788535936203285,-0.38058805234642723,-0.7454410604254065
-0.38704318066689863,0.008920049695162934,0.46498402229790786,0.22271825071147117,-0.24903054212827477,0.5467035437840052,0.4954412628887902,0.5510692948223117,0.3201359798688065,1.0240073584587213,0.5397491689472735,-0.30613459848245533,0.07654125507201838,0.5259390694478018,-1.0684969270018192,-0.3023846835443185,0.16093690625504906,0.27380981745498995,-0.6796268976769227,0.18595114840434968,0.13318494331386563,-0.25661606440634066,0.1738855130018569,-0.04770596328774042,0.009163643638787525,0.22805514415498526,0.24758197065173398,0.14298684071299717,0.5362793301289875,1.174403606895854,-0.543542038725159,0.325757050957538,0.6564707647583199,0.7268291763416944,0.2437347206461051,-1.0851983698814032,-0.21881980411106533,0.14655738189428139,-0.7429571642641822,-0.03534516567437687,-0.2507105878942908,0.08561501103377354,0.4999656899469897,-0.2563964285732501,-0.3070090790153976,0.4463580239165285,1.8734819904185518
-2.48785477395761,-1.7851157303171246,-1.8523271446687393,-1.795834399244299,-2.463587257686009,-1.8881900040791286,-1.74057922406473,-1.7303340703864427,-1.9108183492192539,-2.0769826713676163,-2.2107650570408333,-1.6275490939384705,-2.0184642657892184,-1.673652976580814,-2.268462376908021,-1.9217961138836042,-1.7200729523631797,-1.3428407517044434,-2.3676753726975295,-2.0888232002545934,-2.391841078924129,-2.3423597210902822,-2.055068650919776,-2.3667287488667688,-1.9750538228561108,-1.7201489560438166,-2.005984132485499,-1.8766947184695018,-1.7522223536071386,-1.4613652670123927,-2.7025059535046596,-2.258910214404179,-2.0310842790333163,-1.7935157336675147,-2.0902917835572064,-2.310854118213239,-1.9100030606275975,-1.7416329862802324,-2.4071168927211617,-2.6049481412974838,-2.289347497928238,-1.9460343719072295,-2.2189338494771307,-1.481960651665763,-1.5516923941476874,-2.214503193844066,-1.0364325105191796
0.43603598834625285,0.9218613341984574,1.305561919556409,-0.16119529178699027,-0.011433031942779252,0.8699534844545216,2.3519754996107256,0.8682444113984351,1.2913039576302654,-0.06791074847161531,0.8687428386453772,-0.3780664359367151,1.0240672216262157,1.1588215490857376,-0.008960870304452206,0.362303644486824,0.6244927377104119,0.8498799119373138,-0.03354796903984884,1.1000387940601706,0.6465787413578942,0.4134193972686832,1.042992950101829,0.7502304956914381,0.7190303489447073,1.1142383410850316,0.9560634338873856,0.9900310680535166,1.3568475640370203,-0.27196672815531425,0.09253891601600786,1.1114119541931793,1.0005618500555111,0.8610027635935157,0.6360759218922344,0.033073642191752045,0.4856491952556486,0.8333092743958039,0.04388465529741505,0.593317250387139,0.583671393050272,0.8714247723651385,0.9352771614470323,-0.16390101550966454,0.3153325785507481,1.7134384596412333,1.436994815277892
-0.06565036229033515,-0.2299308677620943,-0.17932316862571043,0.8314293614680686,-0.1262564201335901,-1.0411545333490064,-0.43111388742602047,-0.3311515988285706,-0.2683540867626679,-0.5878990821793071,-0.9402455422743407,0.3617658329909774,-0.023230668325147804,-0.46163033952297206,-0.1291803190938163,-0.15633181598928403,-0.18431173868120815,-0.33597640823042996,0.09598898268357352,-0.026220950378195655,-0.5867646371383791,-0.20112049143149147,-0.12097680423779018,-0.18835346226175873,0.07418402453644878,-0.1826439760557337,-0.1492420300162135,-0.25471677232411877,-0.3320712232458442,0.5273939436829637,0.038518426504764426,-0.61149801769147,-0.20193465924787876,-0.5362856818921166,-0.3643134126431634,-0.12348443949849007,-0.23418069670083583,-0.24481572959065134,0.36419573933693156,-0.004457560469474519,-0.1501720005046423,-0.012596292470511071,0.0530725370951104,-0.2563964285732501,-0.6527544443299222,0.4354713982175206,-0.7939396354410353
-1.8999410818053588,-1.5728038036884515,-1.3716206798881598,-1.4817653686943515,-1.7041997290231028,-1.499958136344192,-0.7535345361190207,-1.4723047762608135,-1.1111171356493028,0.20298825098758064,-0.6493960661644221,-0.7331965815905186,-1.5829096268931702,-1.317850289693277,-1.7615791385637414,-1.5536199991522344,-1.4063728904986834,-1.1957032793375637,-1.8893521493088896,-1.5611236109402182,-1.4919679606448426,-1.8134526455909519,-1.440118473894324,-1.7324907899077577,-1.4344349255047757,-1.3147511705766437,-1.2327909765448588,-1.4706462384766033,-1.3669971281040063,-1.0279362899420588,-1.9682809033155853,-1.8778919687089568,-1.0830651019715247,-1.431247048087598,-1.02402787696073,-1.8013368041030864,-1.6006862487345959,-1.4919873532697896,-1.796939285507999,-1.9772507167273228,-1.7551664413446815,-1.5893471469080713,-1.3928404744332423,-1.5282083581975558,-1.4825433210847825,-0.9400587008706415,-0.9394353604879219
-0.27729929146514687,-0.27239325308782875,-0.5035147187060118,0.07007792658557734,0.5432693264669394,0.20390608832815188,-0.19695470244603014,0.24743902308217985,-0.26985019282351924,-1.2014394008697296,-0.3232632109854327,-0.21821790826058385,-0.05833181043749857,-0.5984965995661221,-0.046111503428483254,-0.0957236389282032,0.05899926755619693,-0.6497639605929746,0.1859154615659502,-0.11510385662493837,0.05909170997625156,0.0030703327099400692,-0.151924840212073,-0.040274722545198954,-0.1576489440574573,-0.46122777205062565,-0.0759764928732088,-0.3325472031597366,-0.650388577368783,-0.4166037616604314,0.020374139951369517,-0.031027996728374873,-0.2536019187847154,0.15482598858393065,-0.02589894440781946,0.0034505425341845855,0.00338707442959952,0.19938445054824483,0.1296439816801501,0.11988060850634094,-0.00642691073315893,-0.005674961239346445,-0.5623540478421053,-0.16390101550966454,0.8685251630539872,-0.58186397262107,-0.6484439103941487
0.13032086842708188,0.4335439029525091,1.001436384181271,-0.20744993546150445,-0.4459498793637245,0.23276091037532023,0.6970730549917864,0.394174842138749,0.3741258942386664,0.2764523864341421,0.04228531090134853,-1.2838747594347895,0.7065179787810248,0.5730488328684515,-0.20957428917422113,0.1094953738858295,0.3417460026333049,0.29828676342042615,0.00927416376128182,0.7450533006016001,-0.17192141297752722,0.13713390589496993,0.5158159882897745,0.2546468242170554,0.37201146213135045,0.47696600373148346,0.6213477819650299,0.4144474052982089,0.8392583703411841,-1.1156827569351624,-0.06209988983678795,0.5853403376594142,0.22876876153844852,0.2725221177521948,-0.04204467285416246,-0.1816938303256094,0.18814940514003217,0.6672813443404907,-0.21339332385079163,-0.07410237495979295,0.21993194156800555,0.48359155682574007,0.45603517447450853,-0.0020340426483890168,0.5919288708023683,1.008069414347581,1.6309891153404075
1.1650489666150428,0.6299324350840318,0.4768982185290987,0.8425304759499522,0.9666921267196924,0.950844615283745,0.27098323017035886,0.6154073077932699,0.6109009403908238,0.18318737073049887,0.8178839138611291,-0.7284011257602345,0.664860981332516,0.5736686981766175,0.802408957124385,0.8053474887331951,0.2807322334850865,0.2365772799300996,1.2339871618736449,0.7194533852079531,0.7655974535658693,1.0946804278862339,0.9204880174403662,0.9834876440214141,0.5723083283797611,0.7529261733051659,0.11462547558257637,0.778814772534248,0.6599957715489675,0.9911966977893715,0.5471770052232272,0.44613760647456635,0.13122269062865274,0.6279644278403521,0.7797729050646852,0.7892032609511512,0.671283150480958,0.17749895067731672,1.3661862689612152,0.6880045787632983,0.977181706678089,0.36962825810570166,0.0986005258575005,0.3910714628718512,0.3153325785507481,0.7636666250221867,-0.35745246030037564
0.780945354408905,0.407004912123925,0.6502811268409044,1.0414254437503603,0.6634548374557128,0.4586637935077575,0.6019637190941463,0.1797147989022254,0.42616436592046,1.4673748946498832,0.23300627884227856,0.2879690960471634,0.39921225989858244,0.9263720585233222,0.7043312856769435,0.254515631838025,0.05155856400153663,0.6395850240652506,0.614136789577266,0.4378543158778366,0.19563361273023266,0.5453649385777648,0.927763559207175,0.6762533322092993,0.110225284359871,0.6227327192289874,0.528371211986598,0.5728189275005285,0.9181591620631103,0.6681739896279447,0.17501294580416532,0.975571334843322,0.4860331243774691,0.19013482733440956,0.0548296978238944,0.7069991594014018,0.2577028347828466,0.15410410598770535,0.7085194347636143,0.19471668334606773,0.6655070707704317,0.20315830866648346,0.2663352212978839,-0.0020340426483890168,-0.5836053712670172,1.390945252616407,2.3099691655592114
0.804461902094996,0.6405480314154657,0.44711272795112156,-0.11031518374502565,1.213534676212016,2.103985272456733,0.8511501791459638,0.29145976879915075,0.37022300886253273,0.36541286295146325,0.7336488196872184,-0.09833151250348497,0.8611951906185208,0.09823200681295716,0.6255719434539975,0.5633643940798428,0.6192842452221489,0.18658915084575706,0.5809496366563888,0.7651919007112682,1.4256564123534792,0.8352921241450867,0.28841033563475266,0.803677692580838,0.748861797109364,0.49117631401553413,0.893769132001836,0.6870686190075117,0.3462862236625888,0.5813917695248748,1.4018141389030112,1.7857668291703293,1.2235242978493288,0.33725498879473975,0.6360759218922344,0.5840632958224988,0.7314649616055923,0.8521760846293622,0.588992373617676,1.5634094110529546,0.8511836372300227,0.8785847701904814,0.9013308540364782,0.6454338487967118,1.629164966745943,0.41363544031506627,-0.5029481853472622
-0.4183985775816858,0.3486191323010402,0.45087510570833994,0.41698775414442873,-0.21482389669300836,0.5720871090435444,0.8435414322741528,0.737310911317189,0.5787021360377151,1.5061157473267803,0.7670249890768812,0.23868246668035767,0.6699827433138902,0.5054835142783093,-0.7044207223863144,0.32468494349374305,0.9809024379786595,0.8098894086698396,-0.9413771844238388,0.6590375848789459,0.14723354623820928,0.09522825300120563,0.4086816369983012,0.19145520337653463,0.8322680909574868,0.4721902229464704,0.7970734992242663,0.4796211173726995,0.5157651242812865,0.42470164989433196,-0.22395517329604833,1.1533903219614863,0.7390097478358386,0.7656688989672215,0.6683673787849193,-0.668993819692586,0.1952172869657286,0.7978396711567144,-0.9343076612556601,0.21641914504958845,-0.07566430120540481,0.5862181923223193,0.6696972269997589,0.15983293021288653,-0.09956185982668238,0.97842888356847,-0.8424382104566641
-0.08132806074772984,0.619316838752598,0.4825417851649262,0.5048715771260034,0.8483556235922857,2.145125089228871,1.4151485410189706,1.3107093427074754,0.3406261280935122,0.031093652813791426,1.7397019255756216,0.3758857862690368,0.5849614944230809,0.2820220706843071,1.0453740977555488,2.0593343688516703,1.9764685735922638,0.48341521389140674,0.31973462656948637,0.4641368956819802,1.5701429127505049,1.1510122312239575,-0.4388440247645497,0.7336396454321503,1.490386365773694,-0.032114418722679915,1.1029664144533078,0.6883920658801312,0.343130191993712,1.2804707647996059,1.3657317508706928,2.0068129684526537,1.4882922046044875,1.636620254812377,1.2463844571639913,1.0409996080404715,2.3218751843363363,2.144929921832776,0.28186678600950554,1.6762149470218906,1.263530593853966,1.64410787101671,1.0820450199573677,0.3679476096059544,-0.5836053712670172,1.7267879492975118,-0.8424382104566641
0.22438705917144114,-0.1556216934420584,-0.09278848020969106,-0.20744993546150445,0.3583685403303665,0.04829615514520739,-0.17793283526650253,-0.023457873637641263,-0.2470833614627352,0.2908008503885478,-0.6888117328722151,1.5667573174562113,0.36165267203517304,-0.2296767412070896,0.1842224219405088,-0.177784744235095,-0.2832730959581955,-0.4842860160379079,0.20197376136637363,0.34228129840822086,-0.026364363961934898,0.12544550776473648,0.09867160182465246,0.08788158710248484,-0.10285648824482169,-0.15622111474660505,-0.029488207883992843,-0.169226733426283,-0.1264873203351929,-0.6335593119181063,0.3915072739980789,-0.6104978600531618,-0.521585630075362,-0.09233588266942512,-0.6717280822615304,0.19600069030837203,-0.09101317049805248,-0.1402181336558045,0.19932343436612318,-0.13928853488597584,0.15146959651149342,0.16735831953976923,-0.28279622210813327,-0.16390101550966454,-0.030412786763777306,-0.21677828530358573,0.17603186487154177
-0.0029395684607630376,0.3857737194610581,0.5138949331417446,-0.7601929273719411,0.5959660505158634,1.4094735706718033,1.0480265044540797,-0.09682578316592502,0.5556100642289192,0.7040366122754571,1.7317552185780833,-0.6364882223464596,0.16292830715786055,0.715307921092649,0.03041880080702079,0.3158914203147323,0.7271744467647294,0.6582012928276954,-0.5104794731124531,0.1490872702374986,1.1388620719059825,0.26794983020354607,-0.05906174392472485,0.32307383797168315,0.7421649413989307,0.2468838597993982,1.3056553370062889,0.38289688956109913,0.47915515692231286,-0.7275733836964323,0.7688259602789003,1.419432253751419,0.9566125214038438,0.12304803370849979,1.0800834541666606,0.023446134803043094,0.30662634647735265,0.7042602923982646,-0.48085522300694644,1.0702199841552502,0.27466382519087496,0.6261948468471497,0.9412676862841891,0.4141953161377472,-0.8602016635186375,0.5378241238959875,1.9219805654341806
0.3419697976018914,-0.49001297788221876,-0.7135808101506955,-0.6931236940438967,0.6079846016147401,-0.40730629823113673,-0.6915232491137592,-0.45237796011069004,-0.44873243922968203,-1.3736209683226084,-0.8477458728229896,-0.6444806487302664,-0.345150481394444,-0.7441649469852354,0.3922659674350835,-0.47637145167709755,-0.5734605345899638,-0.6428690462365129,0.5499035903755677,-0.29259660335422355,-0.24160098095789445,-0.0669816104464275,-0.38038484679071827,-0.24011736206266007,-0.6812212996004161,-0.538857834293462,-0.5222640287696824,-0.5383979345454074,-0.7071971474085702,-0.9228333789283406,0.8554236915564662,-0.5008760624081021,-0.7466919475595053,-0.42188504434056445,-0.833185366724958,0.33671041368181376,-0.4594786426350176,-0.4798207178598538,0.6656397715722461,-0.14972619795572756,-0.18088811411801003,-0.6560414303746456,-0.6122750881517433,-0.2332725753073537,0.38448165161365316,-0.5956944961415579,-0.2604553102691179
-0.3321712360660227,-0.21931527143066049,-0.048894073042145145,-0.46185047567132914,-0.6493407441139549,-0.33365056826862766,0.12641703960594622,-0.057319985727618504,0.019613805906453542,-0.26878924383330544,-0.48219735093620736,-0.5778770955318786,0.30360603624626764,-0.17388886347211044,-0.48448897429205,-0.21857238188359554,0.08132137822017992,-0.19469961306654165,-0.7240548604580959,0.24670828093860517,-0.6824040700412436,-0.17774683299602512,-0.14952630995927826,-0.30873062245243915,0.21981019598514137,-0.24923253489063882,-0.02019055088614952,-0.27537294594902384,-0.1043950986530539,-0.8746210344266343,-0.8146754116537287,-0.4615478298509053,-0.14640843426845673,-0.05702704391894454,-0.3326677848883319,-0.4779248269012798,-0.2890153672572446,0.048449968679778466,-0.9101878507105163,-0.8177366344198147,-0.26827068549979544,0.05399168730517638,-0.3726540946654814,-0.2563964285732501,0.38448165161365316,-0.2830013672109505,0.17603186487154177
-0.6065309590704066,-0.5537065558708204,-0.044504632325391,-1.4447616537547414,-0.6761513581037585,-0.4184034722740891,-0.20075907588193634,-0.8237324560307772,-0.007055910830465981,0.1100102045630269,0.1646645986634455,-0.23153861890026067,-0.48719401367788484,0.14317224165502465,-0.24969697294817406,-0.7618076240786663,-0.6374505851600459,0.08868136698400937,-0.5072678131523681,-0.46292137377328835,-0.4824744201353101,-0.6346533760131164,-0.45300534713208873,-0.5879106036116971,-0.7189672136046763,-0.39553570795577464,-0.34746807721023015,-0.47296936337577683,0.13262287967961314,-1.1470207808612716,-0.6043666356939258,0.3719790254284962,-0.3297092927912591,-1.0656828708909694,0.14686034996804825,-0.26686024184111296,-0.8255984518370106,-0.7990471470116605,-0.6191421367991079,-0.43650591422312246,-0.7313451244319824,-0.7258514091717374,-0.5633524686482986,-0.8576166134865586,0.38448165161365316,0.8582625055231564,1.5824905403247786
0.7652676559515126,1.2509448204729008,1.496502590735233,0.9026615127268194,1.2643823923995747,1.2552792593975648,1.0156893302488816,0.571386562076299,1.487749188229033,1.2908887880106825,1.029266319995659,-0.3594174410411664,1.2258646436923526,1.8605090779301492,1.0074804519690377,0.9970670522269627,0.8893817842563335,1.8172363961488058,0.2555014273677881,1.2836755204839323,2.047682722849918,0.7179688473425528,0.7259072506824384,1.0341467287825972,1.1975511297083876,1.3363441315081448,1.148524933742739,1.3082023636321427,1.6945429526068645,1.2081522480470481,1.2791340195931267,0.9428543137935854,0.5364140621001106,0.6632732665908311,0.81206436195737,1.000267846011316,1.1116609550617575,1.0114119630005942,1.1635798603820027,1.7301953894260194,0.9238175502594564,1.2133146685252554,1.1878776254138004,0.6916815553285046,-0.5144562982041121,1.6864823387619308,-0.7939396354410353
0.08328777305490223,0.24246316898670364,0.2928552399051746,0.0006959610738060699,0.36761357963719593,0.04401132254797768,0.6495183870429663,0.518335919802001,0.08140949102858178,-0.7709854822375338,-0.2596895550051231,-2.163041661653508,0.3445801320972596,0.21972560721358006,-0.291305682047089,0.39156386099156876,0.6616962554837155,0.06041221812251911,-0.11919223464211322,0.36617455277562433,0.19995337031392155,0.1991843952977548,0.353765288085367,0.2941683601961851,0.6459737411945268,0.14314837665364513,0.5655618399779713,0.221909160729079,0.31851314497647093,-0.48892227841299085,0.8554236915564662,0.6460843750142797,0.6039459573453537,0.4961447631718957,-0.04204467285416246,-0.277968904212701,0.3523458105880597,0.6069075515931044,-0.24019311334539642,0.4723979084092645,0.20595073014691948,0.6983914915860228,0.49597200672221803,-0.11765330897787137,0.45363072467655824,0.4437246604219251,-0.21195673525348907
-3.0992850137959507,-1.9868120606143638,-2.046967487308828,-2.108053244047266,-2.558071559401797,-2.0295113765099937,-1.7864219239673926,-1.9578874636310917,-2.1231353136809683,-1.5828215727778552,-1.987621524549945,-1.3928381724673515,-2.2063304952660183,-1.855521457996848,-3.23853970904272,-2.1984891127617328,-2.0724646727119107,-1.5459649286457877,-2.860665176570556,-2.2400333671797354,-2.368089924835726,-2.6911854508464774,-2.1545616845808895,-2.627489682796093,-2.108625654026024,-1.811132086823403,-2.074972747409495,-2.012981815872928,-1.9009976864780027,-2.1180173991256224,-3.013639230880485,-2.2475027667193417,-2.0049290688113492,-1.9950115068035834,-2.130656104673063,-3.257312152272506,-2.184172000120959,-2.113384615122265,-2.9596213529419337,-2.8682214525836423,-2.7721491222361974,-2.019066349725725,-2.149044393043637,-2.129428543110864,-2.035735905588023,-1.3576343994178317,-1.1334296605504373
0.05193237614011507,-0.3891648127335991,-0.7543399025205589,-0.39246851015955786,0.903825859433257,-0.3461796357364773,-0.27304217116414264,-0.28306739966080224,-0.4649944616302423,-0.42662234733177845,-0.7047051468672927,0.9673253386707206,-0.31100540151861705,-0.7937541716385513,0.34768520768624456,-0.2374314195402385,-0.14189972841964152,-0.801452076435118,0.4000261255716081,-0.4427827736636193,0.09721826604098124,-0.16990227049251252,-0.4454949492780276,-0.16932501604161004,-0.3098502102036664,-0.5406205844310048,-0.42928745879125046,-0.4529031105380304,-0.7703177807861111,-0.5371346229146954,1.1131550346444592,-0.056173202889226184,-0.35007605484934873,-0.13941433433672978,-0.7201652676005582,0.3441161885962072,-0.1606327994711106,-0.1024845131886879,0.44052153981756637,0.3613254183839856,-0.02739872786478701,-0.20257490143627246,-0.3427014704796989,0.13670907694698972,0.7302270169281785,-1.061182029291614,-0.30895388528474677
0.29493670222971174,0.21592417815811948,-0.2276070165100105,0.34760578863265745,-0.011433031942779252,-0.05660088590596497,0.5829418519146193,0.518335919802001,0.47820283760225263,-0.9001216578271933,-0.16432907103465805,-0.9242155721634946,0.3309221001469286,-0.2823652924012376,0.2139429284397341,0.40744166904206836,0.5277635914998228,-0.27399112816584464,0.10027119596368735,0.19892177220379828,-0.028618150527337276,0.3307377084816608,-0.1532740134792692,0.0927984982704823,0.621621538611133,-0.17570949874145902,0.5934548109715007,-0.0243315360302367,-0.24326049208364336,-0.22375438365360964,0.19563145325120507,0.19392271276903897,0.5289105181839724,0.4961447631718957,-0.12277331508587631,0.27005843945228963,0.40047272367529857,0.5238935865654473,0.10820415008446596,0.004278566582867721,0.3013117102200853,0.6566248376048566,0.41609834222679765,1.4085210065712956,1.2142705283685125,-1.5917318234538236,-0.0664610102066025
2.2154547632603987,1.824187022370318,1.2641757642270088,0.6274463828634644,1.8634609394820698,1.17883025248876,0.6609315073506836,1.147042467605917,1.411642923394411,1.504680900931341,1.2104512395395424,0.8021485267387175,1.419467246588291,1.222357743172798,2.169552256088728,2.2985526490851025,1.5382111342227478,0.8846992294374431,1.9635692494729253,1.4058724499629398,1.7610949795042505,2.1956883089417367,1.6482370747043074,2.0557039351890176,1.8988945641101198,1.640653321283517,0.8807524122048556,1.8391555177430396,1.4026100232357372,0.9140569465866424,2.3028429143386355,1.4688298699892084,1.3060632809268475,1.0881562928882647,1.1511246593305684,2.15556873265643,2.2945392742343325,1.5313812530374609,1.9102219957016928,2.0888965123551726,2.2352323861038887,1.7831311621254473,1.4135207276133628,1.9403696316869146,2.1132084781862783,0.59425501200263,-0.5999453353785199
-0.9827957220478482,-1.4666478403741148,-1.4986636354902279,-0.5797998170413381,-1.0330098753473442,-1.2912292961685508,-1.4647621499615737,-1.5043609090393264,-1.340541747676407,-1.1670030873791546,-0.7587427544505555,-1.7700806977830195,-1.483205993655756,-1.29987419575645,-0.8775426727442979,-1.5020336853748124,-1.7862952139996602,-1.2937489614864408,-0.94030663110381,-1.5125179049128137,-1.2508090418358093,-1.4834742617056957,-1.3543180498138494,-1.4402441173195475,-1.8184691602448908,-1.297869694135715,-1.4510999628542167,-1.413640240280743,-1.4059425588979486,-0.5540089434902924,-1.316736067989138,-1.5062040071514418,-1.473463772579739,-1.4611418648963368,-1.1657873727196195,-0.8504353050951854,-1.5007146681736256,-1.7431423310989167,-1.0018431307820652,-1.1005382224983618,-1.4488852097123959,-1.7968677505459223,-1.5228348633995394,-1.574456064729349,-1.5516923941476874,-0.7127051552864115,-0.8424382104566641
0.5614575760053994,0.6458558295811822,0.8979709958577698,0.23196917944637366,0.21044791142110872,0.18833967117112638,0.782671457299663,0.2813011351721571,0.5432509272044936,-0.06791074847161531,0.2647931068324328,0.9273632067516883,0.7133469947561908,0.4459764446943305,0.028189762819578842,0.3887592968435667,0.46823796306253623,0.19831050525174104,0.31973462656948637,0.8167330637038114,0.2932976972310172,0.3600763722447976,1.0296011561903944,0.6306042819336893,0.8712316150909164,0.6564757548515586,0.6771337239520898,0.6011863051514018,0.5646836151488812,0.08962585560747782,0.11315742346304612,0.18488173976738456,0.6575426996034831,0.6962281827579452,-0.00975321596147646,0.05529096693492817,0.5781737924930598,0.5238935865654473,0.34404229763698846,0.18802082401830253,0.46711064131143865,1.0802580422709684,0.5958140873414939,0.13670907694698972,1.0759723822427023,1.1977539666833124,0.4670233149653149
0.42035828988885815,0.01953564602659674,-0.14608883177028287,0.879534190889564,0.20120287211428062,-0.32584024049646193,-0.3301077727027269,0.10070320402561075,-0.03567707025545189,-0.656197770602282,-0.6252380768919054,-0.5245942529731675,0.016787365289321256,-0.16459088384961348,0.44427685380872617,0.25190981633043197,0.10364348888416185,-0.3188080714828412,0.35185122617033476,0.07945550036677912,-0.031435383734090674,0.26900100157901685,-0.2386716843547952,0.027183808706641277,0.2746026517977761,-0.2195856217526261,0.05419070509659575,-0.1249098575050749,-0.06652271862652875,0.37889992261771044,0.05130190112192839,-0.10086951316615535,-0.35007605484934873,0.08420831108297114,-0.3811049702273609,0.4329854875689075,0.19351155088977942,0.03335652049293161,0.34404229763698846,-0.04160776351622737,0.24204353136983084,0.2389582977931968,-0.16298572536500194,0.11358522368109292,-0.3070090790153976,0.024883037802507276,-0.7454410604254065
-0.6065309590704066,-0.6280157301908563,-0.44488433198936217,-0.10106425501012314,-0.04471517344736232,0.23778338503992147,-0.565027832369898,-0.5076860765243195,-0.6617649326770217,-0.3434012563962188,0.26161442403341795,1.1231776531549484,-0.7272339252049472,-0.2994115883758142,0.12255237095461635,-0.26395111312555775,-0.2468136485403584,-0.2991575655669273,-0.2588994429058042,-0.6735233444116903,0.06669823963448608,-0.36567117233017304,-1.0644007024453794,-0.5462844806553574,-0.30680618488074235,-0.7688527493527616,-0.45811019548456394,-0.5979371801348974,-0.38275709184800943,0.2993495541898966,-0.21983147180663978,-0.08251633797279664,-0.5130101513140615,-0.3901070894651336,-0.03235723578635643,0.09528215147264307,-0.20638315660259754,-0.295680649980325,-0.43315159770655065,-0.07847437722674591,-0.25267099688702993,-0.28610820939860393,-0.5194219531758167,-0.39513954816862923,-0.3070090790153976,0.13492106309017385,-0.890936785472293
-1.5471928665140082,-1.3764152715569287,-1.2857757607276312,-1.032170232178081,-1.85600327444123,-0.913166041285876,-1.4073161110793992,-1.1684487571067481,-1.6925820086037349,-1.5564203991017476,-1.1424097682917258,0.0668452994285162,-1.4469439188276274,-1.2672692805468952,-1.1375971046125153,-1.247036088083795,-1.0121644161727597,-1.2536895090754017,-1.4694811371937948,-1.4210408739061817,-1.6652540970367729,-1.4623990600837589,-1.6057689682531326,-1.613526124198066,-1.1932263589162642,-1.4150493999902791,-1.5035387483220524,-1.4249614973833373,-1.281531790510816,-0.29944776452128746,-1.7814772258454081,-1.696735732431557,-1.3079570324866359,-0.9397480126809267,-1.3524319935593418,-1.1223753599516506,-1.2199160864207825,-1.0565413730792634,-1.3011431798578101,-1.7886874405758977,-1.360413015657902,-1.278006574802752,-1.5939224248004633,-1.2507221190067985,-1.6899905402734976,-0.977362679729908,-0.9879339355035507
-1.8372302879757845,-1.2543359137454417,-1.2574325149565875,-0.16350802397071712,-1.824939942370286,-1.3049537776926403,-0.9894056891451679,-0.8334395948299039,-1.4032481060529673,-0.6527541392532243,-0.668150294678614,0.4113188765705779,-1.3395917876980283,-1.1498667911801712,-1.8838790228080518,-1.250365348642478,-0.8972799532887973,-1.021606691836921,-1.6174316060217033,-1.5093093821834769,-1.321348805021972,-1.511393059655697,-1.40794219055309,-1.541906843116944,-1.1904258556191736,-1.2507842755133103,-1.1978317862329686,-1.320636695197883,-1.2088799414932656,0.1142141513033469,-1.4728181693632276,-1.482095122520905,-0.8360913136460653,-0.7747380395870201,-0.5880932089094747,-1.860138656923357,-1.2528220081694998,-0.916474173905327,-1.7792514244415607,-1.6506975960530033,-1.5142549715904392,-1.1089112928275742,-1.1092889654744986,-1.0657312928796265,-0.7219035173928273,-0.8843246720627712,-0.9879339355035507
1.1650489666150428,0.8263209672155546,0.6710369108015584,2.21953121814022,1.2569863609541105,0.3887624447146185,-0.07521475249705133,1.100538500335682,-0.1560160360195974,0.6354509545733927,0.4984262925600713,1.0187432817398754,0.6990743513680949,0.3528106888769144,1.741576962499891,1.9328697256317589,1.1140910316070867,0.07992482575130411,1.8161540573050288,0.7311269466274556,1.2238861700858001,1.8195572260233157,0.3466356569089363,1.1966837947859603,1.245037924746005,0.45464275406182386,0.021834858744101536,0.8045550210227717,0.5394353617978644,2.6048638682614587,1.6981020909169688,0.27224918236887186,-0.04628971973027142,1.0274250902374413,0.16720396781043975,1.7124071617792287,1.87093902791052,1.0554848317061856,1.8189955122620582,0.991212782828404,1.7147559561067836,1.1929086747230278,0.06784916502676355,1.8941219251551218,-0.030412786763777306,-0.48515605758559693,-0.6484439103941487
0.6790403144358496,0.4760062882782436,1.0296542173604069,1.0645527655876172,0.8853357808195995,0.6073312131154428,0.6209855862736745,1.240727644388188,0.28305856879552954,-0.22574385197008628,-0.5775578349066723,-0.8842534402444623,0.7918806784705922,0.9728619566358053,0.36254546093585827,0.6475962762036527,0.3417460026333049,0.08109696119190221,1.1280023831908446,0.8645195724386192,0.20633909891589608,0.8216504299514789,0.3731534076287872,0.5761271411519024,0.32939510761041174,0.42992419954547134,0.3424180720297342,0.48925115032477046,1.1517055055600123,0.37889992261771044,0.6286201096390321,0.12413770241251904,0.5289105181839724,1.167012699431002,-0.3811049702273609,0.4329854875689075,0.5984749204344904,0.5691739311259878,1.0569166981934768,0.29042808432529704,0.7917178977836006,0.3224916057555291,0.5458930470318559,0.5991861422649191,-0.37615815207830267,0.5266174662040259,2.35846774057484
0.31845324991580265,-0.7713262806652105,-1.0271122899188794,-0.41559583199681494,2.17039624446878,-0.22587889269019967,-1.30973393244842,-1.1296202019102413,-0.8552829992436884,-1.0579547613256644,-1.4516956046359328,1.1538152876262053,-0.8539121715442654,-1.153276050375087,1.261590782537409,-0.6346195358076644,-1.0719876727522308,-0.9945096784160289,0.6301950893776894,-0.872861352276888,-0.1820634525218396,-0.2584673811571701,-1.034733881381131,-0.5164514946368047,-0.863862818975867,-0.9213346342402122,-0.987146878661842,-0.8198716009063028,-1.1017011060182014,-0.8023025176740766,1.7214010043321233,-0.26185533867686384,-1.4970463391733158,-0.9750568514314055,-1.1238084787591274,1.2624322779807837,-0.5347252146787983,-0.8797970948112894,0.7031594768646922,-0.22022965793631263,-0.12465932905494814,-0.7336080734825251,-1.1214696993100501,-0.21014872204145732,-0.23786000595249254,-1.2819026499362058,-0.7939396354410353
-0.6378863559851937,-0.877482243979547,-0.818613855873037,-0.3531520630362226,-0.9849356709518355,-0.8581954357505276,-0.5079622308313138,-1.0528660811729589,-0.37848050245926185,-0.6145872251345033,-0.39001554976475833,-0.7830160393829121,-0.7641106114708407,-0.7636907041924791,-0.3336574038084839,-0.9324068320515753,-1.075708024529562,-0.5046260133894682,-0.6250286783554794,-0.7865043043489856,-0.803451190158081,-0.7617509776950271,-0.7426078874048803,-0.8128499772158105,-0.866906844298792,-0.7565832814881908,-0.8049128015041154,-0.8250559030099899,-0.8429065091702828,-0.21411191475326874,-1.1414787546893026,-0.46822119804775164,-0.532304978526988,-1.0033039224317892,-0.13568989784295027,-0.3172195112589774,-0.9435325586663319,-1.0782759384683234,-0.6062782378416971,-0.8079291698750294,-0.8123981582519394,-0.9507946741845882,-0.6182656129889,-0.880740466752455,-0.9293507365815425,-0.5379853584994061,-0.9394353604879219
0.9612388866689296,1.2934072057986352,1.1644727536607262,0.25509650128363076,0.6911899553761984,0.07763912267813641,0.8302261252484832,1.4664750583213717,1.2457702949086966,0.08992235502685769,0.48730090276351706,-0.1382936444225173,0.9660205858373093,1.2487020187698716,0.42941660055911457,1.1841292725804664,1.5992249033709651,0.8498799119373138,0.507081457574437,1.0829721837977393,0.6745632578783106,1.0139206569125727,1.2568618976426436,1.1216249108468612,0.8894957670284612,1.2681863979425538,0.8258962359175804,1.20473425209078,1.3379113740237583,0.3547937503668573,0.6286201096390321,0.4095499188584962,1.161352076829899,1.3082480544329191,0.84597039169469,0.4626085872264749,1.147973494344821,1.5879816837381358,0.4566014135143283,0.9938871878187284,1.0264350829995452,1.0444580531442549,1.134961322685584,0.5760622889990223,1.0068233091797973,1.3007883862287717,1.2430005152153765
1.0161108312698055,1.1447888571585643,0.7609577391990734,1.436902647167451,1.1506684089255819,1.7285417316809726,1.4503389953010966,0.33548051451612165,0.5539838619888628,0.9092196468234693,1.6379840760071258,0.28930116711113185,0.9769470113975747,0.7292548905263945,-0.9823074581540652,-0.2932930374046933,-0.27434425169260235,0.35654878973252235,0.7629437010611984,0.942343315235306,2.1142257711934334,0.17522710141202738,2.2332436002988345,1.2263271817299295,-0.1838275618346057,1.4235017673809904,1.3939830784857994,1.0842381722101597,0.7294284682642631,1.6444739657874827,1.2842886464548864,1.413662982854739,1.381098720088229,0.29606134358584796,1.8486201282125763,-1.0052160008059712,-0.40486419518388644,-0.3802039598266665,0.7310312579390817,1.6222345046177615,-0.043765863408818786,-0.23240822570853387,1.632174884169578,1.686007245762053,2.1132084781862783,0.2092348338814513,-0.30895388528474677
0.6163295206062752,1.2456370223071835,0.8509412738925423,2.290300822962225,0.5062891692396256,2.258456199506237,1.448436808583144,2.0647057052443083,0.7123759601703199,-0.26878924383330544,1.4567991564632425,-0.045048669944775833,1.1401604932040275,0.5575522001642905,0.16193204206608935,1.5641145898613291,1.3313595754031797,0.8429849975808531,0.19126822816609135,1.123932048427575,1.1196861045453477,1.1948947138686072,1.2199844950059324,1.2523700487231497,1.1878102486750306,1.0905084531509766,1.467434568768761,1.3459313920042864,0.7193291669238567,2.0181196356757023,0.38119802027455973,1.7281193250685312,1.289984258249408,2.2145082490285537,1.0397191330508038,0.19600069030837203,1.6429679530210937,1.5125144428039026,0.038524697398494394,0.7599259854250568,1.3506624152483082,1.2353913284867273,1.1549297388094395,1.0847870608487453,0.5227797977394633,0.9247912234879208,0.27302901490279946
-0.14403885457730195,-0.40508820723074945,-0.6587128011912634,-0.7625056595556663,0.2585221158166173,-0.3041340378963173,-0.5869029796263548,-0.2108282272021834,-0.46369349983819774,-0.228613544760967,0.05023201789888681,0.5916812986318121,-0.31851731909129893,-0.8427235309836997,0.04602206671911231,-0.19214102102734712,-0.11511319562286298,-0.7911097049004269,0.31277602998930276,-0.36734835630367263,0.09259800358190559,-0.09217834520770986,-0.42190440485419095,-0.2135194800966879,-0.030408685559226312,-0.48934272811034113,-0.5297021543679568,-0.4301441933420408,-0.816080239984828,-0.33705339323261757,0.09460076676071139,-0.2181535354301168,-0.3243496185654465,-0.1641305214620662,-0.15183562628929326,0.026408444768799208,-0.27794463259614055,-0.2602110467412355,0.3097385670838951,0.06574261647096971,-0.20308328724898356,-0.2974448726220631,-0.26682148920904947,0.2523283432764721,0.5919288708023683,-1.2332451816041619,-0.5514467603628911
-0.19891079917818005,1.3411773892900871,1.531304584989501,0.4401150759816842,0.08656438470960458,1.0910345749553918,1.3828113668137725,1.3344128211704591,0.9709421163392286,1.2535827817292269,1.3773320864878553,1.281694109767111,1.7465771117987132,1.3215361924794282,-0.5379858859906547,1.2133011563561398,2.096263900822301,0.8936626181008421,0.6976399485394728,1.7212634076126707,0.8972749336495234,0.6950941030823102,1.2346155295479773,1.0066287884389766,2.0571838809021767,1.511890057267387,1.154103527941445,1.4813138436440865,1.482773227625215,1.3527892815521636,0.5152183186803158,1.1369979077878616,1.2471068644429055,1.5495251192278605,1.2399261657854543,-0.514213123981798,1.2896841939533723,2.0128622501978684,0.6495598978754825,0.8639087420444661,0.85981551558565,1.9519877775064476,1.295707072482618,1.2929017402418133,0.7993760899910837,1.653138900180536,-0.5514467603628911
-0.7789856421017327,-0.13969829894490807,0.2323436643099158,0.3499185208163827,-0.4533459108091885,0.21010553599730822,0.008481463092872241,0.011532975522002473,0.5016201498590593,0.6394685244806274,0.5937867765305364,-0.2195499793245504,-0.10101316028228223,0.3337808239162054,-0.30913798594662245,-0.18408728445430544,-0.16198962801722622,0.4327375933714177,-0.28994548918662527,-0.024309490028803924,-0.1238218513608906,-0.27606273485254834,-0.18528939541604472,-0.2504931621069449,0.016469304413805837,-0.02559224321377184,0.05883953359551708,-0.08744375009740717,0.19605911622404157,0.2559584441383616,-0.4198309940429221,-0.4417707014097863,0.056187251467272166,-0.13941433433672978,-0.1921999474051502,-0.297223918990121,-0.3156120515048598,-0.3696385460958738,-0.24126510492517964,-0.08077854058365254,-0.3915333005393889,-0.047441615220512594,0.10558947150084984,-0.6726257873593867,-0.6527544443299222,1.3310256741789266,-0.8424382104566641
-0.230266196092965,-0.4581661888879177,-0.3655608676080116,-0.438723153834072,-0.23331397530666592,-0.32068759370232475,0.021796770118541916,-0.6555506326505551,0.07165227758824617,-0.7279400903743146,-0.5775578349066723,0.14144127901071088,-0.5090468647984137,-0.19558414925793552,-0.1501332761757706,-0.7238355921693012,-0.6478675701365709,-0.23951655638353916,0.08956566276340354,-0.4393694516111332,-0.4910200275291291,-0.4992170043899712,-0.12289263027720991,-0.409210682116624,-0.6020766412043876,-0.36987370048951834,-0.057381178877522816,-0.45942542289120125,-0.21801223873262748,-1.0433642401826047,0.10284816973952698,-0.21269504798036803,-0.521585630075362,-0.6101988510097864,-0.800893909832272,-0.17428805541121595,-0.7158245157824076,-0.6458486479151669,0.28508276074885824,-0.7840604007419378,-0.49782090127751194,-0.6202414412479322,-0.40260671885126453,-0.4645111079663184,0.5227797977394633,-0.6080599935126115,0.3700261649340572
0.9298834897541425,0.9271691323641739,0.5436804237197217,0.9951708000758477,0.4600639727054824,0.8623601102315825,0.7541386565303713,1.0262676011516645,0.5660177585652776,0.649512449248711,0.3760470047979755,2.8721869601446124,0.7474920746320177,0.4862676897251495,0.763772298675394,1.077180420857841,1.0486128403260728,0.4430799649061098,0.29297079356877914,0.738226656496627,0.5021485856250031,0.9260615568732317,0.8776942401800961,0.8373752962787824,1.126929742216547,0.6605100902178936,0.6678360669542459,0.7878783941503857,0.5268112351223561,0.7645986786313557,-0.05179063611326882,0.47944794137753666,0.6039459573453537,0.9669292798449525,0.5069100943214916,0.7662453587165367,1.0606565777532548,0.8936830671431902,0.27972280284993756,0.21185020574358376,0.8998443317629758,1.1757246799422045,0.5958140873414939,1.3622733000395029,1.629164966745943,0.013413929155073286,-0.1634581602378602
-1.735325248002729,-0.7447872898366263,0.021964041385464133,0.24122010818127618,-1.5165254310944827,-0.7582937501703031,-0.2426071836768978,-0.08553841246926647,-0.27375307819965383,0.08418296944509418,0.32995610421225097,-0.6831107095853304,-0.42539141910263806,0.08862409453637725,-1.6770242975734464,-0.7994660747998292,-0.45440927771539175,-0.008881671159915573,-1.5622981100402464,-0.4772573263937302,-1.0465220712367644,-1.1120106934768643,-0.8229386631213779,-1.0370592640101302,-0.3153294557849301,-0.6097352914217815,-0.393026596499662,-0.6979415485250687,-0.03306878293643196,-0.12009784297494266,-1.7157041870893517,-0.6294839033566363,0.03474855456402013,-0.28182665063033036,0.15170406850195126,-1.653961883306691,-0.8670281993479193,-0.5711360793902754,-1.5533827985810316,-0.8084412061765648,-1.1671637995775197,-0.3708348503318264,-0.09209784812531674,-1.481960651665763,-1.4133942480218773,1.74375920344662,-0.9394353604879219
-0.17539425149208912,-0.7660184824994936,-0.9016996980116059,-0.46185047567132914,-0.1501086215452089,-0.6022933005987506,-0.6725013819342308,-0.42980321871737137,-0.6959151797181977,-0.8857731938727866,-0.9907865987786867,-0.6977634912889756,-0.5295339127239096,-0.8991312740268457,-0.46219859441763056,-0.6880387537133077,-0.6925117914645348,-1.0117469643071817,-0.3493611984481946,-0.5417691131857211,-0.6273741147359935,-0.5530307031640679,-0.6506192552721967,-0.6476622491009719,-0.7116615528296579,-0.7617203351879905,-0.21544134784085667,-0.7892547016503683,-0.8176582558192669,-0.8987272066774875,-0.0002443674956702165,-0.9918574024791964,-0.714533902204628,-0.6925861414275717,-1.0915170218664425,-0.440895952329321,-0.7523886125203973,-0.6609420961020138,-0.20803336595187097,-0.5079546719911567,-0.6674190746028553,-0.6560414303746456,-0.49246459140861265,-1.0657312928796265,0.246183505487843,0.12576860465043427,-0.5514467603628911
-0.09700575920512232,-1.057947381613919,-0.8324719472787909,-0.08718786190776856,-0.464439957977382,-1.3321510746237157,-1.282913099725286,-0.6821888274946705,-1.2698995223683733,-0.6372577981824658,-1.225055521066128,0.007168515762761585,-0.9805221277238316,-1.0670527860091348,-0.13898808623856088,-0.8756031456315795,-1.0178193508743012,-1.31691587372415,-0.11019958675387526,-1.0966387460378877,-1.0322180391683418,-0.7927887736964249,-0.7418593460884867,-0.8857986867786438,-1.1239443425665094,-0.9719266535485989,-1.2952712315703654,-1.046528404674469,-0.9743236678623236,-0.23195048221889936,-0.4212742895642159,-1.5117269115338272,-1.6959974464354919,-0.9110301571638703,-1.8865326905643607,-0.13888845132042482,-0.9717829021834377,-1.0480890420946296,-0.11937966230371697,-1.3965700408604154,-0.7612238850569787,-1.158911944307884,-1.0835297086747258,-0.9269881732842478,-0.5144562982041121,-1.1674115892050194,-0.5999453353785199
0.6006518221488827,-0.3732414182364484,-0.24955422009378303,-0.9475242342537215,0.5432693264669394,-0.39434332366483327,-0.5773920460365907,-0.057319985727618504,-0.08446313745713266,-0.8283793380551607,-1.165614152724539,1.3669466578610476,-0.5124613727859961,-0.22037876158459352,0.6597505259281067,-0.3463015081201567,-0.45440927771539175,-0.3670724719780691,0.3411456929700525,-0.4052362310862706,-0.4771216770424788,-0.023208951676827107,0.3103418966337392,-0.002131411666190664,-0.7177496034755069,-0.25873321295153967,-0.531561685767525,-0.3143325796662712,-0.13911144701070124,-2.2486728527252446,-0.020862874942709952,-0.6190867844047334,-0.9717982650436485,-0.2100320118376893,-1.0915170218664425,0.6847818346582277,-0.34806516983471014,-0.41944692511246745,0.29580267654669956,-0.5885019209633892,-0.03803660611996088,-0.5605747927034094,-0.5723382559040331,-0.4645111079663184,0.5227797977394633,-0.3949735976723299,1.1460033651841188
-1.0063122697339368,-1.30741389540261,-1.3889276175713634,-1.255117614689236,-0.7316215939447299,-0.5212936929949133,-1.090982459883848,-1.240236434737501,-1.2449210559611128,1.292323634406124,-0.831852458827912,0.1347809236908725,-1.3394552073785242,-1.293675542674786,-0.1441891748759247,-0.9655205638620394,-1.0779402355959604,-1.259619135421958,-0.2524761229856342,-1.3944169618967888,-0.7460171958497351,-0.9360963793355944,-1.6525802836868326,-1.1886267756963467,-1.0428515079638097,-1.3204408918762676,-1.1628725959210784,-1.2144925631575518,-1.3879531783853496,-0.9397076995039376,-0.039419531645044685,-0.2319523204738919,-0.9267770015468197,-1.3881702648120127,-0.850945668015935,-0.17947209785129178,-1.020844549813719,-1.1469511277184754,-0.30612059550212367,-0.4241776555784732,-0.9641854839843348,-1.1130879582256903,-0.9427523750015465,-1.4125890918680735,-0.9984998096444476,-0.15491984279168938,-0.9879339355035507
0.5614575760053994,1.4101787654444056,1.1553803407474492,1.3975862000441142,0.4508189333986529,1.7343723583164437,1.8564558595840208,1.9111974637697435,1.0529027092380516,2.3081948823781056,2.324579560594472,0.41984413137997256,0.9025107372682717,1.2456026922290397,-0.37749515089484076,1.0867336055068615,1.2882034947861478,1.0701724256262464,0.22713176438703836,1.0188017292109977,1.8355450623813867,0.9149222781182432,1.421835806592643,1.275242997986095,1.2535611956501935,1.456510626657616,1.6524579430258401,1.4637774574160554,1.2233474244435216,1.8132171715434529,0.39666190085983843,1.438655622596187,2.1464601995343155,2.1026969263187025,1.6645588239242686,-0.3394368360021535,1.2240475580166492,1.4295004777762454,0.1087401458743591,1.5083261212301349,0.8298470928439312,1.3248913013035115,1.850829040725792,1.5241402729007778,1.2142705283685125,0.5272059401336171,-0.45444961033163334
0.1381597176557781,0.5927778479240139,0.32420838788199297,0.23196917944637366,0.8113754663649706,1.775137930216165,1.4769696093524358,0.8456696700051165,0.666842297448751,-0.21139538801568056,0.8369560106552217,1.686643713213308,0.5596941353149696,0.11124917828445291,0.28824419468779616,0.713624991184171,0.8997987692328585,0.3189715064898102,0.08421289616326239,0.567560553872314,1.489307101271394,0.6128281761079731,1.0753731085145501,0.9013882647803209,0.7372945008822522,0.46902090723525963,1.5883041097407224,0.6442028795667943,0.11021505483058584,-0.12732969465019878,0.36057951282752,1.2339171383655971,0.9255264108941297,0.7786154731757304,0.6845131072312622,0.3441161885962072,0.7014148789635921,0.8936830671431902,0.059964528994177015,0.578940846536349,0.6226516183710158,0.841591448092877,0.6756877518369143,0.7610531151261942,0.45363072467655824,0.38598711227586435,0.2245304398871706
-2.793569893876781,-1.9602730697857798,-1.7356934341949748,-1.7107258548831938,-2.4891035661728553,-2.242353655978976,-1.9754992837319012,-2.371230978542752,-1.5870740072689,-1.9332110625444625,-2.564234584291355,-0.9508569934428501,-2.21630085858976,-1.3764275613150054,-2.943860887102905,-2.271778336408236,-2.2104153166153204,-1.3047808244567782,-2.5386427379060468,-2.152857121959236,-2.6815127535534558,-2.784730289788364,-1.939479480487203,-2.562370781775025,-2.3615232778545647,-1.6674976811211433,-2.1679493173879267,-1.9137242366435767,-1.603510141369652,-2.3450975417286557,-2.5466300372050417,-1.693210883082537,-1.743591353560711,-2.3285623368664434,-2.2055722846640937,-3.018105622537652,-2.2707364509920875,-2.1853803629735236,-2.4377758519029897,-2.442467206598094,-2.780025711235707,-2.308807595057928,-1.8103800555830534,-2.5225340486311043,-2.519779417028358,-0.07717949313299266,-1.0364325105191796
0.8279784497810869,0.656471425912616,0.04065051757964801,0.5992310502220113,0.5815437891972101,-0.1471898403856283,0.14905306154958453,1.1296599167330623,0.23791519461157407,0.31174960776198146,0.5597748705810708,1.4721802719144994,0.5230223195283311,0.2109855063684329,0.41024687386711384,1.123635486403532,1.2142429014528202,0.1405311229445965,0.9536092473582358,0.5596416467105458,0.6114497214251501,0.7824950806714456,0.6609780373516946,0.8145548685669509,0.8526021801146196,0.46667379634078077,0.7704822002104347,0.6286347337220856,0.010547574727449025,1.1382443485195735,0.736661088661519,0.2526178396174044,1.0427960829549159,1.1175803251803307,0.7458668753273652,0.40469542739593056,1.3392348339697215,1.4941004360159498,1.0652782325157921,0.7264112401192023,1.0325169099677167,0.9516167480089777,0.9634326281816677,1.5241402729007778,1.0759723822427023,-0.6115317454599072,-0.5514467603628911
-0.9122460789895775,-0.9889460054596004,-1.118036419051653,-0.23057725729876152,-0.7417911371822413,-1.0243764306195493,-1.0053840575759714,-0.5991137791672592,-0.9658647515674984,-1.230136328778543,-0.9907865987786867,0.9806460493103973,-0.9631764271469122,-1.0293029887417988,-0.7148228996610421,-0.8832982513245933,-0.8710886767763923,-0.8600588484650379,-1.0773374560674311,-1.0844873195310367,-0.8290880123395371,-0.7948785651473611,-0.9389425794101639,-0.8966367509713744,-0.9673596799552894,-1.0084944508348777,-1.3125648735863538,-1.0196785308929428,-1.0796088843360616,-0.27196672815531425,-0.794056904206689,-0.9720802740380774,-0.9074821743338932,-0.5160419476751755,-0.6555823538151874,-0.7815615983913415,-0.8502532890641414,-0.8571569225310197,-0.9530675139018832,-0.6885459368017602,-0.859204822574704,-0.9543746730972598,-1.3311380686105296,-0.5801303742958007,-0.9293507365815425,-1.3764737199314299,-0.8424382104566641
0.49874678217582497,-0.6864015100137412,-0.7527095388257646,-0.30921015154543363,0.4299251445652203,-0.7204722379335897,-1.4653328059769597,-0.6133358662450503,-0.7618739425748708,0.012153680393974095,-1.1303307736554669,-0.4833000499901668,-0.5099346368751855,-0.7869356532487206,0.4739973603079514,-0.5415883888774542,-0.7966816412297852,-0.8587488147373099,0.332474211077823,-0.6128344783184848,-0.5838572524690092,-0.1997037634433574,-0.35220311570799234,-0.3681224394426013,-0.7889797960319328,-0.6445875875432762,-1.3945702083073304,-0.6675838773773337,-0.6737432117184734,-0.7304661243665348,0.2506828681347995,-0.7076137317936831,-1.2318496584800922,-0.7227163504946473,-1.1706310912535225,0.3821818716561795,-0.6399018279124039,-0.7401826990829584,0.35025984879973754,-0.654771234604357,-0.284501048323404,-0.9003166895159217,-0.9253798529737925,-0.0482817491801822,-0.09956185982668238,-1.5851645869855464,-0.6484439103941487
0.3262920991444989,1.0439406920099443,1.3337797527355457,0.6713882943542517,0.4119897683099738,1.3394735080137667,1.5920519057885811,0.7305384888991932,0.9914322645639343,0.8747833333328945,1.8573131891391952,-1.109373450055013,1.0851869146039455,1.5598744034694247,0.2993893846250059,0.8067608123983302,0.5322280136326183,1.0060497221111577,0.6291245360576622,1.0232390478792297,1.3861963659042196,0.6843235187649878,0.5698129006058033,0.7956560500048668,1.062396405370555,0.9451695225837583,1.682210445418939,0.984533653347229,1.473620735785471,0.43916535324484246,0.6956302588419109,1.2781896530330736,1.9192100123598468,0.8680645313436118,1.7016939993508575,0.32189886385303107,0.7652111735195377,0.5804940172661222,0.5353927946284663,1.3389405739415845,0.6393758826850429,1.0265580585808975,1.5882443686970955,1.662883392496157,1.4217177475572278,-0.2859764397723434,0.27302901490279946
0.7182345605793329,1.0810952791699622,1.4930537444577827,-0.6769345687578169,0.5469673421896715,0.9307709881415324,0.9367485814538405,0.8366397734477893,0.9673644714111048,0.19610098828946523,0.9323164946256868,-1.4756929926461462,1.4037605098454111,1.2173988207074666,0.8135541470615947,1.0983515676979152,1.0776315841892496,1.2156551185475755,0.6671291789186653,1.397339144831724,0.46263219451160875,1.0959120241992852,0.9925588545988046,1.0472491795654983,1.2590404412314573,1.0847059158425498,0.8212474074186591,1.1467314427605617,1.459734196442412,-0.42383561333568753,0.7554239304383251,1.4415713363892204,1.1817188388879878,0.8527640345517363,1.1947181261356945,0.8558552351806775,1.1054117382867432,1.024241393959414,0.48447319458871785,0.97958955878356,1.1365903123318701,1.4072312762949546,1.0101587219114891,0.6454338487967118,-0.5836053712670172,1.4253293584353217,1.5824905403247786
-0.7084359990434643,-0.5696299503679711,-0.641029625732338,-0.41374564624983545,-1.3035197254651505,-1.2512686219364608,-0.7187245191804844,-0.23204848411190293,-0.8170347225575711,-0.04179654407459513,-0.2946550657942933,-0.34396541669914044,-0.5222268656304827,-0.6826743084151251,-1.056905929467121,-0.628946366283084,-0.22553323637402864,-0.6259765060631839,-1.1078482256882385,-0.6101038206764954,-1.0479720072605068,-0.8491707822341718,-0.5063116826128341,-0.7925498389708477,-0.3405339854587424,-0.6369639294432675,-0.9058853565006922,-0.7201724392855766,-0.7094694902101617,0.4063809589836837,-1.6891063124826713,-1.6287690877699947,-0.9467149896668439,-0.11281500914470219,-0.820268783967884,-1.090678643318054,-0.4698750267853714,0.04029950665888097,-0.9390244242067102,-1.449427942141949,-0.6575851160043938,-0.2149855643335331,-0.976099629928385,-0.0020340426483890168,2.0440594051233734,-1.4363038677609055,-0.5514467603628911
0.6790403144358496,-0.26708545492211183,-0.1680360353540554,-0.46185047567132914,0.8576006628991137,-0.31070773043789024,-0.3110859055231986,-0.4410905894140299,-0.4422276302694583,-0.4840162031494033,-0.974893184783609,-0.1249729337828405,0.06117596912789568,-0.2637693331562437,0.1247814089420583,-0.3355690815380393,-0.4246464634967495,-0.7187131041575856,0.06815459636283744,-0.08779728020504789,-0.11707927321939471,-0.12432536234710481,-0.03864425514781409,-0.043794783949560843,-0.12112064018236747,-0.3094895133036727,0.10997664708365504,-0.32593386970115834,-0.17382779536834864,-0.4166037616604314,1.0822272734739005,-0.6064294222024174,-0.4894275847204847,-0.15118394725355722,-1.0107883796347288,0.12934871607884577,-0.18808345507887136,-0.29869933961769374,0.1135641079833866,0.010777488871581194,0.043723086755517906,0.018191698178462178,-0.0930962689315093,-0.4876349612322148,0.3153325785507481,0.4807183497325518,-0.6484439103941487
0.3654863452879823,1.6649530773988133,1.5297369275906607,0.45399146908403876,0.8317145528399935,1.7919897971523588,1.8108033783531532,1.4201968384650694,1.5417391025988931,1.8404349574644543,1.6872536593918663,1.6986323527890184,1.4962936763089014,1.40924713358498,0.5371534366188038,1.7801256538496018,1.7971476179249397,1.2577140961219881,0.39734974227153674,1.5133920946162573,1.3728426805042082,1.198511057182727,1.3257746699682362,1.3480021084743437,2.1637247672045232,1.516174812189344,1.791922797993488,1.664571836366211,1.5247484488212792,0.6392465829269203,0.9172792138975855,1.7985202517107888,1.8688290746372054,1.2858857898909493,1.7356000290881763,0.5159301666100955,1.708736987618304,1.660430235034999,0.3284984197301181,1.4084199613190997,1.2238209140242955,2.0510344140903554,1.6391638298129267,1.9634934849528105,1.2142705283685125,1.0001066660445075,-0.6484439103941487
0.9612388866689296,0.44415949928394294,0.15960436100369643,-0.08256239754031813,0.6828694200000524,0.7114363737119377,0.2766897903242175,0.8005201872184807,0.18353499170410068,0.333846242251769,0.30770532461914246,-0.025067603985258723,0.26263194039527477,-0.018612603776416395,1.423567542958185,1.112626136715777,1.0694468102791228,0.23106134844493084,0.6028959797169685,0.18185516194136697,0.23826774192576794,1.2579885300843592,0.22527902060599908,0.7035068023310052,0.49803411050041113,0.250467512656341,0.10811711568408611,0.4444045315700932,0.08906964264911,0.3186344919905784,0.230682915911171,0.42798785317374516,0.4946086031387696,0.21132013058469792,0.9396156166834778,1.3712971692223426,0.6817956041236726,0.4567277421339797,0.7321032495188664,0.6103523042651287,0.9771893051625572,0.41855490991221084,0.2942910038712812,1.31602559350771,2.0440594051233734,-1.107398458148113,0.9035104901059746
-0.230266196092965,0.3539269304667567,0.5207926256966446,1.1894403035088037,-0.7279235782219992,-0.1388425525791258,0.5686754515299728,0.5262370792896617,0.49641630269088016,0.5476383551724255,0.7908651100694972,0.856763440361397,0.3787252119730865,0.6499121310810899,-0.8463361409201128,0.086785029241694,0.5024651994139762,0.37068336416326847,0.04727880662228653,0.466184888913472,-0.11076867083626686,0.13574541833184786,0.6133862001982312,0.25333378543923885,0.4000164951022525,0.5845017581015967,0.3740301058224013,0.44593654680424527,0.4318146818891571,1.114138176268722,-1.1497261576681197,0.45356815616030133,0.7851029461778306,0.5738242084229513,0.7006588356776052,-0.8630251224496505,0.027761667825364773,0.48540529368898905,0.027804781600651564,-0.11890555134410306,0.06001423745487028,0.28072495177436296,0.6836751182864576,0.2060806367446793,-0.8602016635186375,0.8498186503281118,-0.7939396354410353
0.6320072190636699,-0.27239325308782875,-0.5066500335036943,0.27822382312088784,-0.21482389669300836,-0.6339685187858677,-1.0148949911657354,-0.23791791687416486,-0.6048478542750608,0.41993702597820737,-0.831852458827912,-0.6045185168112323,0.02361638126448625,-0.5644040076169681,0.4071262206846951,-0.27479616393724104,-0.48417209193403504,-0.663553789305896,0.84965851998349,0.01460238136953996,-0.738560918629194,0.07367139524155338,0.007977176640872455,-0.10177336147219411,-0.36464266601630196,-0.324899947495799,-0.9313609366747827,-0.3536458953931006,-0.5052111206004388,-0.006798833395934759,-0.19612018824254548,-0.569135408570593,-1.1111497949147844,-0.13941433433672978,-0.6232908969225025,0.4181739377401248,-0.27339232531970864,-0.4043534769256206,0.6763596873700873,-0.6773205255758016,0.06142755556591456,-0.4173748361965543,-1.0415960348146298,-0.025157895914285404,0.5919288708023683,-1.1521478255444209,0.6125190400122015
0.4517136868036453,-0.6917093081794581,-0.8076402540811507,-0.658432711288012,0.1928823367381345,-0.5730479621629738,-1.0691073126273904,-0.9106452103950525,-0.8299142442988144,-0.6475886922296378,-0.5998086144997808,0.20138447688926034,-0.6186525711998183,-0.707902826457499,0.60476758890454,-0.6484678994077593,-0.9291261645027461,-0.6725171779692961,0.7153040783199386,-0.5820463134050592,-0.4351449022618534,-0.28484864485648304,-0.499631775858803,-0.3887365895144296,-0.8273345151007772,-0.6723281863572865,-0.9480967192709004,-0.6548191295671031,-0.7106687822443345,-0.4599948717119664,0.16882739357005325,0.01916070464705897,-0.9321366757726331,-0.8126361931792015,-0.4586044667698057,0.5781386758909866,-0.6006751941120084,-0.8692316810804968,0.6683197505217071,-0.2705864588218861,-0.26985876875360365,-0.86427803379503,-0.7290903224762961,-0.8113689069547655,0.246183505487843,-0.6098969500507542,-0.5999453353785199
-2.1586231063523504,-1.8753482991343107,-1.7881158976122151,-1.3531774592792045,-1.9841395192338747,-1.688030829097947,-1.9994668363781067,-2.063537253351822,-2.064136696411736,-1.6978962536921955,-2.3433161297597787,-0.44200584700716605,-2.1318942211367156,-1.8934572148566338,-1.8314223288369196,-1.9914217375918908,-2.2311004724972774,-1.7319207688395433,-1.9050892831133044,-2.1477371388805064,-2.2786596739205462,-2.277270248173637,-1.9466121098264502,-2.2756425969863505,-2.2383011327825937,-1.6998630093887925,-2.0437326198967423,-1.8474599356901285,-1.9165884829222555,-1.5582720794608211,-0.4957071014480277,-1.7456270541812535,-1.9729854104255047,-2.1247126411470103,-2.348623438698691,-1.8103718494986445,-1.9968605538672721,-2.0949706083343123,-1.777321839597949,-2.42044964563209,-2.262676817445623,-2.210715624850732,-1.9855030649892638,-1.8519423039201066,-1.6899905402734976,-1.2056383279239595,-0.9394353604879219
-0.8260187374739145,-0.2989322439164129,-0.006880854753209286,1.0714909621387947,-1.4804697777978508,0.15958790205984105,0.5125609433503647,0.47995885943335936,-0.29326750508032595,1.319585715919496,0.46981814736893196,2.2687587681672183,-0.15154787849850573,0.11279884155486848,-0.5156955061162352,0.3376963544858903,0.5322280136326183,-0.07265962895718052,-0.5340316461530754,-0.1881489485481439,-0.3719825337664419,-0.0755949400752847,-0.20124961547317957,-0.2132158980813909,0.5881372600589672,-0.3645603717759642,-0.049013287579463626,-0.19411320394608808,0.003856787589429127,0.6416572001520068,-1.520859291714829,-0.08792962055753717,0.5492772802420613,0.3502015630032488,0.8136789348020051,-0.5453173786222445,0.1982558362239181,0.5616272070325639,-0.5194469198791788,-0.2124112574859512,-0.258195095095252,0.43526157150467726,0.14552630374856002,-0.6495019340934903,-1.2059470288331628,1.3483079495066532,-0.9879339355035507
-0.10484460843381856,-0.09192811545345671,0.3969476911882123,0.14408535646479903,-0.1815417551884253,0.1396010563373191,0.5905505987864303,-0.2108282272021834,-0.06429822968043779,0.4629824178414265,-0.04989649027010049,-0.8815892981165273,0.14722157041497988,0.5030040530456431,-0.30765196062166256,-0.34177445575527166,-0.4246464634967495,0.03421154356796628,-0.45106376385088237,0.20233509425628435,-0.21196368762284917,-0.06640111282116774,0.22238579348856566,-0.0052566302040310785,-0.2526225341326919,0.1515492440101736,0.46328761300169674,0.046287318630007186,0.5836198051621433,-0.21893314920343834,-0.3837486060106037,-0.04897432813665899,0.4774576456161686,0.18307305958431344,-0.2067311030068581,-0.32536586366480935,-0.22350892333666753,-0.295680649980325,-0.45244744614266685,-0.4106677746995117,-0.05110599940488865,-0.17512824310579148,0.23039207227494463,-0.4182634014345256,-0.7910525904557324,0.3534201616528313,1.7764848403872942
-0.4340762760390805,-1.1694111430939724,-1.2215018073751531,-0.6792473009415422,-0.7464136568356554,-0.6733455879705377,-1.0462810720119566,-1.2470088571554967,-0.8780498306044734,-1.0048654446943606,-0.7110625124653236,0.3119463751985839,-1.1315116709347381,-1.1777607300476611,-0.4295060372684834,-1.1490229752339844,-1.2483323469976901,-1.115860171089744,-0.4350054640504574,-1.1073565772826943,-0.9360865295320309,-1.0211863488111956,-0.8989820660110069,-1.0043077932187552,-1.2553244755039172,-1.019976678122558,-1.1805381442169802,-1.0663942030320794,-1.1165344548619236,-0.6407911635933624,-0.6765314117585641,-0.7109656725340464,-0.9707263301984862,-1.1680785032673588,-0.5845411486512795,-0.4001641903001655,-1.1561405343216464,-1.2586426443011396,-0.28146478916708684,-0.779609623659365,-1.0616968351619391,-1.2718012433541208,-1.0056528857916907,-1.1582267059432125,-0.6527544443299222,-1.5362279795021891,-0.30895388528474677
0.05193237614011507,-0.06008132645915567,0.07056142074953299,-0.5612979595715332,0.20674989569837668,0.6209125052970424,0.6019637190941463,-0.2040558047841876,-0.09682227448155831,0.5949882862219669,0.46187144037139366,-0.3540891567852945,0.42823557779303517,0.07312746183221623,0.2733839414381825,0.033641851114396874,0.027004242271156404,0.008355614731237169,0.3224110098695562,0.3327239966612593,0.6515182902470679,0.32159879316506823,-0.11916991144735191,0.2696154662841746,0.1284894362974159,-0.08800050370188062,0.39262541981808796,0.0033976536415824218,0.10895264216303527,0.1306063484339263,0.4513009455944931,0.36053654397327733,0.8376277535907968,-0.13470648917000017,0.5472744154373484,0.25672804460638393,0.13608142525894587,0.18127231272402924,0.1425078806375609,0.8819087874138116,0.3658228433532473,0.27475828691991017,0.6337540779768197,0.04421366388340417,0.3153325785507481,0.11166943092895351,1.5824905403247786
1.0082719820411092,0.2796177561467216,0.04328418200970085,-0.5034796549783912,0.6791714042773204,0.6139591440443226,0.13117250640082795,0.07812846263229206,0.17800590408790967,0.3553689381833776,0.2187022062467083,-1.0467661100485286,0.30838634742888293,0.2181759439431636,0.47622639829539337,-0.0039834748333645404,-0.23490852285290045,-0.10127352353649352,1.0064945813676331,0.31872937624606573,0.4374273480885216,0.44337778146959816,0.6581737557311355,0.5624715378626012,-0.004838872846663086,0.4588285769038967,0.09510039588710559,0.39293989827141645,0.22351659174327204,0.060698448906453366,0.95645437804696,0.8290623673515126,0.13872623454479088,0.1913117886260928,0.49722265725368664,0.46038685475215735,-0.02112433091533642,-0.43303102848062885,0.997957161305345,0.6385143008495525,0.4411390213998782,-0.053408280074965384,0.1225626252061269,0.1829567834787825,0.5227797977394633,0.15332440651596874,-0.5029481853472622
-0.6300475067564975,0.369850324963907,0.5568487458699859,0.7477084564172003,-0.3729140688397789,1.4164703226343685,1.2591692301468407,0.7440833337351848,0.8291372810063427,0.8690439477511309,1.3805107692868712,2.088929174531572,0.33126355094568755,1.0844377121057653,-0.13155795961375508,0.4804000866182004,0.5671993203395247,1.2094496956267602,0.21374984788668475,0.3436466272292151,0.5428482146852339,0.2939702440276974,0.258548633987465,0.34074678118120016,0.5552617865713856,0.4216927015836018,1.0369530497686206,0.5434828252278219,0.6315914865290747,1.4805519944816836,-0.3724084269147321,1.063771677082587,1.2181646236235162,1.0222464605540365,0.9040950141015238,-0.13355629338206254,0.579541911984765,0.5925687758155992,-0.03919469213586043,0.4397260536305519,0.32300538337617213,0.6076981857983483,0.9282882158036823,-0.11765330897787137,-1.2059470288331628,1.9401899089136434,-0.9394353604879219
0.9769165851263221,1.4154865636101222,0.9826244953951792,0.9281015667478016,0.763301261969462,0.9772804052570342,1.4817250761473175,1.0612584503113065,1.122829405560461,0.48307026737759573,1.1023760243730156,0.334591583286036,1.3846392651149482,0.7586984926643,0.19090953590283466,1.315826746670539,1.3827004299303385,0.7802412769370574,0.15915162856524295,1.3512592971231598,1.4826020862393208,1.1573977051018176,1.1472140865237628,1.2340452422906028,1.688856816828352,1.2915263001245296,1.2926386172093083,1.3203003688422514,0.7625668007874716,1.598672238510863,0.5811975425108421,0.9420293250071844,1.5622557089207056,1.1881980026812902,1.343258827842047,0.1382356459761162,1.2813320451209465,1.3072435474627884,0.2030754048953675,1.33531693242303,1.0540479755561896,1.5390945695783487,1.3825696826213885,1.4085210065712956,1.0068233091797973,0.7898447784547773,0.7095161900434591
0.3654863452879823,-0.0123111429677043,-0.2652307940821922,-0.23057725729876152,0.33987846171671027,-0.03891917164397858,-0.016246964240514007,0.04426635054231482,-0.1137347777781413,-0.1826984601068671,-0.35505003897558807,0.9273632067516883,0.2967770202711017,-0.07471041416547937,0.3105345745622135,0.0407725106686477,0.021795749782893354,0.09488678990482459,0.42678995857231533,0.2774281794109817,-0.15501801373700683,0.24491819469323264,0.04275586530638827,0.10538877080671723,0.012816474026296681,-0.03318842421885297,0.10067899008581171,-0.005373140075444961,-0.06336668695765188,-0.3201790726570205,0.04099264739840925,0.09238128474420752,-0.11425038891357944,0.048899472332492214,-0.3326677848883319,0.26265266453789615,0.09491868171335373,0.09373031324031794,0.4083617924240394,-0.2086103726322496,0.27091777234815995,0.13752499526750783,-0.08311206086958156,-0.0482817491801822,0.03873628629912777,-0.02112546884604947,0.03053613982465521
0.08328777305490223,-0.2830088494192626,-0.5339272722435257,-0.898956858395482,0.40274472900314434,0.6998076634733793,-0.2749443578820951,0.07699972556262556,-0.3004227949365724,-0.21856961999288343,0.24572101003834024,1.4641878455306945,-0.07574580117416999,-0.5882688219813754,0.1493008268039197,-0.20613955026686265,-0.09353515531434752,-0.5215185535627982,0.436960215112584,-0.11715184985643019,0.35289157033120744,-0.06009408456834364,-0.3437872726835005,-0.08242792347901752,-0.07424265020933446,-0.4041168483160603,-0.08620391557083626,-0.2737985408857821,-0.6964666397343882,-0.5974000535418275,0.28635288601817815,0.6150003797129665,0.07441014383503555,-0.09468980525278994,0.5698784352622285,0.12416467363877204,-0.18858215670004094,-0.0534308065814359,0.3842419818788957,0.4922688556496018,-0.08801943695034194,-0.047441615220512594,-0.062145223939533555,0.04421366388340417,0.6610779438652734,-0.4924143976831571,-0.6484439103941487
0.5301021790906122,0.8475521598784215,0.5185979053382676,0.9257888345640765,0.5155342085464537,0.5917105575711115,0.6685402542224946,1.1052791960282775,0.5009696689630366,-0.010516892653988395,0.8051691826650663,0.04819630453296753,0.8294402663340016,0.22592426029524412,0.9346652110459356,1.4686931592824592,1.197426911419287,0.2086528767864321,1.090533016989855,0.8030797754938661,1.0150728448012385,1.3272324833028653,0.40113626057805263,0.9814929425589426,1.0599611851122153,0.38008380235758726,0.6213477819650299,0.667584901244371,0.19858394155914358,1.1020850901432946,0.49459981123327607,0.3099296975965166,0.6682620480551084,1.072855796096391,0.5876387365532054,1.0032301559770722,1.5276266532929874,1.286112720001203,1.0729965718902388,0.8306263824446937,1.3775610502649618,1.0623580477076124,0.38614571804101516,1.5703879794325706,1.9057612589975632,-0.08351092431213979,-0.5514467603628911
0.29493670222971174,-0.26708545492211183,-0.46087443745753925,-0.9960916101119591,0.6495872784954693,0.1041888132647697,-0.2644823309333547,-0.3045134039844544,-0.24252999519057789,-0.3649239523278294,0.02957057970528683,1.2164226276326897,-0.2802748296303736,-0.46026663584500555,0.6723817411902763,-0.0813519039083633,-0.20514570863425824,-0.27399112816584464,0.45569489821307874,-0.4021642412390328,0.4407329017177784,0.1169420020109287,-0.19774176497846788,0.03670287422922919,0.054215218418065966,-0.34041287561344813,-0.20335439374366096,-0.27022297180509053,-0.5973672453316483,-1.409778058395568,0.5224347962867789,0.17490841642493424,-0.13140134643618046,-0.4442473088825344,-0.0032949245829394886,0.669970284829443,-0.2555207127982254,-0.3885053563294321,0.5337848072587901,0.46020750569195096,-0.01871366011788481,-0.020591623375477153,-0.21590202809321826,-0.0020340426483890168,1.2834196014314176,-0.6801960345361947,0.17603186487154177
-0.3086546883799318,0.27430995798100427,0.2696539104023296,0.7231934952697078,-0.46296075168829026,-0.8973447037085094,0.03301967175446365,0.39981852748707825,0.24233846470452633,0.010718833998532708,-0.46630393694113076,-0.5347179930593217,0.37230593695643144,0.25617368733376644,-0.2718387502900967,0.45632985961001804,0.7992004571738454,0.19182928575666702,-0.4845720827677681,0.3552519222076685,-0.36864317333870394,0.09800209030244773,0.19162464299648052,0.13056782590610624,0.7449654446960206,0.08156195752863132,-0.20632964398297043,0.13419997526935784,0.3069620690683814,0.8552378862945617,-0.2835426598179926,-0.15036431986371218,0.5409161884497936,0.6637440511075047,0.5211183353542733,-0.2634535853804933,0.6113237691059425,0.9954129079225366,-0.34889305953551303,0.11320050414169952,0.2520324990514396,0.8294194517897947,0.2477645943026986,0.9922916477851589,-0.5836053712670172,-0.27531342643104717,-0.5514467603628911
0.5065856314045212,0.3539269304667567,-0.042623443446781824,1.3652079494719545,1.3383427068542035,1.849715712762888,0.6114746526839111,0.6199222560719327,-0.12674439569858878,-0.16834999615245935,0.8528494246502994,1.007287470589753,0.5494506113522212,-0.30715990472789473,0.43684672718392037,0.7644604767644891,0.6616962554837155,-0.2567538422746919,0.5873729565765587,0.4105477394579461,1.2164111113105478,0.8807984312279634,0.2412842131053739,0.7105227130771584,0.5303007789234075,0.051481734965056355,0.3703110430232648,0.3696728232469543,-0.25272858709027485,1.2226159513975585,0.9172792138975855,1.1456546394369456,0.19661071618357046,0.672688956924292,0.7652417494629761,0.507043236712825,0.860315337992116,0.7955756539286873,0.5262808662003015,0.7808013115645593,0.8852552415844511,0.6387248430414999,-0.1330331011792195,0.8304246749238838,0.45363072467655824,-0.269425468504173,-0.7939396354410353
0.21654820994274493,0.3486191323010402,0.7860402575805284,-0.7740693204742957,1.031407401867492,1.1640665634638745,0.3194889914781558,0.10747562644360653,0.3178592967327282,-0.27452862941506895,0.7304701368882025,-0.7284011257602345,0.6296915490604142,0.6186089330186849,0.8113251090741527,0.606280850498953,0.4116886160471155,0.3251769294106245,0.3208051798895137,0.7238907038761851,1.1520279417588772,0.5594694619590809,-0.06170512414082464,0.47886169841042997,0.8006102275990747,0.2561381162946792,0.2791940044444011,0.4244022535664323,0.7957051333106809,-0.04777932622238323,1.1028457809209402,0.7258879135782577,0.2973725916288541,0.14187941437542165,0.29701562451903596,0.7714294011566104,0.6831217973728905,0.3540922944634226,0.3172425081423837,0.9423487646988437,0.675901797522629,0.8135481232769514,0.502960952365568,0.34482375634005763,0.17703443242493794,0.7275084476818734,-0.7454410604254065
0.6555237667497587,-0.02823453746485463,-0.21788754063719673,-0.23057725729876152,0.40551824079519305,0.1869186254236907,0.13022141304185172,0.06232614365696913,0.23069485666572503,-0.08656375161234314,0.18373669545753804,0.15342991858642116,0.0010806285464405965,-0.12367977351062859,1.234842326688106,0.3837088730589366,0.0024499205407761742,0.02662713777585911,0.6526767090982843,-0.046154751164715534,0.4271162745518037,0.48411459455033856,-0.27970154249165596,0.19769260318775558,0.17962906172254237,-0.17163809110419004,0.6501705186583441,-0.005148447975240038,-0.05926384578811186,-0.5949894363167426,0.7554239304383251,0.5437914161086863,0.09799271042861234,-0.027603011626878494,0.28086989607269297,1.2535453480835153,0.32656779139112585,-0.021734565389058907,0.5970323104660578,0.5078268817347031,0.394195584356689,0.18346831464679017,0.23438575549971558,0.4141953161377472,0.5919288708023683,-0.9372683101083144,-0.0664610102066025
0.41251944066016194,-0.4581661888879177,-0.36311532206581965,0.20190366105794094,-0.004591702855724921,-0.3681472673634398,-0.7820673368883124,-0.5429026730978959,-0.752767210030557,0.07557389107244994,0.13287777067329012,0.5924805412701928,-0.35539400535719246,-0.5043390592556394,0.7001704147670511,-0.17847859782194708,-0.5158694890768898,-0.7680117418062816,0.5441226024474163,-0.23272693455361487,-0.12943753621968615,0.08615993874714548,-0.4567910273810827,-0.1633587913311699,-0.4268625436168717,-0.5354745897717443,-0.5964593316124706,-0.45757056879918556,-0.41065641180088214,0.1142141513033469,0.29521884422040495,-0.6602039994946327,-1.0230367506424203,-0.44236417081584156,-0.7243631569966078,0.6252394043465178,-0.0455677716145556,-0.3085100809391448,0.5650869613884886,-0.44816458693499583,0.17025912890391773,-0.30448553715031734,-0.6076823524432566,-0.2563964285732501,-0.5144562982041121,-0.5065462797275412,-0.7939396354410353
-0.21458849763557253,-0.4528583907222008,-0.5455279369949485,-0.5474215664691785,0.2437300529256918,-0.22535820417205527,-0.430923668754225,-0.5325182920569695,-0.07828356894491983,-0.4897555887311668,-0.0705579284637016,-0.49129247637397366,-0.385100224849162,-0.41470653569477217,0.004413357620199478,-0.30599307552686594,-0.12776239166578632,-0.4891124560874302,-0.03783018231996267,-0.2731406676550521,0.00058716704933912,-0.17001209436756196,-0.5358245979858611,-0.3345946926759151,-0.2757571265869154,-0.498773623073013,-0.035996567782483106,-0.46061649907052843,-0.4821720894176367,-0.5588301779404637,-0.21880054643428876,-0.2818189371861419,-0.3200618791847962,-0.5513507864256544,-0.29876175515101194,-0.03654064200353033,-0.37268470075237753,-0.17493306448555127,-0.12549001430848708,-0.11443508055762468,-0.34168724242943105,-0.4478048269542612,-0.16098888375261683,-0.21014872204145732,0.10788535936203285,-0.5947075908600737,-0.5514467603628911
-2.417305130899339,-1.7585767394885403,-1.9100169369460853,-2.5618112984942427,-3.0918801289780826,-1.8540230743791413,-1.1984560094481809,-1.989717848995671,-1.388677333982065,-1.241615099942068,-0.8334418002274194,0.5730323037362635,-2.068452662727429,-1.706195905259552,-1.8375150326692602,-1.8869722604383272,-1.6471540575275043,-1.3964831853977107,-2.3357728837606864,-2.043630816279676,-2.0588854333062425,-2.2366307076679397,-1.8831689858648333,-2.147327605205518,-1.7922905424677424,-1.6425800267026576,-1.4845715280464522,-1.7940559287015583,-1.8398969133685432,-2.272779024976098,-2.1342598882642525,-1.8274015248595923,-1.4241547697022598,-1.9954822913202561,-1.1787039554766934,-1.8509554960295114,-1.8966925819599119,-1.6480536075217838,-2.1317222558746027,-1.7120868098662654,-2.2370456096382285,-1.823717742390957,-1.6596185138479471,-1.7825707441224174,-1.8282886863993077,-1.3443009285362488,-1.0364325105191796
0.036254677682720365,1.1925590406500153,1.268565204943763,1.342080627634699,0.6773223964159549,2.21166474277674,1.9962665833535518,1.6910937351848907,1.1325866190007974,0.7399077721614734,2.3118648293984108,0.7382091156682665,1.1534770743555993,1.2127498308962181,0.37591968886050997,1.9633586503978808,2.1609980217478486,1.0970625916164447,0.11044145250395597,1.1348546789955307,1.6411184080059789,1.2090070818124263,0.47020393798247145,1.0781623960679285,1.8617574551704439,0.820801139941477,1.8160967061878808,1.2550613816321687,1.276999962814431,0.6705846068530296,0.838928885598835,2.603692355413751,2.252581749205411,1.7095918548966995,2.412106050989938,0.34041330113901047,1.7875450836292008,1.9517337850411391,0.0026129794757231146,1.87332922940895,1.1258536537786132,1.7395745086879462,2.0075811072980545,1.2235301804441236,0.246183505487843,0.9286213158984788,0.2245304398871706
-0.08916690997642608,-0.022926739299137727,-0.2077918269886611,1.3194158522341861,-0.21963131713255987,-0.31961909747238243,-0.43415738617474464,0.00137434189500882,0.05317862014120934,0.8854011966591551,-0.3474212002579506,0.7968202424828476,-0.32725845953951066,-0.09733549791355503,0.22523672090943853,0.139396002676338,0.03682597096330892,0.19065715031606892,-0.5566203212056722,-0.2704100100130627,-0.1897826715083442,0.034432893598983064,-0.2926236242285849,-0.06866764958076091,-0.18127058056334927,-0.2265988958153173,-0.1524032333954801,-0.14553373164057554,-0.0665858392599066,1.5784230538201458,-0.17838827183809042,-0.25073946237133,0.05897428206469449,0.016886125198725378,0.19949542470312576,0.16845120762683363,0.22946926176273613,0.08633452362876316,-0.4181437155895719,0.08982407760623771,0.17329852269111026,0.021055697308599384,0.3613848820474343,0.8304246749238838,-0.5144562982041121,-0.7501803301514754,-0.8424382104566641
0.804461902094996,0.46539069194681054,0.18311922198631023,1.3652079494719545,0.561759405080597,0.3910285245362932,0.031307703708306066,0.8569570407017766,0.3806307031988911,0.7929970887927762,-0.00539493108388341,0.8074768109945893,0.6416423270169535,0.07095793325363389,0.4071262206846951,0.4683470857364727,0.24501685642271478,0.04317493223136637,0.7533087211809434,0.7006801139192783,0.39058615063756824,0.7773286518066327,0.655680283655835,0.6875398782994744,0.2989548543811699,0.3644771032016935,0.5562641829801286,0.40749859405113065,0.12915124484384796,0.5958554728753853,-0.1858109345190249,0.2429699913030137,0.2716461553449518,0.8021546990093836,-0.00975321596147646,0.41076816282573136,0.5228752852960763,0.4031460010706746,0.7406791821571398,0.3723538925708925,0.753497520909655,0.4716582271168362,0.37616150997908676,0.5298145824672296,0.10788535936203285,0.08155481879898932,-0.1634581602378602
-2.62895406007415,-1.678959767002788,-1.5804326454137703,-1.0021047137896466,-1.7761261348302302,-1.8697033921495103,-1.4613382138692586,-1.4086440055316558,-1.647763874867791,-1.3168010510631583,-1.7117118575954007,-1.4394606597062223,-1.7476937823739116,-1.421429782687889,-2.7105549110839897,-1.8275627585107392,-1.5008698256428752,-1.239623883788221,-2.482438688604561,-1.7879729945484548,-1.9110032278173432,-2.3541014622455396,-1.9350701823724834,-2.2456010147364287,-1.679661605519548,-1.581101335235534,-1.4866170125859783,-1.7519993408818795,-1.4572596338338895,-0.8914953550022313,-2.171991756892335,-2.1862592156061345,-1.6353259341992892,-1.5065725707552864,-2.135176908638039,-2.746758029674339,-1.8264723043971085,-1.37772995049536,-2.5789571429605673,-2.47864454067193,-2.2098278382739194,-1.656651126466293,-1.5717574829029841,-1.8056945973883138,-2.2431831247767375,-0.03643956756736186,-1.0849310855348084
0.6790403144358496,0.4972374809411112,1.133119605683908,-0.5081051193458417,1.2643823923995747,1.7752464069907787,1.1631088008902237,-0.13633158060423314,0.8327149259344664,0.43428548993261307,0.5508745587438278,1.1804567089055609,0.8191967423712541,0.867484854247511,1.0461171104180287,-0.11308102019064055,-0.6701896808005529,1.070517171344069,0.29297079356877914,0.8815861827010506,1.6609705113362347,0.5293620310705994,0.40488396409804356,0.5536285476256118,0.07369698048478031,0.6040075878710076,2.676129978488376,0.5175743177244457,1.0601805871625776,-1.694230890955631,1.2781030942207756,1.3833192172179358,0.45387507902259105,-0.9279783997641001,0.0386839693775514,1.062476355292207,-0.4249005258043417,-0.8496101984375968,1.3249145931395248,0.5724419242476355,0.23740845584436263,-0.1548415826006535,0.40611413416487063,0.5760622889990223,-0.09956185982668238,0.3848201083635237,1.3884962402622631
0.09112662228359847,-0.5749377485336881,-0.4345377931570117,-0.20744993546150445,-0.07614830709057871,-0.5195255215687146,-0.5013045773184789,-0.4185158480207128,-0.4780040795506907,-1.4884086799578602,-1.1338273247343835,1.1271738663468518,-0.23930073377938071,-0.4838215175553309,-0.32845631517112006,-0.5818407301877851,-0.6032233488086061,-0.8048995336133493,0.00927416376128182,-0.20726355204206703,-0.5992017826684595,-0.3409921786941224,-0.16301804263124556,-0.35024499742768767,-0.6446929957253263,-0.46995792840191974,-0.3642038598063479,-0.5240139992880749,-0.39159398052086525,-0.7299840009215188,-0.08271839728382768,-0.5061876340465739,-0.6823758568497499,-0.5513507864256544,-0.9623511942956997,-0.3298093286134446,-0.6026677939523468,-0.4798207178598538,-0.031154755287478686,-0.6235567139146291,-0.36773484718567157,-0.6262081061023842,-0.47249617528475724,-0.9501120265501442,-0.37615815207830267,0.09133557834559138,-0.11495958522223135
1.4237309911620342,0.7201650039012181,0.7625253965979146,-1.2458666859543335,1.085028629847098,0.7150106834354498,0.36704365942697587,-0.37901005058240467,0.8642632493915533,0.32667201027456416,0.6128588733246301,0.2626597458317763,0.5798397324417066,0.6787358679108296,1.498611821868727,0.20413285149419436,-0.27508832204806877,0.8843544837196193,1.3458599838166012,0.666888225599664,1.1468630142131626,0.8358333989578295,0.8604548039881379,0.9688765954937852,0.41341020652311883,0.8746649688865977,0.48839128689587297,0.7456732078746218,0.8490420685147031,-0.6311486946930215,1.303876228529575,0.6248098354197614,0.4238609033580393,0.13599460791700876,1.1947181261356945,1.4586853132121658,0.2778781839968141,-0.31379278780454056,1.5092971448624055,1.1743209029980914,0.9177083687472002,0.18645164707401699,0.38914098045959356,0.8535485281897806,1.9057612589975632,0.05505352834122017,1.3884962402622631
-0.026456116146851744,0.23184757265526984,0.44993451126903533,0.11864530244381509,-0.17044770802023182,0.18158699195144137,-0.06285053883035786,-0.0008831322443225683,0.4053489772477424,-0.04638805254000471,0.14241381907033696,-0.5765450244679101,0.6030583867572692,0.6003229064277749,-0.13973109890104293,0.11588624683411082,0.15424027305585417,0.35758302688599153,0.2389078509073495,0.6566482594422058,0.1338047346193521,0.1616795419684608,0.3039458159596217,0.2008438962545171,0.50412216114626,0.35739848017514003,-0.027628676484424575,0.270328227840834,0.35575431866922036,0.012486104404748786,-0.05179063611326882,-0.41548407240747637,0.015453727351093608,0.04772251104081064,0.1484749228126822,-0.11133896863888643,0.096458919463693,0.09599433046834502,0.2095073543740729,0.06934656428561957,0.11971552991979943,0.5408715394284824,0.1674915614848006,-0.09452945571197498,-0.23786000595249254,1.0083020483385547,-0.30895388528474677
-2.1664619555810467,-1.8222703174771424,-1.737574623073584,-1.6367184250039721,-3.5236234646069806,-1.979953762027855,-1.3734571874998391,-2.1567709353062265,-1.7409127391782002,-1.8629035891678702,-1.3785859002585763,0.6156585777832326,-2.020308100102513,-1.689149609284975,-2.01583807166461,-1.9559623301609483,-1.912043104073426,-1.4485397887889921,-2.2265764451177996,-2.0364628399694547,-2.318164796101114,-2.1303290411828404,-1.5178778253023057,-2.0329498216263344,-2.037030178430847,-1.6537642220083206,-1.7235213128910223,-1.8121524848182955,-1.695350662933974,-0.8818528861018904,-2.5105476491727217,-1.662980129608255,-1.8872306228124973,-2.0354989752374655,-1.6824506830025876,-1.9783348245570496,-1.9263851882185958,-1.9212450197037076,-2.231953468584425,-1.9751356129279054,-2.2224641179441726,-2.1387576467060376,-2.023043687302111,-1.9213138637177962,-2.174034051713833,-1.07490987307487,-0.9394353604879219
0.5771352744627918,0.4388517011182264,0.427673776205494,1.0414254437503603,0.792885387751313,0.6001717459909576,0.28810291063193405,1.0827044546349605,0.13344796271037535,0.23340699457092295,0.2647931068324328,-0.7377256232080079,0.09873555699130608,0.23832156645857314,0.1916525485653146,0.39916047569166885,0.5426449986091434,0.38447319287618986,0.6355478559778321,0.2159883824662296,0.45519469884577973,0.4169494503952639,0.3837469162452943,0.4410424566765854,0.19545799340174758,0.29882647282141567,-0.2526319758322293,0.3883087444283039,0.05971854812855323,1.0297665733907369,0.4842905575097569,0.6523565500341771,0.06797853476406056,1.2140911510983081,-0.07433612974684732,0.18859491539397857,0.5827856791667111,0.5314403106588712,0.5584406135938269,0.1559200866528404,0.5677145756675113,0.5492248702247157,-0.3027646382319887,0.43731916940364396,0.9376742361168923,-0.3650450778591198,1.3399976652466343
-0.18323310072078536,0.2636943616495705,0.3577562562171893,1.3698334138394066,-0.34795246271134195,-0.6726535061485042,-0.3036673773231824,1.0339430132253924,-0.02995283837045415,-0.3764027234913544,-0.5031766574097104,-0.3690083527017327,0.3726473877551894,0.3126434169077293,0.2695202755932838,0.9565196796015354,0.7999445275293118,0.1668007466427133,0.12264576035227741,0.37033880567965805,-0.1786339406314851,0.4706172403067947,-0.2170519322886718,0.12263707168808925,1.1154842070023527,-0.004084583504657905,-0.11130758946501317,0.1611334844437385,0.36067772807266874,1.4082334777291259,-0.4060165940534071,-0.5490870509394241,0.2326277269810332,0.843819128734949,0.1817351234121488,0.23391825787005785,0.9246187194177289,0.8351204881782256,0.11881686672432985,-0.13584213670256737,0.4993175775774247,1.0031687323514455,0.2575491182033875,0.8304246749238838,-0.3070090790153976,0.2098541295834425,-0.8424382104566641
0.7103957113506367,1.0439406920099443,0.773498998389801,0.935039763298979,0.3352559420632949,1.5058931517869378,1.4588988355318844,1.3750473556784322,0.7764483284285273,0.5160717344727314,1.3423665756986851,-0.8123216027902026,0.6139848123175335,0.8374213868014386,0.5007458161572527,1.355258476927801,1.390141133484999,0.8836649922839739,0.018909143641536792,0.6962427952510464,0.9061398274734404,1.0962101175744194,0.7756367779237038,1.0024531388788809,1.1378882333790743,0.90761095068409,1.334478073699603,1.1253836127586831,0.7979143554788947,0.8947720087859606,0.40594022921100653,1.768481618912791,1.3928900033850173,1.3976971126008007,1.2205512916498422,0.5292605614560012,1.3811187088861028,1.3993135814025528,0.09158828059781086,1.0154911810027238,1.0901103828412284,1.2157013344670358,1.397545994714279,0.9229200879874694,0.6610779438652734,0.7614360610215003,0.27302901490279946
-1.7823583433749086,-1.8169625193114256,-2.0133569126776782,-1.953100187737645,-1.9216430535197129,-2.0971498997846965,-2.0532987204961706,-2.1854408568757417,-1.8288577563204302,-1.3882564015561025,-1.8213764141614348,-0.5293897088034517,-2.274688945177424,-1.9537701093412285,-1.3863577440110282,-1.9602279176477837,-2.214135668392651,-1.7130287035028398,-1.4710869671738371,-2.1766821098855904,-1.896222144259244,-1.8970646994908906,-1.9029588592255957,-2.0785698174268616,-2.259244027004312,-1.690214333007066,-1.9857152402302003,-1.8683419456805637,-1.9894928144733153,-2.266993543635893,-2.138589774828131,-2.0565495060730243,-2.2017363063831996,-2.356809407866827,-2.1910411290623846,-1.3510656893080677,-1.9761767937970323,-2.1785883112894426,-1.4631211075632027,-2.249929740998601,-2.114032224889185,-2.1534356422479908,-2.1194911371803316,-1.5050845049316595,-1.5516923941476874,-2.6372335961468716,-0.9879339355035507
-3.405000133715122,-2.0558134367686827,-2.0845285585850566,-2.1145288941616975,-2.6492276469671276,-2.1704585040684425,-1.7508510323416748,-2.2829637396948765,-2.1008238189474,-1.8654863126796637,-1.9523381454808728,-1.228993431599317,-2.3608711267840117,-1.904924723057713,-3.2838634814540377,-2.3001048759667007,-1.9382343805858315,-1.6176030888094182,-3.650305305423423,-2.4104264040398498,-2.722415223404573,-2.9645966945189035,-2.4393082004793776,-2.8844053686960813,-2.282135097432702,-1.9265107345271262,-2.0487533546755774,-2.1351202285674544,-2.0140467408571787,-1.737622001007166,-3.5002360066306157,-2.3542856988418817,-1.7913996476549623,-2.304081541999445,-2.0331359048571533,-3.337886983341089,-2.3196295109946816,-2.1011589220909195,-3.5717285449987077,-2.9269244451842367,-2.955994453939006,-2.270382273395255,-1.9755188569273359,-2.314419369238036,-2.174034051713833,-0.8128651020688759,-1.1334296605504373
0.18519281302795776,-0.17685288610492603,0.15207960548926064,-0.36009025958739826,-0.02530059090302143,-0.0187696107595364,-0.03621992477901852,-0.058448722797283394,-0.24220475474256697,-0.3161391748828467,0.29181191062406475,-0.584537450851717,0.2902894550946946,-0.006835162921254159,0.06385437061864789,-0.26287566214911945,-0.49086872513322993,-0.3849992493048683,0.01623276034146546,0.349107942513193,0.3446464678127761,0.09132950543695967,-0.04406093596870769,0.10571097748552907,-0.15521372379911758,-0.027420415005903916,-0.05831094457730695,-0.04777753254189962,0.1187363403365542,-0.00920945062101956,0.10078631899482346,0.6639346460844212,0.289869047712716,-0.04408046971043554,0.42779602493441277,0.061956164357881004,-0.22788469906578238,-0.5522692691567171,-0.09761823323409907,0.555997681486801,0.055842669481948694,-0.07250160760921229,0.43806359996303823,-0.2563964285732501,-0.3070090790153976,0.04453648802836094,1.6794876903560365
0.7103957113506367,0.8210131690498373,0.609522034471041,0.6482609725169963,1.125706802797145,0.8433766746742348,0.9538682619154151,0.5521980318919782,0.5985418033663982,0.17601313875329602,0.8051691826650663,0.7808353897152338,0.6723728989051979,0.39328789350018334,0.8232133116738424,0.9134557075248764,0.6393741448197335,1.0153578564923806,1.0209470511880157,0.6665468933944158,0.8691401646914128,0.852714897465389,0.7430767297420228,0.8727062829670039,1.0660492357580633,0.6174081234526985,1.1885048588334655,0.7613444416227118,0.3027329866320857,0.47532461162112133,1.2265568256031771,1.2658430742776892,1.139913379926647,0.578532053589681,1.0558648614971466,0.9291724068331545,0.9613796488309768,0.6672813443404907,0.981877287608583,1.143559337498182,0.8117019119343923,0.9251247560552093,1.1549297388094395,0.48356687593543674,0.5919288708023683,1.4394362365856284,-0.6484439103941487
0.43603598834625285,1.6702608755645296,2.314192689970657,0.5603771495354201,-0.004037000497315182,1.6241328361155605,1.7946347912505543,1.0635159244506396,1.6994807198843274,1.7615184057152167,1.8859213343303345,1.2244150540164966,2.056272986272463,2.2714797772444992,0.0653403959436099,1.1613040953885385,1.9154548044440454,1.9423790917185746,0.22445538108696855,2.172163250746106,1.1077973804128485,1.114707595957702,1.4572491063875443,1.2800798231009776,1.5068241025174853,1.9243350633669098,1.7240499019092324,1.8142895919870263,2.431160744122768,0.5572855972740217,0.10181724436717449,1.8158902210902172,2.2868836642506145,1.0163616540956235,2.3233045445350533,0.0812111791352989,1.1808855946976948,1.912490819755338,0.35851418396407564,1.3018573294881095,0.9763154794487396,1.634561207249585,2.082462667762511,1.131034767380538,0.03873628629912777,1.5671104757131122,1.4854933902935208
-0.21458849763557253,-0.6174001338594225,-1.0547030601384795,1.72136870576571,-0.004037000497315182,-0.3933724565320432,-0.2806509180359537,-0.29999845570579003,-0.40189781471606856,-0.7494627863059242,0.2520783756363711,-0.5419111768047478,-0.8279619108386372,-0.8064614104559633,-0.29502074535949085,-0.4463736568846105,-0.6017352080976742,-0.4608433072259399,-0.12186861794218304,-0.7834323145017478,0.13322250642328898,-0.363357026391637,-0.38680591215496957,-0.2990979464824081,-0.6246024285940268,-0.5899205260612546,-0.7472673281174872,-0.5335012591348067,-1.003864124283013,1.7384880375658087,0.008003035483145383,0.16509331011001324,-0.31898994433963307,-0.25240261833826433,-0.012982361650745518,-0.23575598720066848,-0.40361964777530285,-0.5620800104781682,-0.219825273329497,0.11972305887509956,-0.3801963617131607,-0.6393347687821791,-0.5783287807411899,-0.3026441351050433,-0.6527544443299222,-1.0065391285520109,-0.8424382104566641
1.580507975735968,-0.5749377485336881,-0.572178112775244,-1.1903611135449168,0.49427061814074746,-0.7872624728308155,-0.9568782962681751,-1.03029133977964,-0.1254434339065442,-0.9689942848083443,-0.6045766386983042,-0.9521890645068167,-0.6490416922893039,-0.9000610719890954,1.737861899187487,-0.5716382999800933,-1.0868690798615526,-0.8600588484650379,1.637585763524311,-0.5786329913525722,-0.3799646945189099,0.1390558237083304,-0.015583386154803546,-0.01558959352223113,-1.0611156599013545,-0.4029901420425794,-1.2056418181111566,-0.4914333846980576,-0.7829419074616195,-0.5467770918150363,0.6193417812878655,-0.4007642382391577,-0.5194417603850372,-1.2151569549346644,-0.21803311291929808,1.723071477655951,-0.6751913668787661,-1.2835468338094376,1.6502640376040265,-0.17672626600974484,0.04730957142440529,-1.1315846192744925,-0.8648755521185112,0.02108981061750737,1.0759723822427023,-2.361941909737287,1.3399976652466343
0.020576979225327897,-0.5749377485336881,-0.6916336065669222,-0.27683190097327404,-0.2795391718408091,-0.3420575183011673,-0.5393483116775348,-0.3620789945374169,-0.6048478542750608,-1.1010001531888844,-0.9907865987786867,-0.4446699891351029,-0.5022178488232486,-0.6294898649744441,-0.09069226317732008,-0.531292325976947,-0.3130359101768388,-0.4911809303943686,0.10027119596368735,-0.6373421306553357,-0.6450287761649817,-0.39637478996892156,-0.5501308315561736,-0.5235474914360732,-0.4985797802249653,-0.6482682825211926,-0.7918960817071349,-0.6304852871872696,-0.5525515956335946,-0.7058778286706657,-0.20642944196606464,-0.44453949939154325,-0.564463023881866,-0.3983458185069113,-0.6717280822615304,-0.13725918083925717,-0.5702521885763018,-0.3062460637111177,0.006364950004967421,-0.5443880242157606,-0.444403555467603,-0.5068748090133386,-0.8019750413283679,-0.025157895914285404,0.38448165161365316,-1.3655552568331923,-0.1634581602378602
-0.7162748482721606,-1.0207927944539015,-0.15361358728471866,-0.6676836400229145,0.573777956179475,0.017646042478186786,-0.6354087409341511,-0.249205287570825,-0.22952037727013042,-0.16548030336157862,-0.1118808048509027,0.915374567175978,-0.02725978775049521,-0.27678650462773946,0.5876782976674865,0.13969412563695285,-0.014663697634943766,-0.5056602505429374,0.7185157382800236,-0.014069523871344752,0.17512415498506861,0.25955614832478774,-0.15983999004629387,0.11072473690380534,0.2569473049248163,-0.284489354909677,-0.510177074672486,-0.18161028484706845,-0.2549378092584886,-0.42383561333568753,0.7317126468742293,-0.1277551066298251,-0.4433343863784935,-0.23945604412975535,-0.269699443947595,0.6366442977146809,0.08936897119458229,-0.06852425476828275,0.6758236915801957,0.3231787139196303,0.24783357653443322,0.22344496917162057,-0.4685024920599863,-0.9963597330819374,-0.9293507365815425,-0.3261752499116379,-0.8424382104566641
0.27925900377231927,0.05669023318661468,0.007228061836359524,1.117745605813307,0.09303591222438531,1.2662788043433644,0.46215299532461535,-0.19841211943585835,0.3318446359972103,1.065617903926501,0.44915670917533196,1.8025338957785035,0.032152651233442985,-0.04805620591432287,0.32316578982438526,0.04025576420358274,-0.007967064435748869,-0.11265013222465475,0.15165775532504414,0.0668262087725798,0.2747227396211567,0.16036950003037415,0.30643928803492226,0.2233089653864798,0.1290982413620002,0.05095218301652006,0.3805384657208923,0.11962146289469533,0.05025045312192172,1.65652705191291,0.012126736972553917,0.34510473318107826,0.35418513842247057,-0.07115057941913677,0.9218553153925009,0.29375691917834273,0.015477278776458202,-0.10701254764474205,0.21915527859212947,0.24320258236064837,0.08475490288261713,0.08621167751921824,-0.06713732797049778,-0.18702486877556093,0.5227797977394633,0.34003782437995705,-0.6969424854097775
0.4438748375749491,0.23715537082098634,0.1172776112349918,0.5094970414934554,-0.14086358223837947,-0.047434598451131585,0.9443573283256516,1.0036928597583457,-0.1560160360195974,-0.5414100589670302,-0.24379614101004538,0.034875593893290716,0.22165784454428283,0.03686534130447982,-0.01639099692925799,0.374471477916344,0.5500857021638047,-0.3670724719780691,-0.2208948000447995,0.23988163683363303,-0.03725766569471505,0.4307558804014463,0.13140154589923972,0.23797775037100508,0.21372214533929249,0.04696764079840006,0.798003264924051,0.10936286419471355,0.11337108649946272,0.16194437236003556,-0.1342646659014263,-0.31508406722410404,0.7861748810229937,0.9904685056786056,-0.058190401300505463,-0.011361007294598092,0.4109984171840622,0.554080482939141,-0.11691408167021373,-0.022307933689140476,0.37737253974457874,0.25089162750210153,0.5658614631557114,0.29857604980826485,0.8685251630539872,0.11283428998889446,0.03053613982465521
-1.0690230635635112,-1.2596437119111588,-1.2440760739184624,-0.8041348388627284,-1.077386064020122,-1.1393835070646923,-1.0320146716273106,-0.952408481972692,-1.5766663129325418,-0.9991260591125981,-0.5092161547278393,0.10147914709167856,-1.118195089783166,-1.194187160714072,-0.6851023931618169,-0.9841013534221089,-0.8948989281513061,-1.2661693040605964,-0.5672187990739511,-1.2257988525039676,-1.0162837681509447,-1.0346240843797128,-1.395982519080095,-1.2309978851932921,-0.9229169102405961,-1.2692891539675066,-1.198203692512882,-1.2539179648741825,-1.2661303559666959,-0.5998106707669122,-1.2981794112868035,-1.1678455925645257,-1.043617899669542,-0.8114592318875183,-0.7153215490666563,-0.7208342440933295,-1.0304213862556548,-1.008091404399486,-0.6411179641846837,-1.050870701249469,-1.0806778493629563,-1.0707246377590793,-1.3051791276495182,-1.5975799179952455,-1.2750961018960678,0.16580535401593371,-0.9879339355035507
0.4830690837184325,-0.5537065558708204,-0.641155038324245,-1.3476269020382625,-0.06597876385306725,-0.0010065389165896533,-0.3253523059078445,-0.7774542361744742,-0.5798043397781978,-0.2659195510424247,-0.36776477017164977,-0.533918750420941,-0.385100224849162,-0.42524424593360177,-0.09515033915220399,-0.905469766321396,-1.087613150217019,-0.4167158553445889,0.5284925239750031,-0.40591889549676724,-0.13465880842953531,-0.5447468451603582,-0.12012432661044285,-0.3112039777672497,-0.8760389202675639,-0.3586676979656587,-0.2368259589358964,-0.47494504148371314,-0.5762218331501725,-0.7830175798733948,0.03068339367488865,-0.2968608560176444,-0.27075287630731715,-0.6478616123436319,-0.3875632616058979,-0.09726799630154224,-0.8312540812841721,-0.9914886113939548,0.5139529630327823,-0.10313089451604533,-0.4650562362515765,-0.8780013629602704,-0.2448562314728082,-0.2563964285732501,-0.09956185982668238,-1.2374996153458768,1.5824905403247786
0.5065856314045212,0.1363072056723671,-0.016913862105790958,0.17183814266950656,0.5183077203385024,0.4111509662270814,-0.15035112785618696,-0.3925548954183962,0.12824411554219525,1.7529093273425744,0.03274926250430169,1.7132851344926636,0.04512778158625706,0.0718877312158836,0.31870771384950136,0.1499318889362735,0.2308795196688596,0.06834136963244902,0.14844609536495915,0.01801570342202603,0.5949670290101718,0.18771564491761877,0.1915346981120006,0.27358810701195446,0.32148064177080915,0.089063204443831,0.29871908413987125,0.13897827123086878,-0.03275317976954454,0.45845029104552426,0.5152183186803158,0.5943191539716819,-0.13461715097166835,-0.4583708443827266,0.27602617753878994,0.3048655815499308,0.08932704495209444,0.10052236492439919,0.2132593249033172,0.6039518504959416,0.16937162591805777,0.3087682765902886,-0.07712153603242479,0.27545219654236885,-0.09956185982668238,-0.5558268290338747,-0.5999453353785199
0.6163295206062752,-0.24054646409352773,-0.2661713885214968,-0.23057725729876152,0.3842546503894868,0.29703339933376877,-0.03526883142004231,-0.15213389957955606,-0.3970192079959003,-0.4280571937272178,0.22982759604326256,0.06018494410867779,-0.010528698611340676,-0.29848179041356454,0.47325434764546936,-0.046369934878049246,-0.14115565806417613,-0.6187368459888994,0.6698055622187367,-0.05741871393792062,0.1150607430170861,0.22046669336978383,-0.09121704012624612,0.0912377514679133,-0.051716862819696105,-0.2505831286042696,-0.022979847985502583,-0.1485456980365866,-0.24294488891675595,-0.3129472209817644,0.005941184738441851,0.5033500137506606,-0.018848187694109186,-0.048788314877166845,0.4891497930305146,0.4626085872264749,-0.010144068672232184,-0.06852425476828275,0.607752226263899,0.046974516649322944,0.23271259244314996,-0.05042494764773856,0.07364000570268153,-0.14077716224376774,0.9376742361168923,-0.6520701279277893,-0.5514467603628911
1.2904705542741892,0.18938518732953535,-0.09949805387673016,1.0779666122532263,0.7270607078866927,-0.24051457912104138,-0.47904899271843093,0.30635909811874146,-0.5269202429315757,0.22852851682642386,-0.26191463296443435,-0.5509692600397282,0.35024821535664674,-0.6679215140807638,1.1972458859665864,0.6981376137961649,0.22433170054075863,-0.6403868770681869,1.2421233671058607,0.22813980897308048,0.1732685373795532,0.9013339269496586,0.223220282139017,0.5331250280550629,0.4820834178082884,-0.11629471509517056,-0.3244098878555793,0.05723486907983027,-0.4792685402822694,1.038444795401044,0.7622280378958484,-0.6340914092226041,-0.5434531009166788,0.4544803334463303,-0.8025084826769071,1.2105918535800422,0.8397860430257785,0.5184599452181823,1.2741021922577536,-0.044865102142146,0.9097573145999045,0.586695525510676,-0.5565632071661873,1.2235301804441236,0.10788535936203285,-1.1725382097292865,-0.5514467603628911
-0.08132806074772984,-0.877482243979547,-0.8606897804579277,-0.7541798236942536,-0.10277402029424622,-0.9721828305143048,-1.1663090539147785,-0.8277959094815747,-1.0110081257514538,-1.0258142020677943,-1.1554423677676893,-0.6242331685579564,-0.7900608721764689,-0.8401200966894006,-0.13779926597859254,-0.888775322190636,-0.9883541647978448,-1.0692505500400675,-0.09981521954959995,-0.7711443551127978,-0.6810405291691747,-0.72142365077697,-0.7622998207803202,-0.7598646719815861,-0.9807533913761557,-0.8595973818560065,-0.9215054202570687,-0.9055535643063968,-0.7792177900923439,-0.5462949683700205,-0.33653222395688354,-1.083187051498659,-1.088424776197338,-0.7005894782110135,-1.066329685490148,-0.2122056229729018,-0.7582190081994026,-0.736409337036247,-0.1139125052468189,-0.8984808204310988,-0.6202279269660106,-0.8778820296631817,-0.8826474424687428,-0.6726257873593867,-0.9984998096444476,-1.101981461663842,-0.6969424854097775
1.251276308130706,1.1288654626614139,0.9042416254531332,0.5326243633307125,0.9777861738878859,0.30527763420438825,0.45929971524768604,0.9924054890616856,0.9920827454599561,2.5148127633215593,0.3919404187930532,0.34125193860587444,0.7816371545078447,0.6350353636850957,1.2690209091622149,1.114832246624324,0.795628919467608,0.9119341411454641,1.1012385501901374,0.8781728606485635,0.9140280804523495,1.1370018425926849,1.1086527157720696,1.2113026656722643,0.767734754111494,1.0453820496298825,0.6120501249671872,1.0589418466557208,0.8297902753345535,0.25836906136344645,1.4327419000735715,0.6111636167953894,0.636104002700231,1.1787823123478294,0.9751362192654328,1.1735629790080835,1.161544357044799,0.6521878961536439,1.0729965718902388,1.2995334724272973,1.2834918125513535,0.9191580912007574,1.2647560274906424,1.154158620646434,0.7993760899910837,0.7428602422517182,-0.2604553102691179
0.7652676559515126,3.0980585821423565,2.7227242081086,1.342080627634699,0.4785540513191399,2.2944704886778906,2.7229019096115223,1.5680613945913051,3.2817754994588415,2.0269649888717387,1.8382410923451016,0.714231836516846,2.57766835597634,2.9843248816359074,0.6746107791777182,2.0382625963318004,2.2316847055171256,3.4285778812537644,0.7479559545808022,2.5984871751016403,1.488180207988693,1.4977732721292287,2.6596523098653737,1.9672777577518306,2.2045147065317083,3.3541195091560287,2.6017487225056306,3.064261627718547,2.900147050117897,0.7887048508822088,0.27810548303936256,1.6920684452244334,1.8473903777339533,1.2376303769319614,1.3464879735313162,0.692187609572619,2.0057402827570923,2.116252370277768,0.6924395610668509,1.151042944982155,1.4848516509528589,2.3332576617059475,2.3630189143026765,1.9866173382187073,0.10788535936203285,1.9201240614527157,0.03053613982465521
1.0317885297272003,-0.36262582190501497,-0.2520624719319289,-0.33465020556641595,1.2865704867359629,0.3361880911304808,-0.9797045368836089,-0.5065573394546546,-0.808448374730075,-0.6547629242068417,-0.30101243139232414,0.06151701517264623,-0.4687556705449376,-0.2132503105406789,1.542449568955084,0.08100365212400172,-0.5556028460587774,-0.31191315712638046,1.4090226296982706,-0.4113802107807461,0.26867507900399307,0.5345629760104283,-0.3214959321465943,0.21986340263617873,-0.1826099517054354,-0.43165754762993697,-0.9016084342816845,-0.25822248920791785,-0.21580301656441378,-0.014030685071189162,1.2069692435284884,0.40220977890277815,-0.5998368737722312,-0.4760252637579653,0.019309095241940483,1.5245967099502535,0.0548835334262481,-0.6201897859975275,1.2643470688817167,0.6939126899348558,0.4916385491740815,-0.2962515396511729,-0.6032893008960087,-0.14077716224376774,-0.37615815207830267,-0.644756486881741,1.1460033651841188
0.3341309483731951,0.9643237195241918,1.3641923062730594,-0.5751743526738877,-0.03177211841780216,-0.10101127743269724,0.29095619070886336,0.3422529369341174,1.5157198667579972,1.2564524745201076,0.12493106367575184,-0.6524730751140714,1.0332863931926883,1.686636858989462,-0.01862003491669994,-0.08969272185088573,0.13563851416920236,2.2660953207544234,0.3138465833093301,1.137244004432271,0.0805402454570009,0.24010947787858006,1.3216521960962464,0.5921350394431655,-0.036496736205075195,1.4563852351529862,0.6957290379477765,0.9998158368847792,1.528535686823932,-0.4117825272102618,-0.13014096441201922,0.0006097581692893824,0.13336656031897826,0.41140355017074565,0.5101392400107606,-0.044686994409360165,-0.22814508309807469,-0.2141760297713533,0.3820979987193277,-0.1269799699452313,0.18989513246607553,-0.17751490904757278,-0.3207362127434583,0.2060806367446793,0.38448165161365316,1.3299718024402565,2.0674762904810673
-0.2459438945503597,0.48662188460967737,0.3085318138935838,1.5270992023327525,-0.8249964909436996,-0.25918126249651796,0.5544090511453261,0.42803695422872623,0.48145524208236445,3.203539033133074,0.12175238087673584,0.48777975564232695,0.139709652842298,0.5451548940009615,0.48142748693275716,0.6248285152856206,0.5054414808358398,0.6602697671346337,0.32508739316962754,0.1886818060463391,-0.19765214293254127,0.3473681809891073,0.0019808510088869997,0.24492474986215249,0.6764139944237686,0.186559279009956,0.630645438962874,0.30573179699997666,0.22067616324128259,1.1020850901432946,-0.2476664568601441,0.3673398761570223,0.9148070624425029,0.5432232148392021,0.894407577033719,0.48482591196964897,0.7991471568468489,0.7050149648076073,0.3226024660413043,0.3548264960952721,0.6028955587542644,0.841591448092877,0.8254508727658281,0.48356687593543674,-0.5836053712670172,1.111374850734449,-0.890936785472293
-0.12836115611990948,-0.46347398705363463,-0.37998331567734744,-0.6931236940438967,-0.6955659406480981,-0.7495071314266165,-0.4451900691388709,-0.5234883954996424,-0.3472574194501859,-0.013386585444869129,-0.16115038823564318,-0.49395661850190864,-0.15154787849850573,-0.7757780777017242,-0.7140798869985622,-0.6657435728958058,-0.4945890769105601,-0.5542693967559881,-0.1695082406834427,-0.2256954911254926,-0.4907195226537415,-0.521001354462226,-0.08832381300881362,-0.3765281225802549,-0.3189822861724393,-0.31722598741248403,-0.4878626978776622,-0.44418666942394563,-0.6592254660416387,-0.39490820663466475,-0.7115828744185315,-0.6726432482232835,-0.4433343863784935,-0.38422228300671907,0.19368296246244215,-0.7474950337851388,-0.6101571448472617,-0.4232202871591789,-0.005962953162550238,-0.3838055625728311,-0.550577178938706,-0.29565487316572736,-0.4685024920599863,-0.7419973471570763,0.17703443242493794,-0.25535658642763875,-0.7939396354410353
0.6633626159784548,0.4229283066210753,-0.07115480810568645,0.9558543529525109,1.0249358743527124,1.0770953094175686,0.2595701098626423,0.9348398985087247,0.2716751531151375,0.125793514912874,1.1198587797676007,2.115570595810926,0.543645947773331,-0.29321293529415016,0.9279780970836097,0.9790825085881221,0.8678037439478169,-0.15298538120995175,0.9572491286463326,0.5542485978676179,1.26924362471453,0.9276775367489548,0.38824416046928334,0.8361628306839463,0.7318152553009885,0.15731761667675961,-0.0397156305816203,0.4576780093414589,-0.2549378092584886,1.6878650758390177,1.0698561690056763,1.3844832424918985,0.6275285239389305,0.8351096151764977,1.2270095830283794,0.9202854769358861,0.9711263968872046,0.7925569642913176,0.896117961225848,1.2948463708978615,0.9093348388634844,0.6775081645954393,0.4670178033426288,0.9691677945192629,0.8685251630539872,-0.17100342962519788,-0.45444961033163334
-0.4340762760390805,-0.8827900421452639,-0.6361385346479541,-0.6445563181856573,-0.5106651545115253,-1.1332545692990341,-0.7961435186011635,-1.0393212363369673,-0.6002944880029035,-0.6346750746706724,-0.6188807112938735,-0.5405791057407813,-0.8641556955070139,-0.5681231994659669,0.24217740961399734,-0.7571657391659891,-0.9469838530339314,-0.6077049830185619,-0.3830836280290854,-0.746909768540145,-0.5445098953480204,-0.632323540949573,-0.9361942634955039,-0.7546367289328861,-0.7177496034755069,-0.7886700588887448,-0.697059980329134,-0.8408873339035962,-0.6036793086694029,-0.3033047520814235,-0.5785935013851264,-1.0008305681833385,-0.6480739418045471,-0.9538715481811181,-0.6426657710581134,0.22414263498306036,-0.7382859485341274,-0.9907339389846122,-0.3066565912920153,-0.4236656192769378,-0.6589163704831845,-0.6476880995784123,-0.545380894136829,-1.181350559209109,-0.44530722514120774,0.4811417538741056,-0.7939396354410353
-2.589759813930667,-1.8647327028028768,-1.8027891708653663,-2.1062030583002844,-2.1562821511270234,-1.7107415266310118,-1.4124520152178712,-2.4118655130507247,-1.7490437503784804,-1.4898435263533014,-1.4532849460354402,-0.20489719762090514,-2.0848423010678268,-1.5974095436763418,-2.125803945711742,-2.037555272003764,-1.923948229760883,-1.3833828481204349,-2.4578159622439117,-2.1296465320023295,-2.1095768494730924,-2.4567726652040136,-2.032737334878657,-2.333425243048805,-1.942665393420197,-1.7103463207016232,-1.5589527840291981,-1.872175442567949,-1.6880917900955572,-2.0027898957665453,-2.3146718284258476,-1.8896260215434788,-1.722152656657459,-2.3650481369086056,-1.948855202367243,-2.102751843118831,-2.0316443299505713,-1.7612544689231335,-2.497807380370905,-1.9772822266535712,-2.432782569533428,-1.9836243604902786,-1.8732805663731975,-2.106304689844968,-1.8282886863993077,-0.6021941237788232,-0.9879339355035507
0.8514949974671756,1.6277984902387952,1.7175422839718022,0.8702832621546598,0.8603741746911625,1.191191180955959,1.3067238980956608,1.7554317481558472,1.8386836316331232,1.4946369761632554,2.0210153532884934,-0.358085369977198,1.4904890127300114,1.9193962822059611,0.9257490590961678,2.0414646577606215,1.7286931452220622,2.289882775284214,0.7864958741018205,1.4768695486546546,1.132457561749297,1.5348780527708425,1.3074508982244941,1.3528687330508509,1.5951008368822859,1.5690355090974297,1.3447054963972302,1.6599804717491762,1.8412984252096474,0.6151404106760688,1.217278497252009,0.29934610857645516,0.4377960563451524,1.242338222098691,2.3087733889333455,0.938059336730425,1.917556154939332,1.640808752392098,-0.08957829638571733,0.17067067087782914,1.5205341340144984,1.6751345282598609,1.8158843125090445,1.2004063271782277,1.2142705283685125,1.4805820098780302,1.7279862653716653
-0.449753974496473,0.9430925268613249,1.6661231212898204,0.9489161564013335,-0.464439957977382,-0.4922978511407475,0.7636495901201348,1.0149802304550042,1.5027102488375488,-0.03921382056280186,-0.2596895550051231,-1.1773090743173693,1.37234703635965,1.3230858557498448,-0.603371000288949,0.5798229898239832,1.0039686189981079,1.267022230503211,-0.30118629904692124,1.4311310331513385,-0.3794575925416943,0.2511938446960427,0.9070762357768254,0.44905106198809597,1.07822533704976,1.0124567846896764,0.7794079509283645,0.8735838670017042,1.5746137491895371,0.6922801618787979,-0.48477929250109736,0.20838826957168569,0.8290522748294963,1.119934247763697,0.2485784391800081,-0.56679412587398,0.8050609636819611,1.2408323754406625,-0.36883210291949975,-0.21491235788191043,0.445910869645771,1.3189246364490597,0.6856719598988427,0.3910714628718512,-0.16871093288958747,1.5006413362303395,0.27302901490279946
0.17735396379926152,0.1363072056723671,-0.1429535169726003,0.6020063288424822,0.44157389409182485,-0.18281361316867353,0.06935143806736199,-0.18148106339086892,0.1139335358297023,-0.9862124415536317,-0.8159590448328343,-0.4446699891351029,0.11580809692921953,-0.14599492460462044,-0.060971756678096935,-0.0821645650158159,0.07388067466551856,-0.24641147073999986,0.3036763267690614,0.04190895778942947,-0.23746903892132315,-0.004303556043362193,-0.08141804465597718,-0.10052550901667955,0.10413723371402213,-0.12041729700447362,-0.02019055088614952,-0.12910202955982475,-0.04758652861326664,-0.22375438365360964,0.4842905575097569,0.2247750331371843,0.16445267082869316,-0.48073310892469656,-0.2035019573175902,-0.03357833203777421,-0.2956353002816241,-0.17795175412292108,0.11892406588230879,-0.07764724166272774,-0.15604106990771122,-0.10710826376503542,-0.04317522862187137,-0.5570065210299043,0.03873628629912777,1.2969111259985584,-0.30895388528474677
-1.1866058019939614,-0.6757859136823077,0.12981887042571932,-1.4563253146733692,-1.2687583776714744,-1.3329928543947158,-0.634457647575175,-1.4118044693267209,0.02286621038656541,0.04687696316363852,-0.8477458728229896,-0.19157648698122834,-0.3075908935310346,-0.14599492460462044,-1.732750247259493,-1.3752453027028568,-0.8338851590030888,-0.06714369747201177,-1.0773374560674311,-0.2891832813017375,-1.4238998500587379,-1.433425952933286,-0.03969361213341173,-0.9476869536663758,-0.8760389202675639,-0.28691540793402703,-0.7082171687265463,-0.6195419497143253,-0.18329589037498012,-0.9469395511791938,-1.5878694409177077,-0.9198686549535234,-0.6502178114948727,-0.42188504434056445,-0.7686024529395872,-1.7146892376047027,-1.2391964206898538,-1.0760119212402963,-0.781548861136413,-1.260844972286618,-1.354929949265807,-0.8768080299893802,-0.432559343037047,-1.4588367983998667,-0.09956185982668238,0.4551535591725234,2.0189777154654385
0.3654863452879823,-0.6757859136823077,-0.4743562910875714,-0.799509374495278,0.05143323534365615,-0.4836468283653277,-1.0377212317811693,-0.9873993311323349,-0.6191584339875539,-0.6117175323436215,-0.5950405903012574,-1.8619936011967964,-0.32910229385280537,-0.3558193314189601,0.38557885347275767,-0.623582361310252,-0.7527814902572868,-0.822136819504502,0.3416809696300661,-0.31648985772162797,-0.4958844501994561,-0.2298582617068595,-0.525785749490312,-0.3630215165990747,-0.46387789154363,-0.5466066658259179,-0.9694813303659395,-0.5453951170085024,-0.3019626811247569,-0.9686351062049604,0.38119802027455973,0.45209334743940616,-0.5033627377075985,-0.8538298383880933,-0.285845172393938,0.39521603550551015,-0.6657954752728301,-0.9062106291382717,0.38799395240814,0.13648240089841684,-0.3109285773030429,-0.5379014662564902,-0.7860003084292834,-0.6957496406252831,-0.030412786763777306,-0.6194410225656254,1.9219805654341806
-0.026456116146851744,0.5556232607639959,0.30106976467510105,2.1149957234358197,-0.22573304307506703,-0.2654013207528511,0.12641703960594622,1.3764018401620313,0.3938354653881462,1.380136233807091,0.3038909052603237,-0.18091991846948652,-0.008275123339536013,0.665222804192801,0.16832195096342362,1.0925136576336174,1.0947452023649684,0.7694162613974137,0.35024539619029227,0.08614561158965213,0.1383686524142923,0.49683376819353386,0.1870464483764595,0.3836382637767589,0.8084029324257606,0.3044336901455299,0.31564081987594605,0.4557828979148229,0.39564655896382656,2.363802145752931,0.011301996674671331,-0.26166547824382896,0.30551929645208903,1.6855818445463744,0.6095969272402321,0.1647483201696369,1.1373868974522336,1.002657763052223,0.3331079835231893,0.07482929145282502,0.7151266940432431,0.7121148207512632,0.5754463028951623,0.9691677945192629,-1.2059470288331628,0.1409158849745346,-0.890936785472293
0.3341309483731951,0.10446041667806605,0.42704671324595733,0.19265273232303678,0.46746000415094513,0.07487296492549413,0.0703025314263382,-0.3744951023037419,0.7731959239484154,0.18175252433505953,0.18850471965606147,-0.6937672780970722,0.10829617935653765,0.49618553465581233,0.14187070017911393,-0.32421170089774476,-0.21630676396624868,0.7943758513678025,-0.05014154550028745,0.22315635877645004,0.6716333353432872,-0.024479770802396772,0.25177778296134845,0.21907930430219147,-0.0748514552739196,0.32059189384961123,0.18993649726510578,0.1599640972935284,0.5312296794587844,0.22462042021225237,0.6317128857560882,-0.08040301053366004,0.20518619494487098,-0.3300820635893183,0.09035030040584831,0.16637759065080457,-0.26419061841582137,-0.10625787523539934,-0.24608906703420869,0.6290022418633453,0.02025136823392399,-0.04565161576417684,0.06565263925313963,-0.441387254700422,-0.37615815207830267,1.170524437979599,1.9704791404498094
0.5144244806332197,0.2902333524781546,0.5938454604826319,-0.06868600443796355,0.598739562307912,-0.33283699245902704,-0.2254875032153226,0.2813011351721571,0.6993663422498715,0.4629824178414265,-0.5457710069165181,1.1271738663468518,0.17385473271812493,0.5730488328684515,0.7489120454257803,0.3447916809485128,0.10364348888416185,0.17762576218235696,0.33044015976976865,0.19209512809882517,-0.003826498307907702,0.4935908260545817,0.7562186767521248,0.5330482944413811,0.3233070569645637,0.4108101727963224,-0.21544134784085667,0.35839140738249753,0.671988691890701,-0.12732969465019878,0.07192040856896811,-0.21625493109976957,-0.35007605484934873,0.578532053589681,-0.6394366253688443,0.7588395838021453,0.42211990466501936,0.15410410598770535,0.1671636869725962,-0.1615424202988423,0.6105700280669257,0.29265828148326767,-0.20292255761271286,-0.0482817491801822,-0.3070090790153976,0.8272037242281411,1.6794876903560365
1.0788216250993798,2.5832021600678243,1.83543012036464,1.2033166966111581,0.1549776755801374,1.210245126416805,1.943005355250873,1.3197392392648026,2.410131098788811,2.428721979595121,1.9336015763155665,0.9806460493103973,2.150854857528503,2.689888860256848,0.8009229317994251,1.4026423611196734,1.6141063104802866,2.95972370501441,1.4598739123996138,1.5608372711458158,1.2428931034540305,1.4007360339607773,2.6426627205747484,1.931294907840579,1.0538731344663672,2.8453353014157003,1.8765314766738608,2.5257495608940426,1.912309137759381,0.5476431283736808,0.6801663782566307,1.9220481959540174,2.340480406508744,1.4847922481853155,1.89544274070697,0.8106800082028868,1.5118491462515495,1.7691030619802948,1.4642734985114694,1.4190742551318078,1.4535458949447753,1.18765800965111,2.2332242094976182,1.477892566368985,1.1451214553056075,1.7591085015489176,1.7764848403872942
0.06761007459750754,-0.5537065558708204,-0.52590086636146,-0.49330363336999733,0.025916926856809446,-1.3913457657625103,-1.036960357093988,-0.30428765657052176,-0.9717190796317003,-0.8014042258208761,-1.388757685215426,-0.3285133923571145,-0.45960478913821595,-0.5543621896246713,-0.14270314955096483,-0.25946734379791747,-0.011240973999799354,-0.9645168009654235,-0.06181057668859676,-0.44517209910035943,-0.7011555742653941,-0.3014351878139095,-0.5638933982691853,-0.4563243759310648,-0.16118001343204977,-0.6486376241067126,-0.8169997556013111,-0.6403094291481282,-0.455850785299202,-0.9507965387393298,0.6251149633730363,-0.9794780501966814,-0.5678932153863859,-0.3096029371140395,-1.130912599275519,-0.11593054908581019,-0.2874089301766617,-0.0025658861917633104,-0.08400394017083881,-0.28374579177133535,-0.31911366477195235,-0.15352891633267451,-0.2841940112368034,-0.14077716224376774,0.45363072467655824,-0.7796747567226523,-0.5999453353785199
0.3419697976018914,-0.1715450879392091,-1.0446700527858979,-0.7093128193299765,-0.5476453117388403,-0.47926436667094574,-0.6192401538315528,-1.2041168485081915,-0.7313663885514192,-0.46105866082235336,-0.37253279437017317,-0.4872962631820702,-0.9778588114935169,-0.9260954149320859,-0.5573042152151502,-1.0820071420060984,-1.1024945573263405,-0.7387083557913222,-0.3092154489471337,-0.9773090070829676,-0.4555980153428828,-1.0468380681976817,-0.7465005021276436,-0.8770529172852042,-0.8729948949446399,-0.8645013890840142,-0.6338359127438004,-0.9480909516108659,-1.0445769328115266,-0.6094531396672549,-0.5270472327675279,-0.9955642014098749,-0.7724183838434076,-1.3328530841029285,-0.7524567244932442,-0.6223374377319183,-1.1310443682262237,-1.1597805586772951,-0.33935233447543384,-0.4319566686210234,-1.0780715691904383,-0.9585513384953759,-0.7330840057010671,0.22920449001057527,-0.030412786763777306,-0.6708288514877769,-0.8424382104566641
0.5614575760053994,-0.6439391246880066,-0.5060229705441577,-0.7601929273719411,1.4908858554168753,-0.19717593812748996,-0.8960083212936854,-0.6927989559495302,-0.7170558088389263,-0.994821519926276,-0.4837866923357159,-1.0187926177052045,-0.432561885876561,-0.6046952526477862,0.6894710324273319,-0.40030151371944167,-0.47524324766844184,-0.9210788405197179,0.7008516084995577,-0.46326270597853664,0.43697659077544054,0.0016740005843143147,-0.6359932176681785,-0.16810323811501657,-0.8486426923612461,-0.6532036194526758,-0.7798091276099385,-0.5758247728475993,-0.47806924824809577,-0.763732642072713,1.1255261391126834,0.07463837522846097,-0.8603170411467397,-0.8397063028879019,-0.31975120213125796,0.776613443596684,-0.46906651229866037,-0.5318931141044745,0.8082146516835435,0.33511309848617615,-0.026426121852885592,-0.8976913569799629,-1.0825312878685325,-0.441387254700422,0.10788535936203285,-1.0570678683558503,1.6309891153404075
-1.3277050881105004,-1.3339528862311942,-1.4478715357677818,-0.7255019446160563,-0.7843183179936538,-0.6796209693819235,-0.9511717361143165,-1.2515238054341602,-1.139868391253493,-0.9704291312037846,-0.7873508996416949,0.07483772581232305,-1.4903764604296799,-1.2385075302479727,-1.380562245243679,-1.413076002245708,-1.3941701366690407,-1.088625259381723,-1.8556297197279987,-1.473947365719719,-1.0953541134871567,-1.563802581741665,-1.3982411350681425,-1.4641917096673158,-1.3776942934854697,-1.282951739621191,-1.1135950138325093,-1.319316629109179,-1.3516588141932633,-0.07670673292340768,-1.2043652024027742,-0.9232759716535217,-0.7992167549724722,-1.1292387806418318,-0.6458949167473824,-1.3355135619878444,-1.356298622602445,-1.3635421091997237,-2.0379229926434856,-0.9807611153469883,-1.5110940020517591,-1.3559312178018985,-0.9766986824121007,-1.3432175320703843,-1.4133942480218773,-0.5982696159393628,-0.9394353604879219
-0.03429496537554798,-0.36262582190501497,-0.4282671635616484,-0.2537045791360186,-0.6308506655002973,-0.8478847183235229,-0.7961435186011635,-0.5426769256839632,-0.1137347777781413,-0.5844554508302494,-1.0384668407639186,0.6742697045978137,-0.4270986730964288,-0.2296767412070896,-0.79655429253391,-0.9181896793076096,-0.9306143052136779,-0.4946283875725999,-0.8899906250624805,-0.4188895192962158,-0.8119967975518999,-0.7313376088689092,0.07213786090311755,-0.46247721976992673,-0.48640367893326925,-0.2719701943967575,-0.4478827727869365,-0.47275091272279995,-0.24326049208364336,-0.7781963454232235,-0.5260163073951754,-0.4575358980814215,-0.543024326978614,-0.5513507864256544,-0.800893909832272,-0.8185904729633003,-0.9190123267440303,-0.9628110598389465,-0.845868355923464,-0.5737316430344958,-0.7383129346891213,-0.5426747981400519,-0.19293834955078515,-0.441387254700422,0.246183505487843,-0.6536784318403193,-0.7454410604254065
-0.17539425149208912,1.1447888571585643,1.3682682155100456,1.295825983960185,-0.3442544469886099,0.3917878619585869,1.3152837383264473,2.0647057052443083,1.5449915070790048,0.9364817283368415,1.5521596404337077,-1.1506676530380138,1.0582123015020426,1.3695757538623279,-0.40275758141918216,0.8123588991031999,1.2346304291925907,1.4773171183752742,-0.29048076584663896,1.1409986586900063,0.2934855127781347,0.5117117654376961,1.2614091112468995,0.7311960895789648,0.8103511086324328,1.284116570835028,1.0490400038658176,1.1183136134112621,1.3757837540502826,0.7645986786313557,-0.6394180983538932,0.04406858526661681,1.139913379926647,2.049733668192983,0.8136789348020051,-0.4186786275861449,0.7043717823811486,1.203098754973546,-0.22411323964863292,0.024956955683318544,0.4409718547415831,0.7043581564404747,0.8953403291993214,0.7379292618602983,-0.5144562982041121,0.9186619845421794,1.7279862653716653
-0.18323310072078536,0.2849255543124381,0.8236640351527101,-0.5404833699180013,-0.09926090535765032,0.3407820825353591,0.6771000944532826,0.06232614365696913,0.8993892177767628,0.9336120355459607,0.4586927575723777,-0.1476181418702926,0.4753557880216771,0.6892735781496593,-0.720023988298406,-0.3858922372897466,0.14307921772386373,0.9329636299326709,-0.6153936984752244,0.4982701162068428,0.1702597323147408,-0.20328088394495875,0.5940730347252107,0.15068767740824296,-0.12903510602197008,0.6443676604016413,0.537668868984442,0.4129780645966372,0.8490420685147031,-0.22134376642852485,-0.36209917319121293,0.4648241675473611,0.6800533313518967,-0.17825405696225677,0.7248774283471192,-0.6912111444357621,-0.34255959220276766,0.2854171052132707,-0.6073502294214819,0.07308836802760608,-0.1887829394802429,-0.05161828061862963,0.602803032984844,-0.6032542275616971,-0.16871093288958747,1.1625130897013265,1.9704791404498094
1.8391900002829569,2.6044333527306915,2.0141430638325044,1.3652079494719545,1.1719319993312882,1.4605010454499538,1.6006117460193678,1.4664750583213717,2.260520492703656,1.223451007424972,1.2978650165124679,1.0339288918691083,1.983543966136952,2.5473198393785657,1.6182368605281081,1.6051672256970422,0.7361032910303226,2.290917012437683,1.545518178001878,1.847556323554662,1.269562911144629,1.6982018440939752,2.5868968921972835,2.0602334533558997,1.4800366796757527,2.8277259727221034,1.746364278704057,2.558813627583922,2.309969128037889,0.4512184393702699,1.5770714522028466,1.636353449101738,1.5686873179916816,1.2964784415160935,1.4917995295484008,1.6253152487859803,1.7066958416024538,0.9917904803576932,1.5500328248942044,1.3091833873408412,1.8079392105314258,1.6351578737350314,1.9037453434540084,2.2641035774094647,1.0759723822427023,0.9840108078423537,-0.11495958522223135
0.7260734098080291,1.3146383984615029,1.8658426739021536,-0.49422872624348874,0.5025911535168935,1.2934359648678329,1.5625680116603125,0.6357245750472557,1.3478957955842146,0.6222503677353389,1.2454167503287126,-1.2665578356032072,1.600094719131416,1.8651580677413977,0.21171389045229214,0.18916266223489872,0.8261358040417167,1.62693675991048,0.5300983539550457,1.6987354820662615,0.6246606670093526,0.555249087332191,1.5644334270592843,1.0109757849034098,0.32148064177080915,1.8070562073602796,1.3753877644901127,1.4608476180631516,2.0054120719912545,0.5717493006245339,0.2585179009646753,0.690215624478605,0.9641160653199827,0.8927807184689466,0.5844095908639375,0.13305160353604037,0.4394729557662602,0.9291526703822798,0.5493286851656619,0.28891166912459737,0.8436231451843821,0.30518827767761714,1.2907149684516546,1.1079109141146413,1.0068233091797973,0.7973985293707785,0.6610176150278303
-1.9704907248636294,-1.7532689413228235,-1.7877396598364934,-1.7384786410879014,-1.1384033234451907,-1.2302382296421581,-1.5427518053976388,-1.8339521333817739,-1.4745408122570227,-0.5586282157123177,-1.1989903221142018,-0.025067603985258723,-1.8547044627047526,-1.7486566788689533,-1.8337999693568574,-1.8730245225180278,-1.9782653657099063,-1.459226906041507,-2.1339735829353534,-1.8613594186769096,-1.895467125759834,-2.067407805342166,-1.6538744906357359,-1.940325645032836,-2.00598112013702,-1.5251725081086684,-1.8044109287722585,-1.6447714335424808,-1.8673543888877733,-2.0678765608438487,-1.7744669333134135,-1.2350256725749438,-1.5002621437088035,-1.7341968845667097,-1.1819331011659613,-1.8072614240345997,-1.8418707099406837,-1.9906748813632023,-2.260361245448706,-1.6006598331706936,-2.0142124541302073,-2.051047673345589,-2.0509994698755083,-1.967561570249589,-1.2750961018960678,-0.8987310843953055,-0.8424382104566641
0.6790403144358496,1.3571007837872373,1.5096709128854964,0.4146750219607019,0.8067529467115565,1.2872690602310606,1.6576773475579527,1.0454561313359836,1.154052488569537,0.3180629319019219,1.4933540086519215,0.3172746594544539,1.1999143829867245,1.416065651974811,1.108530174066401,1.8861425952805295,1.638660632210667,1.463527289662352,0.840023540103235,1.2102890963554773,1.280305960439715,1.4146522878420098,0.7215599145992486,1.1231856576494308,1.9128970805955703,1.0806552250625676,1.5920231725398601,1.2911007982276563,1.5373725754967877,0.11855326230850058,0.6038779007025853,1.3312319115121543,1.6308595390111114,0.8351096151764977,1.1818015433786193,1.0943211874240921,1.4658648848198679,1.4053509606772914,1.0070690897335115,1.9908415606112255,0.8287757065339459,1.5223879079858822,1.8128890500904662,1.0154155010510557,0.7302270169281785,1.534477425499467,0.8065133400747169
0.42035828988885815,2.2435030774619475,1.699482870737155,3.3754347635663122,0.39460909441313574,0.671404104808603,1.6352315442861092,2.557060815032583,2.140246575029113,2.89562099667151,1.4567991564632425,-0.9631120472313534,1.3995265199408078,1.6315928196242826,0.2950799111826167,2.1254620164887483,1.598183204873313,1.9958836271247133,0.06954631567887477,1.4432824596581895,0.9943718151980147,1.3027966711044239,1.75553432617545,1.5992409969349168,1.6768024765495717,2.100391132650493,1.5237783701756904,2.1054614791109576,1.634641471531578,3.444722909481171,1.28593812705065,1.6154620207381654,2.2071317117705185,2.5000390583907626,2.0811186178399117,0.2947937276663562,2.0854429523840166,1.495609780834634,0.19096190004380617,1.5543581847381287,1.5915054986423378,1.8473324759593535,2.140171390360453,2.2872274306753617,0.3153325785507481,1.002317363789366,-0.5999453353785199
0.6790403144358496,2.6362801417249924,2.876354633195011,0.5094970414934554,0.034792164591363965,0.5492419003099592,1.1440869337106954,1.8389582913111246,2.9955639052089804,1.8691318853732657,1.2819716025173902,0.7808353897152338,2.680103595603821,3.188880433330832,0.5260082466815941,1.1273975773346627,1.4206480180591086,3.497527024818375,1.0423581175885819,2.786219887988385,0.35602808996805974,1.3484128020623491,2.6296706817054463,1.7254178773442121,1.260866856425212,3.2641792722413223,1.6161970807342516,2.6266529577453346,2.736033403336291,0.11373202785832925,0.7729496617683088,0.5525103044471564,0.9898425016038842,1.343556893183398,1.2173221459605743,0.5366663363703925,0.9038082979622892,0.9540568598905766,1.030116908698872,0.5092251347119717,1.3939737767158018,1.1518580205243967,1.2747402355525694,2.2872274306753617,0.7993760899910837,1.449931444302567,1.2430005152153765
1.2591151573594044,-0.42631939989361667,-0.1438941114119049,-0.31846108028033615,1.0138418271845178,-0.465026790002935,-0.7447844772164378,-1.0077165983863214,-0.8946370934530445,-0.40940419058648997,-0.3184951867869104,-0.7763556840630736,-0.023162378165396794,-0.21882909831417707,1.660588582289503,-0.2661704729434651,-0.9484719937448632,-0.3967206037108522,1.1440606829912696,-0.18132230444317177,0.057777001146433644,0.31900224297640595,-0.43785463103527233,0.026375498310084136,-0.3999533597622224,-0.45736644061531534,-0.7035683402276243,-0.4316507226666786,-0.14479230401468016,-0.6166849913425092,0.6811973036289832,-0.33545450951845673,-0.662009094791661,-1.1080534773915445,-0.5506351189139596,1.7289960975874654,-0.29962711989532503,-0.9477176116520997,1.0086770771031879,0.19067947404550314,0.3674793129672667,-0.37799484815716944,-0.777014521173549,-0.6726257873593867,0.246183505487843,-0.3619862722074742,0.07903471484028407
-0.9749568728191497,0.08853702218091535,0.22795422359316075,0.8124649575615178,-0.9461065058631551,0.560691623870405,0.962428102146203,0.36369894125776964,0.5097511610593395,1.2865842488243624,1.3201157961055765,-0.33277601976181087,-0.003358231837416749,0.5011444571211437,-1.0350613571901899,-0.16807476899197302,0.30900690699279687,0.7636934824815501,-1.0800138393675025,0.031327659426721985,0.08670059540243454,-0.47010583293943625,-0.07862975323710399,-0.2261637641571169,0.2739938467331918,0.07826136236387841,0.577648794075167,0.0678223920487232,0.34754863633014027,1.0080710183649686,-1.2352929635733332,0.38564784648537226,1.03379183025555,0.4208192405042066,1.3254985265510701,-0.9955884934172623,-0.11043384734724063,0.262776932933001,-1.0479387687127846,0.05069662668740384,-0.4024219287820061,0.20972164000638094,0.6367493403953967,-0.2332725753073537,-0.7910525904557324,1.396572117363224,-0.9394353604879219
1.8783842464264404,1.1023264718328298,0.559356997708131,0.6945156161915088,1.6804091612068637,0.16035266332086553,-0.08282349936886238,0.41674958353206765,0.5334937137641571,0.018180035254825064,0.31247334881766586,-0.19157648698122834,1.116258937290948,0.6133400778992697,1.9303021787699681,1.439079611861431,0.8700359550142153,0.5809782520353317,1.9362701398122029,1.0488389632728765,0.9328096351640389,1.7666848747496395,1.210840098417155,1.432768539530805,1.1634580460916368,0.8404232748746019,0.09138133308796838,0.9333379223999555,0.6498964702085611,0.5476431283736808,1.8451120490143604,-0.07369008807993159,-0.3286373579460967,0.3078309565026737,0.28086989607269297,1.9067346955328681,1.3425333259313357,0.8408559984892269,1.7805110145478062,0.6754399956717861,1.6549057333462807,1.0563913828531588,0.13654051649282556,1.7785026588256394,0.8685251630539872,-0.5118033278336329,0.17603186487154177
0.09112662228359847,0.30084894880958846,0.9261888290369066,0.5094970414934554,-0.36274452560226744,-0.6830542592984381,0.4688106488374509,0.29258850586881724,0.10092391790925483,0.34819470620617476,-0.5775578349066723,-0.32478359337800405,0.7611501065823477,0.42428115890850543,-0.4324780879184074,-0.01012922445847431,0.036677156892215,0.3017342205986575,0.1537988619651018,0.850866284228674,-0.4823805123617522,0.09649907212677458,0.4728922906408121,0.14211660725857508,0.37201146213135045,0.3756714752091815,0.40750167101463675,0.20843283592280562,0.7761377369636432,-0.12732969465019878,-0.43323302388349877,-0.42679658987579616,0.16445267082869316,0.2607525048353674,-0.6071451684761595,-0.4038670777573622,-0.05756044228152155,-0.011923824067607863,0.15108381327583426,-0.3598580186241179,0.1011676293334571,0.2866916166288149,0.4760035905983626,-0.39513954816862923,1.4217177475572278,0.6018554939240853,1.1945019401997476
0.4595525360323416,0.6087012424211643,0.7189445209101366,-0.21670086419640694,0.7420376715637558,1.3201375229389256,1.1374292801978612,0.6131498336539369,0.48113000163435354,0.32667201027456416,1.13416285236317,1.8771298753606982,0.7973438912507244,0.7013609516589044,0.6597505259281067,1.1385451677434146,1.4705007318753345,0.4506643706982169,0.4936995410740834,0.6187603846596078,1.3795101324268582,1.0094414117230663,0.44099683521667615,0.9200520400888447,1.1451938941540927,0.48353106676951085,1.1122640714511505,0.7647985625427606,0.7202759764245199,0.5717493006245339,0.829650557247667,1.514170349592505,1.010209263661973,0.7209443698832816,1.0332608416722666,0.6596021999492955,1.2876607010922534,1.49893033943574,0.43408959033886096,1.19173013725028,1.0873521329793516,1.2324079960595022,1.1459439515537042,0.7379292618602983,0.3153325785507481,0.5342004079390894,1.5339919653091496
-0.12836115611990948,-0.8297120604880956,-0.9261551534335243,-1.2796325758367284,1.1761847174124287,-0.43320838247332766,-0.8815517022372439,-0.8259899301701086,-0.9832325914912965,-0.8217790446361338,-1.4466097121575086,1.0701612248090302,-1.0434856550148564,-0.9587003301416414,-0.13170656214625193,-0.7547352641256025,-0.645040102785799,-0.8408909865540756,-0.26189699220188406,-0.9859788450962825,-0.460740405022943,-0.7763889313265815,-0.9808239157867655,-0.8365304918887716,-0.7757078456239832,-0.9257084353031377,-1.1145247795322935,-0.910667494092589,-0.9326640498331468,-0.9426004401740401,-0.2103469583810018,-1.3630153369944897,-1.118010177923825,-0.6688115233355826,-1.5038789263860373,-0.13622237235124368,-0.64431335127985,-0.4860090316164604,-0.2942214889665187,-1.0402833660300386,-0.5813996713346257,-0.7160660788104356,-0.5697423618079323,-0.09452945571197498,-0.030412786763777306,-1.7563118954378962,-0.7454410604254065
0.7966230528662998,-0.0813125191220229,-0.6452309475612312,-0.3785921170572049,1.2514393373700146,0.7151625509199084,-0.1769817419075263,0.6989338509485473,-0.08771554193724453,-0.4165784225636928,-0.00698427248339197,0.5011004662820057,-0.08359916954560984,-0.6251508078172795,1.1271054906284166,0.4784567665786401,0.19814042402835264,-0.5125551648993981,1.084109697069685,-0.13626645335035334,1.040747230092118,0.6718114415718847,0.18023162429570852,0.581058952050711,0.010990058832542103,-0.24092798274781146,0.03838468820026217,-0.014970145369267695,-0.5986296579991998,-0.02849438842170139,1.4616078104994268,-0.007905708276643695,-0.11853812829422969,0.3502015630032488,-0.12923160646441328,1.0876559900011393,0.569753237686049,0.43861560430976415,1.0671006182014264,0.8419502621901785,0.6998902129880472,0.17034165196699522,-0.3756493570840598,0.5298145824672296,1.3525686744943226,-1.0375174900533553,-0.30895388528474677
-0.21458849763557253,0.1363072056723671,-0.04763994712307266,0.7037665449264113,0.3306334224098808,0.17243697601279986,0.211064348554846,0.22486428168886116,0.0931181471569856,0.5462035087769841,0.7908651100694972,0.7155639075808145,0.3182884205928725,-0.25912034334499606,-0.3581768216703453,0.2766253139244779,0.4607972595078759,-0.32639247727494836,-0.26104054954586037,0.3600305730811498,0.7211978582274359,0.09995067962832055,0.252807152194839,0.27022449278111915,0.5114278219212774,-0.010269401348067881,0.04117398529961523,0.06652261066350963,-0.18550511254319385,0.7718305303066118,-0.039419531645044685,-0.024507194950931652,0.23305650091909877,0.29723830487752956,0.8685744115195699,-0.32388470868193026,0.28980068337372134,0.48993332814504215,-0.3297044102573758,0.5761640342857173,0.10713243964082272,0.49552488653464477,0.027712648617814563,0.5298145824672296,1.1451214553056075,-0.332810434654782,-0.5514467603628911
0.20087051148535245,-0.5537065558708204,-0.39315163782761164,-0.36702845613857554,0.40736724865655843,-0.3825302029094325,-0.7723661846267534,-0.8068013999857886,-0.4061259405402141,-0.4337965793089813,-0.38524752556623487,-0.8029971053424292,-0.45646344178964043,-0.36294778246287474,0.5364104239563238,-0.33174427436926784,-0.3881870160789113,-0.4067182295277206,0.3133113066493164,-0.3949962649288114,-0.13454611910126527,-0.10527092002607276,-0.5617487124681454,-0.3021859156932188,-0.37073071666215,-0.5083400862421396,-0.7128659972254676,-0.48427158406432635,-0.38086347284668315,-0.45517363726179677,0.2574869755923228,-0.416811965317094,-0.7123900325143024,-0.8255827673877105,-0.3052200465295489,0.5596242386050072,-0.3729141917638892,-0.44057775257405285,0.5241368830407335,-0.2059911100128593,-0.14277411602661577,-0.4048448400022049,-0.7410713721506097,-0.973235879816041,-0.37615815207830267,0.20599202667081357,-0.6484439103941487
-1.0298288174200279,-1.3657996752254953,-1.1473829655579544,-0.7125506443871915,-1.7709489128184064,-1.5915060255114377,-1.5075613511155115,-1.0266793811567088,-1.306131308276821,-1.2553896253382988,-1.6742034005670172,-0.602387203108885,-1.6073575040842625,-1.184021369660142,-1.0958397929811057,-1.4816063001135151,-1.6191770121619797,-1.1935658558870608,-1.1929572146304877,-1.4890342491917077,-1.7207535912098149,-1.5473290004842886,-1.183614651722487,-1.4907162104590383,-1.7768268938272882,-1.2336311538243818,-1.4377113367773227,-1.3906979805724333,-1.1503671143522856,-0.42672835400578996,-1.3200350291806655,-1.833557297352094,-1.613887237296038,-1.1407730013003217,-1.4796603337165222,-1.1810290972736324,-1.4665306580223345,-1.670240976356448,-1.14591879910506,-1.6895769063026322,-1.435226174032753,-1.676579787080164,-1.4323779383584756,-0.9963597330819374,-1.1367979557702577,-1.6757856638049549,-0.8424382104566641
-1.1866058019939614,-0.19808407876779324,0.2395548883445837,0.6251336506797393,-0.7991103808845793,-0.13565333540549135,0.12831922632389864,0.1108618376526044,0.8125500181577715,0.47159149621407076,1.0038368576035346,-1.802050403318247,-0.1914976219532228,0.3049570870864657,-1.223786573460268,-0.4386644179549454,0.10661977030602554,0.45755928505467763,-1.2331029641315485,-0.10861854472521454,-0.11692902078170048,-0.6673416679652535,-0.29601654514868286,-0.4336574154465975,-0.1375583769261578,-0.12516400149855803,-0.04715375617989536,-0.20633265731684003,0.3491266521645783,1.1527080518700856,-0.8631289041542712,-0.43884933700862666,0.1751720192803192,0.24074416287676395,0.49237893871978367,-1.2799702501299062,-0.3259479736002578,0.13523729575414706,-1.2253533751670684,-0.2197767027464932,-0.540600368832247,-0.0188016239191414,0.04069211909832068,-0.37201569490273245,-1.1367979557702577,0.7960042008561897,-0.8424382104566641
-0.5046259190973488,0.842244361712705,1.0923605133140435,0.9257888345640765,-0.4089697221364107,0.11256864410365593,0.9824010626847068,1.0714170839383002,1.3791188785932904,0.13296774689007687,-0.06896858706419418,-0.8043291764063958,0.9182174740111524,1.3044898965048517,-0.6628120132873995,0.6005149316088481,1.2569525398565726,1.6014255767915737,-0.7401131602585208,0.9225460473308853,-0.304894820336288,0.23393580718831503,0.92146741729359,0.364737210255054,1.133017792862395,0.8782624329817311,0.9560634338873856,0.7372498547199483,1.1927339172554141,1.0056604011398838,-0.7115828744185315,-0.9162522657528619,0.5932266088937277,1.037546957345912,-0.44568788401273174,-0.6112287753603302,0.6353920802671134,1.3917668573091289,-0.6261100820677049,-0.7403403780724136,0.2692461057652042,1.1637913502333006,0.7156245840846251,0.34482375634005763,0.5227797977394633,1.4872615968524587,0.12753328985591292
0.6712014652071533,0.221231976323836,0.4464856649915849,-0.7393783377184092,1.6156938860590628,0.7852873618687508,0.18348264114453042,-0.23791791687416486,-0.2178117211417266,-0.7853339461919405,-0.3232632109854327,1.3669466578610476,0.47091692763781884,0.24452021954023717,0.6746107791777182,0.36495362635895184,0.3194238919693219,-0.1912521558883113,0.7640142543812256,0.4719875364026992,0.5834727175266173,0.4715476054197118,0.2785613707842161,0.39068136653164437,0.6520617918403748,0.06826602390355577,0.5469665259822847,0.16047251518230238,0.3437613983274877,-0.5612407951655486,0.31934249793344055,-0.44210973789734853,0.07869788321568581,-0.12764472141990404,-0.44568788401273174,0.6773760597438364,0.4356687009215831,0.2823984155759009,0.7781988874495859,-0.03629046346182609,0.4914257916089789,0.6506581727504046,-0.0930962689315093,-0.2563964285732501,1.0068233091797973,0.8861063207653773,0.8065133400747169
-1.907779931034055,-1.4666478403741148,-1.129637083803075,-1.4933290296129809,-1.2733808973248884,-0.6377977489297215,-0.596413913216119,-1.7278508488331779,-1.114174395860608,-0.8326838772414819,-0.6252380768919054,-1.3198406781619183,-1.3995505479599804,-1.0088474335723063,-1.7632137664211982,-1.555444070007549,-1.1746693818065495,-0.93142121205441,-1.8277953334072625,-1.4015849382070102,-1.3387442809959391,-1.82731712535966,-1.4940973972334568,-1.697821351267594,-1.2066200703371304,-1.279605785442589,-0.749126859517056,-1.3517568111365683,-1.1215841055321267,-0.8095343693493328,-1.7095186348552398,-0.9957732739105382,-0.7863535368305214,-1.4493722519795103,-0.7250089861344612,-1.7569021546167354,-1.4983226657074833,-1.1861940930042763,-1.8138767524685893,-1.444213049347854,-1.7859615791965164,-1.2998445681700472,-0.9527365830634742,-1.7131991843247278,-1.4133942480218773,-0.31973607844186813,-0.890936785472293
0.74958995749412,3.4642966555768178,3.1014702356685655,2.1862278746945707,1.4502076824668295,1.9423277590890913,2.7704565775603425,2.9101297704240823,3.093786520508364,1.7227775530383196,2.5629807705206344,-0.3727381516808432,3.1045269384603498,3.408312752421751,-0.012675933616856155,2.4979726182356288,2.733932195456724,3.409272121055673,-0.3418673252079973,3.0551896657243023,3.382675631756796,1.545162274212948,2.3784446254773624,2.231444397651534,2.2891386105089997,3.8229216361477953,2.284698618879177,3.4771931757143895,3.193657995323463,2.6135420902717663,0.7162487662889506,1.6405631521556339,2.913965548670727,2.944224249871792,2.9239256427390043,-0.012842162277477202,2.367237172063726,2.601506729484887,0.2668589038925268,3.194304112553559,1.389422284519481,2.0271677546725457,2.7414203998497326,1.686007245762053,-0.7219035173928273,2.7828542181770226,-0.30895388528474677
-0.3243323868373265,-0.2989322439164129,-0.28717799766596563,-0.46185047567132914,-0.7140560192617557,-0.45172753743533006,-0.03526883142004231,-0.12504420990757298,9.937902578049492e-05,-0.21139538801568056,-0.5298775929214404,1.4468709216991122,0.21824333655670033,-0.4311329663611829,-0.6479517600377858,-0.44536666377320205,-0.1642218390836245,-0.2326216420270775,-0.6812327276569652,0.15113526346899042,-0.5796689657683024,-0.33667766931719045,-0.07936930006504864,-0.33391116752490974,0.012816474026296681,-0.2866609903884023,-0.10386946386673877,-0.3615699327695413,-0.3410974738188326,-1.1638951014368686,-0.3301404866483016,-0.4047027121030035,-0.15712778272008274,-0.18649278600403613,-0.3811049702273609,-0.6556634248466803,-0.5406831544007399,-0.22323209868346056,-0.781548861136413,-0.517407649865648,-0.48133218998199256,-0.14887491774620157,0.1565089326166803,-0.21014872204145732,0.45363072467655824,-0.4605790215928703,0.12753328985591292
-0.05781151306163891,0.6883182149069167,1.176386949891917,0.8263413506638725,0.10597896725394547,0.6204352074887438,1.2724845371725104,0.6955476397395495,1.5511710755912178,1.6983851643158283,0.9211911048291325,-0.8203140291740094,0.8827065909402917,1.5487168279224293,-1.03431834452771,-0.524817536936048,-0.4239023931412831,1.8410238506785965,-0.726195967098152,0.9317620168725985,0.4768122683189337,-0.05162980162705359,1.2257609553647457,0.421076817388355,-0.7147055781525828,1.235478114823402,1.1987322815310928,0.8074981234510351,1.2675318678077996,0.38854239151805137,0.025528766813129086,0.661968234456561,0.6125214361066542,0.6985821053413099,0.23081813788903116,-1.0029942683316537,-0.6357917321620007,-0.3907693735574581,-0.8303244780165936,0.1673424349178517,-0.35347249183927026,-0.9478113417573623,0.42708097109491794,0.3679476096059544,0.7302270169281785,-0.10357713826424086,1.7764848403872942
0.13032086842708188,-0.4581661888879177,0.061469007836255016,-1.215801167565899,-0.439478351848945,-0.2237093571979314,-0.25021593054870883,-0.49075502047933167,-0.40189781471606856,-0.3175740212782881,-0.4885547165342393,-1.3757876628485644,-0.345150481394444,0.43481886914733503,0.1975966498651605,-0.6072275565227699,-0.6939999321754666,-0.02508471989759911,-0.08707563504126332,-0.2871352880702457,-0.4447798398289502,-0.06807200463441601,-0.2898503236237911,-0.26220435052526564,-0.6988766464733768,-0.25003031562299055,-0.07876578997256187,-0.3258490900429789,0.27622232061351837,-0.8939059722273178,-0.452820605958186,0.07991039261005065,-0.23645096126211435,-0.5819517800094037,-0.4440733111680978,0.2619120870464577,-0.5802747671752124,-0.675280871879518,-0.20320940384284192,-0.33648159208865613,-0.2532712771600004,-0.6375447693258434,-0.1779620374578939,-0.880740466752455,-0.44530722514120774,0.34203219766721804,1.6794876903560365
-0.2851381406938431,0.33269573780388983,0.6988785062049733,-0.7023746227787993,-0.7889408376470679,-0.24230227636667062,0.3518261656833531,0.1785860618325589,0.9911070241159226,0.8331727878651146,0.02162387270774742,-0.472643481478425,0.39921225989858244,1.1107819877028389,-0.7712918620095707,-0.4121270578238119,-0.4484567148716633,1.4318106836226312,-0.7850763996997092,0.40849974622645424,-0.3905950544857258,-0.28848067729560944,0.6664686728553822,0.05968012160785892,-0.001186042459154795,0.7064019270976819,0.2959297870405182,0.4137080538620023,0.9200527810644367,0.05105598000611245,-0.6105521879280379,-0.03292660105872211,0.3799115747063728,0.49496780188021416,0.1016523103182883,-0.7497167662594564,-0.25518309621398233,0.19636576091087501,-0.8860680401653711,-0.34794332776147774,-0.19826584809628328,-0.002094962326675787,0.2633399588793055,-0.6032542275616971,0.7302270169281785,1.2117186246206977,1.7279862653716653
0.37332519451667856,-0.6970171063451749,-0.8038151700279784,0.04556296543808479,-0.19337540550116597,-1.394900549666592,-1.2806304756637426,-0.5943730834746621,-1.1286801198419076,-0.7052695173263521,-1.3245482926753136,-0.6748518689887305,-0.6759480152314559,-1.0175875344174525,0.5205099529792386,-0.4674754625323645,-0.7346261735839147,-1.0443599092132425,0.6068570270010739,-0.736806335264786,-0.7229684719075501,-0.17986329595947306,-0.7154225457646686,-0.5065539759515886,-0.8397541384183075,-0.8089718521223246,-0.9932833322804181,-0.8093258436217767,-0.9374612179698395,0.1388024469992177,0.017487548908783398,-1.161154142421676,-1.104075024936712,-0.5817163877510677,-1.136079232378348,0.4984525378121296,-0.46770545406884806,-0.7857649126072352,0.6715357252610599,-0.6138555953709319,-0.2752840866637426,-0.9036580218344157,-1.192756944872213,-0.3257679883709397,-0.37615815207830267,-1.216127074036382,-0.7454410604254065
-0.18323310072078536,-1.2118735284197073,-1.3613368473517633,-0.8781422687419501,-0.28601069935558987,-0.8939981952116854,-1.4143542019358244,-1.1217190424225798,-0.9229330124300196,-1.1670030873791546,-0.6824543672741842,-1.050762323240432,-1.4316469230432576,-1.2109235240345655,-0.029765224853909675,-1.0908293733220573,-1.3346445082317542,-0.8648852885145601,-0.49067423669192956,-1.3316118361310414,-0.5873506216453837,-0.8571487023002434,-1.131564546461643,-0.9390506971944046,-1.4452716556543863,-1.1093906341714586,-1.1814679099167644,-1.1534948993991385,-1.3204141006713812,-0.4985647473133317,0.10387909511187948,-1.1212337261328709,-1.4745357074249013,-1.289305516310671,-0.7120924033773872,-0.008398697328841976,-1.160505276829054,-1.4654228844609392,-0.42350367348849255,-0.5269590962596664,-0.8392284069083811,-1.5784878168729681,-1.4978743432447204,-0.9038643200183514,-1.5516923941476874,-1.7195812061433178,-0.7939396354410353
0.8123007513236922,0.6723948204097663,0.5612381865867401,-0.14269343431718526,0.10320545546189677,0.5423210820896233,0.6495183870429663,0.6989338509485473,1.255852748797044,1.8303910326963686,1.0006581748045198,-0.6857748517132654,0.41765060303152873,0.3489675239662826,1.0988710094541534,0.3542631578231429,-0.13817937664231136,1.2363398616169585,0.5863024032565299,0.5279660180634734,0.5453461614618885,0.7214361439691055,1.0085840348502855,0.8276941961836115,-0.034670321011320615,0.9143090377531157,0.6427323930600697,0.7746036160775137,0.45296009407063387,-0.48651166118790434,0.17707479654886885,0.5399716050154872,0.6714778525905962,0.6668041504658792,1.5208618407518177,1.1128356247100715,0.236057860437467,-0.26926711565334277,0.5026970514450493,0.7598669043133408,0.630523648279845,-0.16379157988233228,0.8394287640525268,0.8535485281897806,0.3153325785507481,-0.2583994517418138,1.8734819904185518
-0.6222086575277991,-1.1163331614368042,-1.1553466651440667,-1.5395836732874932,-0.17137221195091384,-0.3110711276328452,-0.894106134575733,-1.3858435167244043,-0.8871565631487871,-1.4094921282086246,-0.40749830515934343,-0.8176498870460744,-1.1216095977707485,-0.9800236967425666,-0.8693695334570122,-1.3875345936348495,-1.5124773231881452,-0.9917517126734445,-0.46444568035123596,-1.1756230183324197,-0.751764351591512,-1.381275301409934,-0.951684771378133,-1.1513495116707921,-1.2187961716288274,-1.005210283774499,-0.8672071033896642,-1.105346555060894,-1.0205910921280614,-1.1229146086104185,-0.18374908377432136,-0.8481850402666562,-1.050049508740517,-1.5082203165636423,-0.9639657671403349,-0.8778366722784331,-1.4317813055907618,-1.568813004540839,-0.4733512819484578,-0.533517099660095,-1.402169727203247,-1.3022312341118276,-0.8349229279327288,-1.320093678804488,-0.44530722514120774,-0.26673683922259667,-0.8424382104566641
-0.03429496537554798,0.953708123192758,1.252261567995818,0.11633257026008986,-0.15935366085203703,0.22419124518086034,1.3343056055059757,0.07812846263229206,1.4929530353972122,2.8591758982273165,0.3601535908028978,-0.9375362828031715,0.8943159180980729,1.3819730600256568,-0.8857158120315858,-0.1971516950838956,0.5203228879451615,1.7186391208514127,-0.6384105948558331,0.9942258104330967,-0.01678577105897351,0.027310030845793688,1.6514700936075524,0.5428076181233152,-0.1332967414740635,1.4345536655629285,1.1699095448377788,0.9858154905716622,1.2779467723150941,-0.5371346229146954,-0.15488317334846602,0.1947137979066835,0.4860331243774691,0.013590633582013298,0.006392512484866541,-0.8408077977064743,-0.3151420362601291,0.4031460010706746,-0.6207501241687843,-0.35040504074962664,-0.18126803834140912,-0.06534160978386927,0.7056403760226981,0.13670907694698972,1.3525686744943226,1.109400569548129,1.7764848403872942
0.18519281302795776,0.08322922401519882,0.001960732976253835,1.2273691113219052,0.1268727560873781,-0.419876586873339,-0.2732323898359375,-0.01758844087537773,-0.15712185354283525,-0.12272188077744692,-0.7040694103074888,1.6996980096401921,0.2644074845488175,-0.12268798901756196,0.38795649399269433,0.5646765767701912,0.5451748378177285,-0.11547704711080359,0.6585647523584391,0.2290272727067263,-0.17500158795024404,0.41372690411882074,-0.04914482071702556,0.17118411960665533,0.7298670790943173,-0.051255704494574866,0.11871644466162774,0.059450894918101474,-0.026314875165035116,1.0456766470762986,-0.18189341810408774,-0.3035195326333632,0.07805472230858823,0.028891130373887106,-0.2122206506786156,0.37907144619213484,0.5408108905034618,0.4697081075746676,0.6633885892546991,0.10811952853416032,0.40126673400259283,0.64123084228037,-0.03059512646384214,0.2060806367446793,-0.5144562982041121,0.6046714957928013,-0.7939396354410353
-2.5819209647019705,-2.013351051442948,-1.8560895224259577,-2.633505996189739,-1.4887903131739957,-1.7043359730900896,-1.529436498371969,-2.599235866615267,-1.7178206673694048,-1.2200924040104584,-1.555002795603936,-1.6755036522413096,-2.2190324649798265,-1.7040263766809696,-2.0032068564024392,-2.2171820848877224,-2.3205377292242995,-1.3775221709174428,-2.6762088395296817,-2.130329196412827,-1.9828389182786126,-2.6073804207089517,-2.3620405477732183,-2.4963631118110143,-2.418750953925539,-1.7997799032469006,-1.5459360642322175,-1.9708350391408058,-1.783403946495644,-2.5548212403110764,-1.8043637691116212,-1.9438775101615313,-1.9783450846513173,-2.555715866161193,-2.036042135977495,-1.899093032973057,-2.1277326577994407,-2.129534604682191,-2.621622407835979,-2.049558119985623,-2.4743006886664776,-2.1489009769586067,-1.7474795447929101,-2.4994101953652077,-2.104884978650928,0.04825084631315689,-0.890936785472293
-1.6099036603435826,-0.8827900421452639,-0.5410130836862865,0.2842369267985737,-1.3974493248225286,-0.902322702895519,-0.1524435332459349,-0.7555567370229558,-0.7608982212308372,-0.33278339306995824,-0.8792148325332432,-1.3009252690535766,-0.8855988056690327,-0.35395973549446164,-1.2373094039174155,-0.8350725562246751,-0.42167018207488477,-0.13843711191781893,-1.6603607941548388,-0.9188729335444032,-1.2088961243412029,-1.2221891427511995,-1.0360190938415865,-1.1612202108405463,-0.4983362581991319,-0.8275543642733002,-0.3446787801108771,-0.867710213425862,-0.4803415910496873,0.40155972453351235,-1.436323411181968,-1.0435559463459068,-0.30805620891897506,-0.6546879878353904,-0.5754995407213279,-1.204283230504823,-0.7292903422117324,-0.2656446880885005,-1.655114799502551,-1.2817045434629968,-0.9944867203457505,-0.4999534777821739,-0.4221757666526424,-0.8576166134865586,-1.5516923941476874,0.6963061046269133,-0.9394353604879219
-1.2885108419670168,-1.2914905009054598,-1.1932212679000633,-0.18524770649773875,-1.6459559813900828,-1.7109617344834769,-1.5515018643002214,-0.7704560663425457,-1.466214656787936,-1.15695916261107,-1.1083978623422601,-1.529508663630443,-1.5674760507892964,-1.1865008308928082,-1.1829208770238342,-1.1535986105998584,-1.210533572940014,-1.0268468267478315,-1.1057071190481809,-1.4997520804365152,-1.492452524756404,-1.315722999305581,-1.5958390530065647,-1.5070586077070343,-1.3518809587470721,-1.3373837919817828,-1.5881474270024258,-1.383112281647806,-1.1990962433197467,0.014896721629833586,-1.6033333215029864,-1.6524745189803325,-1.470033581075219,-0.9183273171723023,-1.1870997342687917,-1.1272631713951493,-1.121993595795292,-1.0065820595808017,-1.1439892142614483,-1.549046573975968,-1.245791397155297,-1.2831379065775808,-1.2041389420628108,-0.8576166134865586,-1.6899905402734976,-1.4418625083502026,-0.7939396354410353
-1.2806719927383208,-1.0261005926196183,-1.148010028517491,0.5414127456288693,-1.2021940946623082,-1.1588333927528773,-0.8107903563293997,-0.29345178070172856,-1.2939022674316003,-0.8851992553146096,-0.456450020264182,-0.6593998446467046,-1.2446684656432294,-0.9799617102117497,-1.1410149628599275,-0.7595847309515963,-0.45768318727944224,-0.9712048678911903,-0.9254259399554171,-1.2320110986394932,-0.9149159610610147,-1.0925185245681361,-1.233651990346195,-1.1573745903179398,-0.7664540086422936,-1.11880037613248,-0.9194599357175434,-1.083519381911912,-1.1380585908436647,0.6151404106760688,-1.3408597217021752,-1.071519675840024,-0.689879400765888,-0.43459622629073746,-0.7640816489746114,-1.1160063935252726,-0.7522160529328953,-0.4315216836619445,-0.9278757117769547,-1.138629784591782,-0.9783095469134183,-0.7593840656537592,-0.832526717997866,-0.6957496406252831,-0.7910525904557324,-0.7243611595559736,-0.890936785472293
0.8279784497810869,1.0120939030156435,0.9158422902045561,1.6080448287631515,0.3334069342019295,1.284123233767271,1.384713553531725,1.1459137305362503,1.2356878410203491,0.6954275339028129,2.0384981086830782,-1.1186979475027863,1.0206527136386332,0.8104572458961984,0.7481690327633004,1.2203368582266394,1.198915052130219,0.9446849843386539,0.3834325491111695,0.9344926745145871,0.8984769531510712,1.2730187118410892,0.9285730631674934,1.1204366573145956,0.9923838229432984,1.047587486296812,1.1968727501315246,1.159456193296473,0.8935421150458693,2.0157090184506155,0.3925381993704314,1.4687564120835703,1.3017755415461965,1.1528891639308112,1.7985683700289132,0.7618018937679014,1.1624667343795294,1.0415988593742869,0.5107369882934311,0.9551102848294076,1.1940424533942775,0.8571047767144533,1.1828855213828369,0.4141953161377472,-0.16871093288958747,1.4802476847293347,1.5339919653091496
0.21654820994274493,0.6830104167412001,0.934654178990647,0.636697311598367,-0.0068105122893638795,0.1988347991149745,0.15019437358035626,0.6323383638382578,0.7579096228918888,1.2263207002158547,0.7717930132754047,-0.7097521308646858,0.617740771103875,1.089086701917013,0.07722859854329957,0.4937714534813127,0.628213089487742,0.9126236325811106,0.4995875843342382,0.6590375848789459,0.3382231761013782,0.4174201241454749,0.7216948319259685,0.5225309469543808,0.47002907752950907,0.8149804299512194,0.32847158653297015,0.70096416101926,0.8985917657160725,0.5452325111485959,0.1987242293682611,0.28119070466750784,0.38419931408702307,0.5114452599637712,0.6280030576690623,0.09157926401544636,0.31565814176694784,0.34126286350460283,0.29633867233659267,0.3951985891009142,0.3407402461244407,0.26998495503634845,0.6038014537910358,0.09046137041519695,-0.09956185982668238,1.3692872633684356,1.3884962402622631
0.11464316996968718,0.30084894880958846,0.123548240830356,0.9951708000758477,-0.19633381807935213,0.29768425998144915,0.4402778480681584,0.7102212216452058,0.1139335358297023,-0.42662234733177845,0.23300627884227856,0.22136554284877555,0.6006682311659616,0.157739076396936,-0.4324780879184074,0.15419173479571838,0.6691369590383758,0.108676618617746,0.3036763267690614,0.5812138420822591,0.2007046325023893,0.26892255595398146,0.5819254783824137,0.39252520821964354,0.5424768802151044,0.26000598989544815,0.3331204150318915,0.2647879031848546,0.11337108649946272,0.7887048508822088,-0.11364615845438655,0.6598153527605424,0.5825072604421018,0.8256939248430367,1.5563824433337716,-0.4112728526717535,0.13532233960548395,0.5993608274996804,0.27972280284993756,0.5588532685530543,0.15914406582415486,0.41199157857231333,0.24636680517402842,0.9460439412533661,1.0068233091797973,-0.9796417814969595,0.4670233149653149
1.447247538848123,0.44946729744965946,-0.3824915675154933,-0.05712234351933583,1.6203164057124768,0.4505605784441351,-0.36624932034382973,0.3478966222824467,0.03717679009905836,-0.3118346356965246,0.3315454456117584,0.9073821407921712,0.3128252078127403,-0.46677522158075346,1.5535947588922938,0.7812856533342746,0.60217062704643,-0.181254530071443,1.3506774737567286,0.2337376571391575,1.071023096287361,0.9828248111486478,0.3278161889129507,0.815245471090092,0.41645423184604374,0.07026283818307336,0.34613713482887204,0.28293231039700606,-0.3944344090228547,0.010075487179662272,1.7574833923644417,0.7639278074827189,0.026173075802719624,0.3313701823363269,0.6199301934458914,1.53644594981328,0.7117971405901605,0.5601178622138795,1.4621295153519014,1.275822252925447,0.9499943292516527,0.37261159053292764,0.00874265330015238,1.501016419634881,2.3206556973749937,-1.7895273555722049,-0.0664610102066025
-0.48110937141126014,-1.0048693999567508,-0.8289603947053874,-0.6436312253121675,-0.5592940612654436,-1.3936563210617756,-1.4982406361975429,-1.114495125176718,-1.5572169341414712,-0.7138785956989964,-1.8007149759678336,1.3117989158127823,-1.1548669055698038,-0.8251813427625894,-0.18267723079242093,-0.9259766510388574,-1.0094857628930816,-1.0121606591685695,-0.003037199419042961,-1.1066739128721967,-1.220769823229933,-0.8401620866551376,-0.9979114450627135,-1.011252557750281,-1.10385377543521,-1.00992558587438,-1.1993194113526233,-1.0541141035990962,-0.7804802027598954,-0.5916145722016225,-0.4004495970427063,-1.1220779269869008,-1.416222451848057,-1.1508948684087923,-1.8800743991858235,-0.19872711262870968,-0.8818877423433099,-0.898965774008585,0.003684971055507855,-1.1538766501551816,-0.8555499515456053,-1.0030626583095905,-1.041396350653391,-0.880740466752455,-1.2750961018960678,-0.28973768187994525,-0.9394353604879219
0.608490671377579,0.507853077272545,0.010676908113809084,1.0414254437503603,1.208912156558602,1.1954380466820742,0.4688106488374509,0.5521980318919782,0.46194081520169233,0.2621039224797364,0.5031943167585947,2.4192827983955745,0.14995317680504647,-0.15839223076794942,0.8603639447978735,0.8796021891084436,0.6914590697023577,0.07764950401367185,0.7961308539820755,0.16820187373142173,1.3480698098394908,0.7422634574159308,0.2972499190039048,0.7172648412696389,0.5303007789234075,0.14955242973065602,0.3610133860254208,0.40174085898337925,-0.13911144701070124,0.7404925063805025,1.0512995123033415,0.6088468674637153,0.5503492150872245,0.2725221177521948,0.6037844649995484,0.8403031078604543,0.8977620924666889,0.7804822057418405,0.8049986769441907,1.1146095927575512,0.7798642620135509,0.6208248484781432,0.7355930002084806,0.9922916477851589,0.8685251630539872,-0.5266964607292028,-0.7454410604254065
-0.010778417689459273,-0.8987134366424142,-0.8976237887746197,1.1182081522500529,0.2119271177102018,-1.2631793717890138,-1.481501393079558,-0.4717922377089435,-1.2854460157833083,-1.4356063326056447,-1.431034166442333,-1.004406250214354,-0.890310826691897,-0.922934101860437,0.37740571418546986,-0.5225535690899601,-0.8813568476818235,-0.9692742918713818,0.04727880662228653,-0.8886991666004243,-0.7365400233422161,-0.256997310144012,-1.0937287311114199,-0.6952151124810998,-1.0150899970187408,-0.9998004944657894,-1.3259534996632478,-0.9566079264739582,-0.9327902910999015,0.6247828795764098,0.3704763964020993,-0.9133636748788332,-1.4775371249913571,-0.6779918214107076,-1.4428480728588617,0.33774722216982933,-0.653642602226674,-1.008997011290697,-0.2180028876438628,-0.8418102180735207,-0.30136664444853534,-1.1130879582256903,-1.0302140376240319,-0.533882667764008,-1.2750961018960678,-0.9304198491404267,-0.7939396354410353
-0.426237426810382,-0.8509432531509629,-0.832722772462605,-0.04555868260070647,-0.4921750758978677,-1.2557031524826574,-0.8341872529602193,-0.7797117103138063,-0.8130017410022323,-0.6418493066478753,-1.0543602547589963,-1.0840640998396258,-0.9017152833704233,-0.8247474370468735,-0.23929479567344428,-0.817843699083036,-0.908292194549696,-0.8497164769303458,-0.4671220636513073,-0.985500980008935,-0.8803616567024485,-0.7705604213864721,-1.036732656591793,-0.9304218905878402,-0.8882150215592608,-0.971327681955471,-0.8104913957028208,-1.004938313023017,-0.7924100024682502,-0.29607290040616735,-0.4229237701599782,-1.1265113941225868,-0.8002886898176346,-0.9279783997641001,-0.9623511942956997,-0.27056312929830967,-0.8617499060831473,-0.9401708875586757,-0.4760312608979189,-0.7507780411421644,-0.8273671726538625,-0.9245413488249983,-0.5623540478421053,-1.0657312928796265,-1.2750961018960678,0.019553747659653994,-0.8424382104566641
-0.06565036229033515,0.2902333524781546,0.5273767867717767,0.5950681322913048,0.09765843187779938,0.5513897404473049,0.6552249471968249,0.8208374544724664,0.2973691485080225,0.2979750823657527,0.9625139812163336,0.28930116711113185,0.27458271835181397,0.5008345244670608,0.0958039151053151,0.6426916014219888,0.8841732917680705,0.32586642084627093,-0.1952015203641211,0.1770765110678857,0.6053907918751589,0.36581074743486564,0.13042214604601587,0.33497872289056085,0.7695611693052485,0.18945673140098507,0.5962441080708537,0.3372414832698044,0.4450700148984412,0.4849670805214639,0.39769282623219093,0.795910249476071,1.0080653939716484,0.9422130927196177,1.1333643580395916,0.05677212191780517,0.5339327800911318,0.6499238789256168,-0.2589529659916195,0.709470716019957,0.2953393014282522,0.6655748348865353,0.788509302936697,0.7379292618602983,1.4908668206201328,-0.2380284983509391,0.4670233149653149
0.6006518221488827,1.5057191324273083,1.8040769723878216,0.5326243633307125,0.7743953091376554,1.7226894096905783,1.3628384062752674,1.093991825331619,1.3758664741131785,1.166057151607347,1.8064542643549473,0.19472412156942193,1.5396579277512021,1.6392171629147292,1.0461171104180287,2.044291305090891,1.948937970440019,1.5566086334745763,0.5391980571752855,0.9771592001706653,1.0657830425227997,1.4568246558608924,0.6871609932237587,1.2024931998296036,2.1801625039483143,1.1378519238553724,1.1978025158313081,1.4664017259150925,1.5493654958385203,0.23426288911259327,0.7832589154918279,1.4269984180321782,1.118474683023395,1.061086183179565,1.42721661576303,1.0772879051209896,2.233443912352333,2.123799094371191,0.579880445189511,1.0677385774631956,1.6068073266639593,2.261657683452521,0.8354350808277565,1.0847870608487453,0.5227797977394633,1.6708719109656953,0.6125190400122015
-2.268366995554103,-1.8063469229799918,-1.8655581731149566,-2.0095308530205513,-2.475790709571022,-2.2170503635326506,-2.052728064480785,-1.9321522584427093,-1.8946213749082956,-1.1621246096346567,-2.3884534255057983,-0.07941610339514338,-1.8552507839827657,-1.7865304491979226,-2.1058912063572612,-1.9922180571444652,-2.1132397281914517,-1.6760719625522082,-1.8670846402523014,-1.94314261505448,-2.3363415847510867,-2.2923537729553907,-1.8087535853842882,-2.185277592077239,-2.006955208240356,-1.613620840535832,-2.150097815952068,-1.8048435940782264,-1.765414565983045,-1.9381853541342615,-2.2086927001480645,-1.701550050554938,-1.6312525817876717,-1.9724138500032766,-1.7118359087749317,-2.0482453397489078,-1.9601940688318387,-2.0025987054308105,-1.9654563618500742,-1.9607316378916484,-2.2433614699280144,-1.963099033390963,-1.7273114445078166,-1.7594468908565206,-1.8282886863993077,-1.0445416720435146,-0.9879339355035507
1.4315698403907304,0.5503154625982795,0.47156818337303996,0.5094970414934554,1.5232434929907763,0.1437014784177064,-0.11135630013815415,0.6086348853752742,-0.26659778834340736,-0.656197770602282,-0.5616644209115946,0.10147914709167856,0.6723728989051979,0.16393772947860002,1.8485707858971,1.3808683434036901,0.9965279154434475,-0.4187843296515273,2.1824974034187092,0.6255870287645809,0.7600193318164971,1.3901458745810353,0.259523036902663,0.9390100850809053,1.0660492357580633,0.18959775141198815,0.23084618805561694,0.47135900160474753,0.30588901830096255,0.21015671686174184,1.1028457809209402,-0.07787153809319654,-0.13568908581683148,0.578532053589681,-0.26808487110296103,1.8548942711321244,1.440530401135567,1.0370708249182328,2.0592288252916955,0.539159564647863,1.5742858131409998,1.0802580422709684,0.3162562616075218,0.9229200879874694,1.4217177475572278,0.07325292957206742,1.1460033651841188
-1.178766952765265,-0.9358680238024322,-0.8866501869827325,-0.19126081017542465,-0.9516535294472511,-0.2857309530831513,-0.4765761499850926,-0.4207733221600442,-1.0699416949310836,-0.5514539837351149,0.09632291848461245,0.7462015420520733,-0.7408919571552782,-1.0559571969929553,-0.6680131019247633,-0.6120350653024549,-0.3844666643015812,-0.7907649591826031,-1.1801105747901477,-0.819272196052854,-0.5933419375984126,-0.7813702285163122,-0.9500407787673633,-0.8127140171721501,-0.5144087119041714,-1.016378487120151,-0.7035683402276243,-0.9118450471362555,-1.0404740916419868,-0.05260056067255454,-0.6435417998433003,-0.5717290377004427,-0.5108662816237367,-0.3595060958813843,-0.4521461753912687,-0.6867676794871269,-0.6152721464307657,-0.447369804258133,-1.245721215182968,-0.39544454158079884,-0.7215658749216904,-0.4925548133626534,-0.7410713721506097,-0.7188734938911795,-0.7219035173928273,-0.2535971191061497,-0.9394353604879219
0.3576474960592861,1.1872512424842987,0.9964198805049792,0.38460950357226914,-0.3414809351965612,0.14423843845204268,1.0508797845310076,0.735053437177856,1.51929751168612,1.0182679728769597,0.8512600832507919,0.2853049539192284,1.001190018109411,0.6182990003646012,-0.5164385187787173,0.4082786216500148,0.9846227897559907,1.0001890449081663,0.2207084444668699,1.0037831121800582,0.264561918522133,0.4173416785204395,1.5248476840121266,0.8387162720518719,1.0100391698162592,1.3598548568993258,1.1959429844317397,1.0897038595597046,0.5328076952932224,0.8947720087859606,-0.536325561118696,0.26783831766568944,1.2771210401074582,0.946920937886349,1.5273201321303547,-0.5016233066273329,0.41890923714819545,0.9932998251763776,0.2036114006852591,0.447623228896534,0.41908062098932786,0.9078214279772974,1.1878776254138004,1.6166356859643634,1.0068233091797973,-0.18532595469776217,0.3700261649340572
0.8279784497810869,-0.10254371178489013,-0.40631995997787496,1.0645527655876172,0.5155342085464537,-0.10894092965693784,-0.7485888506523434,0.14585268681224653,-0.383684349627441,-0.8857731938727866,-0.7682788028476024,0.3146105173265189,-0.11979295421398646,-0.4373316194428479,0.6671806525529125,-0.023975379740342365,-0.10469621064633795,-0.6256317603453602,0.8710695863840545,-0.09803724636250706,-0.22526102835872508,0.3096358353472115,-0.174111245050419,0.019175203395130718,-0.24288165309933474,-0.333310264646879,-0.652431226739487,-0.23717268831117233,-0.34740953715658635,0.33068757811600585,0.6080016021919938,0.3323061057756115,-0.8002886898176346,-0.021718205168465617,-0.8816225520639859,0.6477529600862689,-0.05030058239811834,-0.07229761681499419,0.8532382980344796,-0.36714468906903924,0.2758567872523478,-0.17870824201846297,-0.6721803365233089,0.5991861422649191,1.3525686744943226,-1.549504561757657,-0.35745246030037564
0.780945354408905,-0.42631939989361667,-0.4031846451801933,-1.3406887054870853,0.8899583004730135,0.371410499847457,-0.5773920460365907,-0.4625365937376837,-0.3664466058828471,-1.175612165751798,-0.34710333197804977,-1.1533317951659487,-0.19866808872714672,-0.6927161264074209,0.9614136668952389,-0.1505650137718886,-0.054099426474645634,-0.7938676706430108,1.023623434488087,-0.32570582726334024,0.194901132096477,0.2132575404290561,-0.40209654251653265,-0.06688191684292925,-0.1960036631263017,-0.45594133890618055,-0.1317624348602681,-0.35320613342383406,-0.5686473571448672,-0.9614032545297043,0.3873835725086718,0.059958095317024875,-0.1410487600426441,-0.5207497928419068,-0.2600120068797901,0.9506491540848921,-0.25290583925359544,-0.2670030984253167,1.0038531149941587,-0.08670634545911553,0.08660893309280497,-0.20496156737805288,-0.5383919484934796,0.04421366388340417,1.1451214553056075,-1.446816307324798,1.0005076401372324
-0.2616215930077522,-0.14500609711062498,-0.6696864029831496,0.23196917944637366,-0.02992311055643549,0.7050145486548235,0.11690610601618205,0.134565316115588,-0.39344156306777756,-0.5127131310582168,-0.06896858706419418,0.0082341726139352,-0.20174114591597128,-0.502417476800324,-0.48448897429205,0.0007136180349821288,0.6244927377104119,-0.30157078559168843,-0.39218333124932675,-0.4052362310862706,-0.15877432467934469,-0.2012020748815282,-0.21113855582792937,-0.23773340513272218,0.18936994275589955,-0.389649212857292,-0.03878586488183617,-0.21080257377323156,-0.6219842923488893,-0.1514358669010502,-0.5981810834598137,0.8012500741551731,-0.03921494975219809,0.11951714983345173,-0.4779793409054166,-0.4112728526717535,-0.023445720762552275,0.5918141034062575,-0.3902719345151824,-0.380339470685517,-0.24296773222141746,0.22702496808429207,-0.44254355109897475,0.3910714628718512,1.4908668206201328,-1.1637681936187958,-0.1634581602378602
-0.2694604422364484,0.2849255543124381,0.24783211941046407,1.0483636403015375,-0.509001047436296,-0.6360350013422534,-0.03736123680979024,1.4606056255591098,0.6611831136533568,-0.2997819259748247,0.24572101003834024,-0.46651595458417244,0.1957075838386537,0.11000944766812028,-0.9726482935418175,0.054064819739240676,0.5844617525863375,0.3155240493115789,-0.7600254520110462,0.25169173113523563,-0.18348333805804307,-0.10242491274979791,0.5643862259088561,0.10461212233813617,0.15211107280330702,0.28477906245729173,0.09398467704736435,0.15064988157119036,0.2672591906739078,0.6127297934509823,-0.41756295822374867,-0.5718657824170923,0.23691546636168423,1.0589676528545362,0.5030351194943703,-1.029062596030313,-0.022642060893392636,0.5878898068776769,-0.8635562169899038,-0.2682429080571682,-0.15438763968747818,0.12296633302264427,0.39792708355408923,0.4141953161377472,0.246183505487843,-0.0243086258992991,-0.5514467603628911
0.16951511457056528,0.8847067470384394,0.9145881642854836,1.5710411138235398,-0.21667290455437505,0.42424411292292086,0.9995207431462827,1.6583603601645782,0.6375706571277433,2.5148127633215593,1.2104512395395424,-0.1476181418702926,0.6546174573697685,1.301080637309936,-0.7475154568101893,0.5462455111858969,0.8871495731899351,1.0715514084975384,-0.26853442278605916,0.6921468087880627,0.5116144891996944,0.5780924533424202,1.2848397536538823,0.7692872514001302,0.5339536093109166,1.1498647934524988,0.8640166296087372,0.9760031553484764,1.1201451888712417,1.5311749562084747,-0.5218926059057684,0.5172053048756963,0.8762174080166498,1.5342246224359866,0.7910749149771251,-0.8156281629975441,0.37990017847986857,0.7314284991345885,-0.10994613640161673,0.3666821058461972,0.27635068874276697,0.3165249409010763,0.7465756290766009,0.7841769683920911,0.3153325785507481,0.6698664861136289,1.436994815277892
1.5491525788211806,0.4972374809411112,0.26745919004395163,-0.09412605845894585,1.2449678098552337,1.0579600063757617,0.050329570887833686,0.4178783206017342,-0.3053014016567407,-0.5959342219937744,0.17578998845999977,0.9833101914383323,0.5890589040081803,-0.3325743823627186,1.8463417479096582,1.195221655033548,0.861107110748622,-0.4012022980425518,2.2151492796795726,0.55868591653585,0.7424773597157798,1.2820164250326176,0.31184097804173555,0.9632500846458614,1.0209976609787856,0.19489072672189245,0.1890067315653223,0.5224725534968533,-0.2587250472611412,0.1812293101607174,1.5378962880534723,0.9451710631252596,0.15587719206739267,0.36667902108680583,0.5521181339712515,1.8689652434694686,1.256163059762256,0.8423653433079112,2.1524920927329205,1.2153035008247943,1.4445796832725577,1.08383804118364,0.647731969263517,1.1772824739123309,1.8366121859346582,-0.3560650325545343,1.0490062151528612
1.0709827758706836,0.6299324350840318,0.38691468383562977,0.6020063288424822,1.3383427068542035,0.35940754473648256,0.15494984037523798,0.43932432492538637,0.273301355355193,-0.010516892653988395,-0.641131490886982,-1.3771197339125327,0.597253723178379,0.4521750977759954,1.157569009790122,0.8479790721010514,0.5203228879451615,-0.015431839798553537,1.0423581175885819,0.5607339097673418,0.6587867519204922,1.022941903791612,0.48618414579171243,0.8175586542986722,0.6277095892569818,0.3817665926950766,0.40750167101463675,0.5145446152158953,0.4668466334136928,0.23426288911259327,1.3502678702854125,0.42548463377391194,0.08941723166731183,0.43729669858776365,-0.25193914265661804,1.1957803037512595,0.888450053345729,0.6295477238733741,0.8746781296301638,0.7406261555979691,1.05302977863748,0.6625915024593085,0.3162562616075218,0.1829567834787825,1.1451214553056075,0.7313376637592945,0.07903471484028407
-2.738697949275904,-1.8700405009685939,-1.9159740350616807,-2.4623638145940383,-2.9837131690881873,-1.9976680193222256,-1.4076965484229895,-2.002133956761996,-1.6970052786966876,0.2090146058484316,-1.5025545294201808,-0.8269743844938479,-2.2453241764842127,-1.8224206505407596,-2.046301590826315,-1.8723090274125533,-1.6211115950861923,-1.5136967294575496,-2.5686182308668393,-2.181870359405369,-2.255659782020612,-2.310110724638342,-2.2427286585107877,-2.3251558924480826,-1.8215131855678148,-1.785120000814367,-1.747695221085415,-1.8743251010173636,-1.9468863869434754,-2.2848321111015237,-1.195086874051606,-1.2859376517905103,-1.5281324496830306,-1.9389881493194898,-1.2771928989993842,-2.0486896862437716,-1.8800456570479391,-1.70842740026917,-2.4479597719109396,-1.5412439284887314,-2.330924885240138,-1.9042677179260632,-1.7474795447929101,-1.967561570249589,-1.8282886863993077,-0.8786354970547395,-1.1334296605504373
0.2870978530010155,0.06199803135233121,-0.12401621559460248,0.6380849509086024,0.43880038229977614,-0.28815432422801535,0.31435308733968303,0.152173614402377,0.12804897127338852,0.7671698536748456,0.5187698624737705,0.5906156417806385,0.0912919295783752,-0.07167307415546428,0.2614957388384928,0.3522535882367796,0.36064538966214243,-0.0764518318532336,0.4315003931804395,0.11939136838086796,0.3007464618296738,0.11268083565902083,0.22006121791856595,0.2019468488278835,0.38126529911304,0.06440883583970333,0.25929701846901687,0.10752210537102055,0.07032281453597962,0.9560016863031262,-0.06416174058149295,-0.6533509419593783,-0.09838575320517282,0.45942357087139757,-0.32265743325159973,0.31064208598315657,0.5417513623217917,0.6130958653497111,0.4490974724558397,-0.14804041690144276,0.31556950647580556,0.6339515111579382,-0.007232079598932124,0.46044302266953996,-0.3070090790153976,-0.08521707460599182,-0.7454410604254065
-2.856280687706354,-1.9602730697857798,-1.886188544483703,-2.288908900814613,-2.5260837234001694,-1.925709950882417,-1.6235947409106324,-1.9987477455529983,-1.9448385000812256,-2.0336503102253087,-2.1986860624045743,-1.8966274488599568,-2.0182593953099635,-1.7979359708681855,-2.394031516867246,-2.083651706669428,-1.8681429531009275,-1.6116045133192973,-2.5761121041070365,-2.1221372234868596,-2.407865501404142,-2.518485838419147,-2.3337378907902466,-2.562519779083146,-2.04494464427045,-1.854937990591978,-1.8704242934569453,-2.0072029118966617,-1.928581403263988,-2.971858020250829,-1.3404473515532338,-1.853405623455601,-1.6578365659477037,-2.1755573689477004,-1.9310949010762661,-2.4552667290438785,-2.1801095678883318,-2.1099131220392904,-2.5503349677803295,-2.244939356429026,-2.6260044310697253,-2.0761076657342885,-1.9102221362023293,-2.4300386355675183,-2.588928490091263,0.010098117173277603,-1.1334296605504373
1.6510576187942383,0.7785507837241029,0.16117201840253773,0.3244784667954004,2.040965694173181,1.2193571754843315,0.1929935747342939,0.48447380771202214,0.06514746862802152,0.23340699457092295,0.40783383278812974,2.7256591431081603,0.5494506113522212,0.2755134849485592,2.0714745846412863,1.2532717162607345,0.6319334412650721,-0.04990641158085902,1.700748409405979,0.4378543158778366,1.2922885923457728,1.4964396965036308,0.6143056367951357,1.2367998300244925,0.773822804757342,0.38759275448988295,0.5562641829801286,0.6770771022368249,0.2490804482611762,-0.2478605559044628,2.6079968245548204,1.303702148722117,0.035820489409182504,0.13128676275027748,0.28086989607269297,2.047444418906312,1.1343584987580135,0.5616272070325639,1.7483512671542794,1.7103441358895868,1.479532711825272,0.787891464402807,1.0650718662520906,1.1079109141146413,-0.37615815207830267,-0.12698370693542438,-0.7939396354410353
1.3845367450185508,-0.07069692279058948,-0.2504948145330876,-0.15656982741953984,1.15991344823241,-0.06732381507650131,-0.2121721961896529,-0.3146720376114481,-0.5007709109114746,0.07126935188612782,0.18055801265852206,0.7994843846107825,-0.07779450596671969,-0.2789560332063218,1.3797297958718282,0.25786785890626673,-0.14710822090790457,-0.5294477050727282,1.3185608741558803,-0.0826772971263183,0.7191882318732848,0.6823231553265913,-0.07625121073641632,0.4080656274566775,0.008554838574203243,-0.2432773470548375,-0.08713368127062106,-0.12354272050186055,-0.16088806552595283,0.3499725159166877,0.9719182586322401,0.11705183982247241,-0.22037193858467571,-0.35244432813128823,0.037069396532917444,1.3550044644106807,0.1527437966813088,-0.3560544427277113,1.3399224752565035,0.6969061329284448,0.5599945154480424,-0.0319282865989372,-0.2877883261390968,0.48356687593543674,0.17703443242493794,-0.955615604727249,-0.7939396354410353
0.1538374161131706,-0.6014767393622722,-0.46745859853267135,0.05620153348322275,0.25667310795525194,-0.360872814857864,-0.7238604233189572,-0.6081436757245863,-0.44678099654161474,-0.4883207423357254,-0.19770524042432086,-0.76037083129546,-0.5001691440306989,-0.4450799357949284,0.43684672718392037,-0.32308325028386353,-0.4819398808676367,-0.5611643111124488,0.41608442537203155,-0.3325324713683134,-0.12299546295357616,-0.009630013983247213,-0.6150810320266291,-0.30973076688320206,-0.48823009412702384,-0.5412838873178121,-0.7370399054198596,-0.5119661857160908,-0.45218978856330416,-0.11527660852477135,0.15233258761242205,-0.4894844364260177,-0.7541954914756434,-0.7737964705536737,-0.3488135133346749,0.4166927827572457,-0.3969930948178992,-0.4986875280934121,0.48500919037860946,-0.2194419097801048,-0.1845809775694494,-0.5277581360039212,-0.712117168771019,-0.9269881732842478,-0.44530722514120774,0.05561118861260651,-0.6969424854097775
-0.018617266918155507,-0.474089583385068,-0.36744205648662076,-0.07099873662168876,0.23078699789613163,-0.07788402908511693,-0.38907556095926354,-0.5246171325693089,-0.43799950444531277,-0.6389796138569945,0.1281097464747667,-0.06769387803222604,-0.5029007504207645,-0.2969321271431489,0.7503980707507423,-0.06687416961363798,-0.23639666356383335,-0.09748132064044042,0.07886012956312125,-0.4895452857826812,0.1349316279020533,-0.05018640212640716,-0.7915778800660948,-0.2671920354146201,-0.19843888338464144,-0.5642817796277411,-0.7230934199230951,-0.4259109317597071,-0.4787004545818715,0.37889992261771044,0.07501318468602415,-0.018749225270503232,-0.21179645982337444,-0.4772022250496485,0.16139150556975615,0.7388439915332868,-0.08213804695670113,-0.2934166327522979,0.1301799774700417,0.21862483988696965,0.02328316353664838,-0.2604515505244595,-0.28279622210813327,-0.6495019340934903,-1.3442451749589723,0.3828414279307639,-0.8424382104566641
0.6398460682923661,1.3252539947929358,1.427839196666001,0.27822382312088784,0.7004349946830266,1.4878371926525342,1.7622976170453564,0.8230949286117978,1.4376621592353078,0.04687696316363852,0.9164230806306091,2.2993964026384757,1.116258937290948,1.0844377121057653,1.0461171104180287,1.5082662219062348,1.3239188718485184,1.4669747468405823,0.6944282885793878,1.188785167424814,1.2458981522079005,1.1837554351136201,1.2549130918122484,1.2240046861895912,1.589621591301022,1.1901710748449144,1.644090051727781,1.302818595277464,1.3915639123946677,-0.4648161061621377,0.6286201096390321,1.302346002771869,1.8259516808307013,0.7197674085915984,1.0235734046044607,1.0254474807202483,1.2076632237813099,1.0521642731050795,0.7567590558539018,0.940714187274712,1.0718740201180732,1.3248913013035115,1.5343296451626873,0.9229200879874694,0.5919288708023683,1.3454405144560697,0.9520090651216034
0.1381597176557781,0.12038381117521638,0.4057265726217215,0.7407702598660231,0.2844082258757376,0.4273140056444804,0.16446077396500214,0.4506116956220449,-0.04543428369578748,0.0038315713004173145,-0.33915662498051036,1.8464922408894393,0.013372857301738756,0.3870892404185193,0.43684672718392037,0.45525175865170786,0.49800077728117953,0.15694101911297387,0.019979696961565627,0.12041536499661387,0.26906949165293864,0.4256569147741631,0.21225200317051082,0.36201800938184237,0.2685146011519281,0.05340440470270586,0.5004782409930687,0.180952263898898,0.3942579050295203,0.3547937503668573,0.3915072739980789,0.4069506391205208,0.31452354915145514,0.43729669858776365,-0.13891904353221932,0.4996374617984337,0.42351009060013967,0.5314403106588712,-0.11155412377129308,0.3597499220715699,0.4941612460174525,0.3105582760466244,0.3262404696694488,0.11358522368109292,-0.09956185982668238,0.6695412975493021,1.9219805654341806
0.04409352691141883,-0.7978652714937946,-1.1054951598609255,-1.3175613836498283,-0.270294132533981,-1.409252026947947,-0.8151653857806911,-1.1747696846968778,-0.7642156738005516,-0.914470121781599,-1.4675890186310105,-0.7643670444873635,-0.8265961076436045,-0.9673164579251546,-0.046111503428483254,-0.957873157842724,-0.8338851590030888,-1.1220655940105593,-0.09778116824154713,-0.927474505116668,-0.8418594695434853,-0.8528498820483189,-0.6728556294908093,-0.7898615550390722,-0.857774768330019,-0.8475026624999165,-0.9964445356596846,-0.9397151894913054,-0.9691477759253647,-1.5978062019522183,0.07192040856896811,-0.9695940064626226,-0.8431660836241379,-1.0574441418491909,-1.2529743063298704,-0.01876678220898943,-0.9190123267440303,-0.8118765779704802,-0.10083420797345177,-0.7533382226498396,-0.7419602072337526,-0.8171413814448574,-0.811959249390295,-0.2795202818391469,-0.09956185982668238,-1.9008230947184077,-0.40595103531600446
-0.48110937141126014,-0.5537065558708204,-0.7549669654800956,0.3013511449581449,-0.02992311055643549,0.17116779774982283,-0.02956227126618368,-0.1622925332065481,-0.17227805842015767,0.8862621044964194,0.6589497739103546,0.971321551862624,-0.5380701826928663,-0.38836226009769864,-0.07880406057763041,-0.2849676776897582,-0.20068128650146164,-0.37810433494840656,-0.2824516159464265,-0.480329316240968,0.2125933566348885,-0.2855075881067782,-0.3330238681740871,-0.2363980167586869,-0.29706530384738516,-0.5865262325489841,-0.0397156305816203,-0.4842440176724031,-0.6213530860151145,0.11132141063324445,-0.1507594718590575,-0.057331577555063254,-0.09066782232000266,-0.27476488288023426,0.0548296978238944,-0.11356070111320403,-0.3103734778382342,-0.17191437484818253,-0.2739608481085982,-0.03195784860268348,-0.2551708982769958,-0.2592582175535685,-0.1270425763420627,-0.5570065210299043,-0.8602016635186375,0.2033678998356591,-0.9394353604879219
1.172887815843739,-0.09723591361917361,-0.1493495591598715,-0.33973821637061374,1.335754095848291,0.0040864456515098775,-0.32249902583091516,-0.1914139496039299,-0.47071869351524004,-0.3436882256753083,0.34267083540831267,-1.796722119062375,-0.3746518304071586,-0.29711808673559886,1.559241655127146,0.11761094336922097,-0.4618499812700531,-0.28557458428469873,1.333441565304273,-0.25791725130096343,0.5421345156061895,0.5441066707522019,0.10567231199999558,0.36008551429551194,-0.372070087804237,-0.1099813800458567,0.09212514564779609,-0.07283023360620797,-0.15217741811985183,-0.03524411665193986,1.3834636672751464,-0.5224195709494195,-0.4300423942984772,-0.27735419772193504,-0.44504205487487725,1.5149692025615444,0.13443924054003165,-0.4805753902691965,1.3117290967081787,0.25805557384594346,0.462548511236862,-0.28228954389175487,-0.038183124590907155,-0.11765330897787137,-1.0676488827073527,-0.29380674411595936,-0.7454410604254065
1.2434374589020096,-0.20339187693351016,-0.6016500718734541,0.5118097736771806,0.32601090275646677,-0.23530552440410554,-0.6934254358317122,0.3095195619138051,-0.5882605914264888,-0.9847775951581913,0.17896867125901464,0.11613192879532382,-0.12696342098791039,-0.49621882371865905,1.0401730091181849,0.21911849898107735,-0.15082857268523472,-0.49600737044389187,0.8667873731039423,-0.17551965695394456,0.1444726576955913,0.6511253302501213,0.07750457234374442,0.3556800363876401,-0.1698250453491542,-0.28175145866511825,-0.7667924078129579,-0.15931271462534236,-0.4985834540957968,0.23185227188750848,0.3915072739980789,0.6128305461925694,-0.33828477155256037,0.3466706791282007,0.48753522018588064,1.0587734678350103,-0.0037293535716084797,-0.525855734829736,0.9459655696858117,0.5645053615738439,0.4262839842649752,-0.34995152334124374,-0.4415451302927822,0.4141953161377472,0.8685251630539872,-1.759159615697639,0.3700261649340572
0.389002892974071,0.5450076644325629,0.132954185223401,1.133934731099387,0.6911899553761984,0.6375962332325857,0.43076691447839427,0.65378436816191,0.16922441199160773,0.4629824178414265,0.3760470047979755,-0.08501080186380816,0.23873038448219627,0.10195119866195594,-0.03868137680367747,0.5767313443065006,0.7361032910303226,-0.11540809796723962,0.23409036096722352,0.23988163683363303,0.6781317532735317,0.3974949353865525,0.41682664598174773,0.48415855271413644,0.6398856905486778,0.20641111664141673,0.630645438962874,0.3662348260655775,0.17964775154588059,0.5235369561228276,0.6595478708095924,0.9423457590622425,0.5396298666355984,0.6138408923401599,0.47461863742880667,-0.011361007294598092,0.6506620591100156,0.9238699635168829,0.059964528994177015,0.7124641590135461,0.40715859885906613,0.7699914698394503,0.485987798660291,0.9460439412533661,1.1451214553056075,-0.514147765104532,-0.6484439103941487
0.11464316996968718,1.6490296829016629,2.0016018046417767,-0.5081051193458417,-0.4551949186705539,1.3708449912319665,2.6943691088422295,1.5341992825013278,1.6458160459624793,1.323890255105818,1.1389308765616932,0.48777975564232695,1.7172123431055017,1.7755875307113465,-0.01639099692925799,1.2028116447789672,1.8968530455573935,1.901354351297631,0.4428482583727388,1.7895298486623958,0.5990614079373199,0.8354568599576613,1.4256584641830337,1.0884357604628807,1.5348291354883883,1.6369391885710332,2.5552604375164147,1.634626932928482,1.994365961150184,-0.4166037616604314,-0.3713775015423796,2.057888815303875,2.822851086831908,1.6613364419377117,1.0881563183898315,0.04047941710614338,1.3683951976132451,2.0558785775303807,0.3708420871315933,0.9113705684559777,0.8696023635804093,1.5814578900449605,2.522766243293517,0.7148054085944014,0.9376742361168923,1.6925188283936214,1.7764848403872942
1.447247538848123,1.3730241782843877,1.2585321975911814,0.6945156161915088,0.7374151519103417,0.41397136236703014,0.2595701098626423,0.9698307476683685,1.3758664741131785,0.5634216655222726,0.2488996928373551,0.5677040194803935,1.102600905340617,1.0534444466974433,1.6108067339033,1.4769301862683237,1.0039686189981079,1.187730715403908,1.3474658137966438,1.2263317100021627,0.5485390257628754,1.565001172784332,1.5710193913784143,1.5019591644895531,1.2121624512584244,1.4090464893458665,0.24944150205130225,1.4184960178378332,1.1233012205401185,0.3065814058651527,1.2574845867737359,0.899231619060603,0.5503492150872245,1.0846254090132166,0.7975332063556622,1.5882863742140216,1.4859431416828106,1.014430652637963,1.249875182554631,1.0074758435133107,1.6121262657915463,1.1816913447966582,0.6856719598988427,0.9460439412533661,0.8685251630539872,1.1701053451806986,0.758014765059088
0.14599856688447435,0.5715466552611471,0.5813042012919043,1.0645527655876172,-0.31651932906812424,-0.5239730693278645,0.49734344960674265,1.2633023857815067,0.5399985227243818,1.123011759744128,0.10585896688165816,0.2746483854074866,0.27970448033318823,0.48006903664348544,-0.5736504937897237,0.2422594656794338,0.3789495204066085,0.6637172243128651,-0.17807266724366885,0.4310276717728635,-0.2494892339368045,0.22295341968339738,1.0846674132441276,0.4453261292850678,0.18328189211005066,0.6988762560981021,0.5190735549887553,0.4918699575574827,0.41950615838053706,0.9574480566381774,-0.8559124265478067,-0.7418744989834524,0.1751720192803192,1.3553265061002255,-0.3649592417810179,-0.648257649932289,0.19130490654831958,0.4106927251640975,-0.3902719345151824,-0.2885668104873259,0.16385512619430315,0.08979167643188975,0.25635101323595616,0.5529384357331263,0.10788535936203285,0.48730641263648206,1.5824905403247786
